CGPA,Internships,Projects,Workshops/Certifications,AptitudeTestScore,SoftSkillsRating,ExtracurricularActivities,PlacementTraining,SSC_Marks,HSC_Marks,PlacementStatus,AcademicAverage,SoftSkillsPercentage,SkillScore,ExperienceScore
7.5,1,1,1,65,4.4,No,No,61,79,NotPlaced,70.0,88.00000000000001,76.5,3
8.9,0,3,2,90,4.0,Yes,Yes,78,82,Placed,80.0,80.0,85.0,5
7.3,1,2,2,82,4.8,Yes,No,79,80,NotPlaced,79.5,96.0,89.0,5
7.5,1,1,2,85,4.4,Yes,Yes,81,80,Placed,80.5,88.00000000000001,86.5,4
8.3,1,2,2,86,4.5,Yes,Yes,74,88,Placed,81.0,90.0,88.0,5
7.0,0,2,2,71,4.2,Yes,No,55,66,NotPlaced,60.5,84.00000000000001,77.5,4
7.7,1,1,1,76,4.0,No,No,62,65,NotPlaced,63.5,80.0,78.0,3
7.7,2,1,0,85,3.5,Yes,Yes,59,72,NotPlaced,65.5,70.0,77.5,3
6.5,1,1,0,84,3.9,No,Yes,75,71,NotPlaced,73.0,78.0,81.0,2
7.8,1,3,2,79,4.4,Yes,Yes,85,86,Placed,85.5,88.00000000000001,83.5,6
8.3,2,3,2,90,4.8,Yes,Yes,82,88,Placed,85.0,96.0,93.0,7
7.9,1,3,2,90,4.8,Yes,Yes,71,87,Placed,79.0,96.0,93.0,6
8.3,2,3,2,90,4.5,Yes,Yes,84,83,Placed,83.5,90.0,90.0,7
7.7,1,1,1,74,4.6,No,Yes,63,73,NotPlaced,68.0,92.0,83.0,3
7.5,1,1,1,66,4.1,No,No,61,66,NotPlaced,63.5,82.0,74.0,3
7.4,0,2,1,78,4.4,No,No,63,66,NotPlaced,64.5,88.00000000000001,83.0,3
8.6,0,3,0,84,4.8,Yes,Yes,62,78,Placed,70.0,96.0,90.0,3
8.2,2,3,2,90,4.7,Yes,Yes,84,86,Placed,85.0,94.0,92.0,7
6.8,2,3,0,73,4.4,Yes,Yes,72,82,Placed,77.0,88.00000000000001,80.5,5
7.4,1,2,0,70,4.4,No,Yes,58,63,NotPlaced,60.5,88.00000000000001,79.0,3
7.6,2,1,0,84,4.4,No,Yes,77,75,Placed,76.0,88.00000000000001,86.0,3
7.4,1,2,1,72,3.5,No,Yes,82,69,Placed,75.5,70.0,71.0,4
7.7,0,1,0,77,3.4,No,Yes,55,72,Placed,63.5,68.0,72.5,1
7.4,1,1,0,60,3.8,No,No,55,71,NotPlaced,63.0,76.0,68.0,2
7.4,1,2,1,90,4.3,No,Yes,56,69,NotPlaced,62.5,86.0,88.0,4
6.7,1,1,1,70,4.0,No,No,68,57,NotPlaced,62.5,80.0,75.0,3
7.4,2,3,2,78,4.3,Yes,Yes,76,82,NotPlaced,79.0,86.0,82.0,7
8.3,1,1,1,81,4.5,Yes,Yes,64,65,NotPlaced,64.5,90.0,85.5,3
7.5,1,2,1,84,4.4,No,No,66,73,NotPlaced,69.5,88.00000000000001,86.0,4
7.0,0,1,1,63,3.9,No,Yes,60,61,NotPlaced,60.5,78.0,70.5,2
8.4,2,3,2,90,4.6,Yes,Yes,55,80,Placed,67.5,92.0,91.0,7
7.4,1,2,1,76,4.7,No,Yes,66,69,NotPlaced,67.5,94.0,85.0,4
8.5,1,3,0,90,4.8,Yes,Yes,85,85,Placed,85.0,96.0,93.0,4
8.6,1,2,2,75,4.3,Yes,Yes,62,80,Placed,71.0,86.0,80.5,5
6.9,0,1,0,70,3.9,No,Yes,79,68,Placed,73.5,78.0,74.0,1
7.8,1,1,1,67,4.3,No,No,65,73,NotPlaced,69.0,86.0,76.5,3
8.3,1,2,2,89,4.8,Yes,Yes,75,81,Placed,78.0,96.0,92.5,5
8.2,1,2,2,77,4.2,No,Yes,72,72,Placed,72.0,84.00000000000001,80.5,5
8.5,2,3,3,90,4.7,Yes,Yes,79,86,Placed,82.5,94.0,92.0,8
6.7,0,3,2,88,4.2,Yes,Yes,72,86,Placed,79.0,84.00000000000001,86.0,5
8.6,2,3,1,90,4.8,Yes,Yes,63,84,Placed,73.5,96.0,93.0,6
8.3,2,3,2,85,4.8,Yes,Yes,77,83,Placed,80.0,96.0,90.5,7
6.7,0,1,1,72,4.4,No,No,55,60,NotPlaced,57.5,88.00000000000001,80.0,2
8.6,2,3,2,88,4.7,Yes,Yes,80,87,Placed,83.5,94.0,91.0,7
7.4,1,3,0,86,4.8,No,Yes,70,73,NotPlaced,71.5,96.0,91.0,4
6.7,1,1,2,73,4.5,No,No,55,66,Placed,60.5,90.0,81.5,4
6.9,1,1,1,76,4.4,No,No,55,65,NotPlaced,60.0,88.00000000000001,82.0,3
7.0,1,1,0,62,4.3,No,Yes,59,67,NotPlaced,63.0,86.0,74.0,2
8.1,1,3,2,90,4.6,Yes,Yes,77,87,Placed,82.0,92.0,91.0,6
7.7,1,2,0,74,3.8,Yes,No,55,66,NotPlaced,60.5,76.0,75.0,3
6.5,0,2,1,77,4.8,No,Yes,56,65,NotPlaced,60.5,96.0,86.5,3
8.2,1,3,0,65,4.1,Yes,No,66,65,NotPlaced,65.5,82.0,73.5,4
8.1,2,3,2,90,4.7,Yes,Yes,82,82,Placed,82.0,94.0,92.0,7
6.5,1,2,1,80,4.5,Yes,Yes,72,67,NotPlaced,69.5,90.0,85.0,4
6.5,0,2,1,72,4.5,No,No,57,69,NotPlaced,63.0,90.0,81.0,3
8.8,2,3,2,90,4.8,Yes,Yes,86,88,Placed,87.0,96.0,93.0,7
8.0,1,1,0,74,4.5,Yes,Yes,55,65,NotPlaced,60.0,90.0,82.0,2
8.4,2,2,2,81,4.6,Yes,Yes,77,82,Placed,79.5,92.0,86.5,6
8.0,1,1,0,86,4.2,No,No,55,83,NotPlaced,69.0,84.00000000000001,85.0,2
6.6,0,1,0,76,3.9,No,Yes,78,69,Placed,73.5,78.0,77.0,1
7.7,2,2,0,86,4.0,Yes,Yes,79,64,NotPlaced,71.5,80.0,83.0,4
8.2,1,2,1,86,4.3,Yes,Yes,86,63,Placed,74.5,86.0,86.0,4
7.2,1,2,0,74,4.1,No,No,70,65,NotPlaced,67.5,82.0,78.0,3
6.6,1,2,1,72,4.1,No,No,55,75,NotPlaced,65.0,82.0,77.0,4
7.6,1,2,0,77,4.6,Yes,No,84,67,NotPlaced,75.5,92.0,84.5,3
8.0,0,3,0,68,4.2,Yes,No,64,83,Placed,73.5,84.00000000000001,76.0,3
7.8,2,3,2,87,4.8,Yes,No,90,83,NotPlaced,86.5,96.0,91.5,7
7.2,1,1,0,82,4.6,Yes,Yes,57,64,NotPlaced,60.5,92.0,87.0,2
7.7,1,1,0,74,4.1,No,Yes,57,68,Placed,62.5,82.0,78.0,2
8.4,1,1,2,67,3.8,Yes,Yes,76,69,NotPlaced,72.5,76.0,71.5,4
7.5,1,1,1,69,4.3,No,Yes,71,76,NotPlaced,73.5,86.0,77.5,3
6.7,0,2,1,79,4.1,No,No,78,67,NotPlaced,72.5,82.0,80.5,3
8.1,2,3,2,90,4.8,Yes,Yes,80,86,Placed,83.0,96.0,93.0,7
7.5,1,2,0,73,4.4,No,No,66,84,NotPlaced,75.0,88.00000000000001,80.5,3
7.4,2,1,0,75,4.2,No,Yes,65,84,NotPlaced,74.5,84.00000000000001,79.5,3
6.5,1,1,0,63,4.5,No,Yes,57,68,NotPlaced,62.5,90.0,76.5,2
8.1,1,3,1,90,4.6,Yes,Yes,73,86,Placed,79.5,92.0,91.0,5
6.9,1,1,0,83,3.5,No,Yes,61,71,NotPlaced,66.0,70.0,76.5,2
8.2,1,3,0,83,4.8,Yes,Yes,71,84,Placed,77.5,96.0,89.5,4
7.6,1,2,1,72,3.9,No,Yes,58,66,NotPlaced,62.0,78.0,75.0,4
6.6,1,1,1,69,3.6,No,Yes,55,72,NotPlaced,63.5,72.0,70.5,3
6.7,1,2,1,74,4.8,Yes,Yes,72,64,Placed,68.0,96.0,85.0,4
8.2,2,3,2,76,4.5,Yes,Yes,73,82,NotPlaced,77.5,90.0,83.0,7
8.3,2,3,1,90,4.2,Yes,Yes,82,83,Placed,82.5,84.00000000000001,87.0,6
7.6,0,2,0,86,4.8,Yes,Yes,57,72,Placed,64.5,96.0,91.0,2
6.7,1,3,0,87,4.6,Yes,No,81,69,NotPlaced,75.0,92.0,89.5,4
8.1,0,2,1,84,3.8,No,No,71,68,NotPlaced,69.5,76.0,80.0,3
8.5,1,2,2,79,3.9,Yes,Yes,76,66,Placed,71.0,78.0,78.5,5
8.8,1,3,0,76,4.7,Yes,Yes,75,84,Placed,79.5,94.0,85.0,4
7.2,1,2,0,68,4.2,Yes,Yes,57,66,NotPlaced,61.5,84.00000000000001,76.0,3
7.6,1,1,0,80,4.5,Yes,Yes,66,67,NotPlaced,66.5,90.0,85.0,2
7.1,1,1,0,70,3.3,No,No,55,66,NotPlaced,60.5,65.99999999999999,68.0,2
8.1,1,3,2,89,4.6,Yes,Yes,86,80,Placed,83.0,92.0,90.5,6
7.4,1,3,0,83,4.2,No,Yes,65,82,NotPlaced,73.5,84.00000000000001,83.5,4
7.7,2,2,2,85,4.8,Yes,Yes,74,83,NotPlaced,78.5,96.0,90.5,6
7.5,0,1,1,75,3.3,No,Yes,61,73,NotPlaced,67.0,65.99999999999999,70.5,2
7.5,1,1,0,64,4.0,No,No,73,66,NotPlaced,69.5,80.0,72.0,2
7.8,2,2,2,90,4.8,Yes,No,81,82,Placed,81.5,96.0,93.0,6
7.7,1,3,1,89,4.6,No,Yes,61,84,Placed,72.5,92.0,90.5,5
7.9,0,1,2,83,4.8,Yes,No,58,81,NotPlaced,69.5,96.0,89.5,3
7.4,1,2,1,63,3.9,No,No,55,67,NotPlaced,61.0,78.0,70.5,4
7.3,1,1,0,80,4.7,No,Yes,64,65,NotPlaced,64.5,94.0,87.0,2
6.5,1,1,1,62,3.8,No,Yes,58,65,NotPlaced,61.5,76.0,69.0,3
7.5,2,1,1,76,4.2,Yes,Yes,57,80,NotPlaced,68.5,84.00000000000001,80.0,4
6.5,1,1,0,68,4.1,No,No,61,66,NotPlaced,63.5,82.0,75.0,2
8.5,2,3,2,90,4.8,Yes,Yes,72,87,Placed,79.5,96.0,93.0,7
6.7,0,1,1,74,3.9,No,No,55,70,NotPlaced,62.5,78.0,76.0,2
6.5,0,1,0,82,4.4,No,No,65,69,NotPlaced,67.0,88.00000000000001,85.0,1
8.1,1,3,2,90,4.8,Yes,Yes,79,84,Placed,81.5,96.0,93.0,6
8.7,2,3,2,90,4.8,Yes,Yes,79,85,Placed,82.0,96.0,93.0,7
8.0,1,1,3,84,4.0,No,Yes,57,61,NotPlaced,59.0,80.0,82.0,5
7.3,1,3,1,81,4.2,Yes,Yes,69,65,NotPlaced,67.0,84.00000000000001,82.5,5
7.4,1,1,1,81,4.1,Yes,No,55,62,NotPlaced,58.5,82.0,81.5,3
8.6,2,3,0,81,4.7,Yes,No,71,83,Placed,77.0,94.0,87.5,5
6.7,2,1,2,76,4.8,Yes,No,55,78,NotPlaced,66.5,96.0,86.0,5
7.6,1,1,1,67,3.5,No,No,55,67,NotPlaced,61.0,70.0,68.5,3
8.8,1,3,2,90,4.6,Yes,Yes,83,83,Placed,83.0,92.0,91.0,6
6.5,1,2,0,65,4.4,No,Yes,61,68,NotPlaced,64.5,88.00000000000001,76.5,3
6.5,1,2,1,78,4.2,No,No,62,62,NotPlaced,62.0,84.00000000000001,81.0,4
7.4,1,2,1,75,4.2,No,Yes,55,74,NotPlaced,64.5,84.00000000000001,79.5,4
8.7,2,3,2,81,4.7,Yes,Yes,85,79,Placed,82.0,94.0,87.5,7
8.0,1,1,1,68,4.2,No,Yes,59,66,NotPlaced,62.5,84.00000000000001,76.0,3
7.7,1,3,2,90,4.8,Yes,No,80,85,Placed,82.5,96.0,93.0,6
7.3,1,1,0,64,3.2,No,Yes,58,67,NotPlaced,62.5,64.0,64.0,2
8.4,2,1,2,76,4.1,No,No,56,63,NotPlaced,59.5,82.0,79.0,5
7.7,1,2,0,73,4.0,No,Yes,65,75,Placed,70.0,80.0,76.5,3
7.5,1,1,1,68,4.7,No,No,58,64,NotPlaced,61.0,94.0,81.0,3
7.4,0,1,0,79,4.3,No,No,63,73,NotPlaced,68.0,86.0,82.5,1
7.4,1,1,1,64,4.3,No,Yes,73,73,NotPlaced,73.0,86.0,75.0,3
8.5,1,2,2,90,4.8,Yes,Yes,80,86,Placed,83.0,96.0,93.0,5
8.0,1,3,0,80,4.4,Yes,Yes,85,84,Placed,84.5,88.00000000000001,84.0,4
6.5,1,1,1,72,3.8,No,No,64,67,NotPlaced,65.5,76.0,74.0,3
8.4,1,1,0,81,4.6,Yes,No,78,82,Placed,80.0,92.0,86.5,2
8.7,0,3,2,88,4.8,No,No,87,84,NotPlaced,85.5,96.0,92.0,5
8.0,0,1,0,60,4.0,No,No,57,70,NotPlaced,63.5,80.0,70.0,1
8.4,2,3,1,88,4.6,Yes,Yes,74,82,NotPlaced,78.0,92.0,90.0,6
8.2,2,3,2,90,4.4,Yes,Yes,90,81,Placed,85.5,88.00000000000001,89.0,7
8.1,2,2,2,90,4.5,Yes,Yes,73,82,Placed,77.5,90.0,90.0,6
7.9,1,3,1,75,3.7,No,Yes,62,65,NotPlaced,63.5,74.0,74.5,5
8.9,2,3,2,90,4.8,Yes,Yes,69,85,Placed,77.0,96.0,93.0,7
6.5,1,1,1,72,4.5,No,No,66,70,NotPlaced,68.0,90.0,81.0,3
7.6,1,1,0,73,4.3,No,Yes,55,76,Placed,65.5,86.0,79.5,2
8.4,1,3,2,90,4.6,Yes,Yes,67,80,Placed,73.5,92.0,91.0,6
7.8,2,3,0,77,4.8,Yes,Yes,79,87,NotPlaced,83.0,96.0,86.5,5
8.4,1,2,1,74,4.3,Yes,Yes,59,80,Placed,69.5,86.0,80.0,4
7.6,1,2,0,74,3.7,No,Yes,58,74,Placed,66.0,74.0,74.0,3
7.9,1,1,1,62,4.6,Yes,Yes,87,82,NotPlaced,84.5,92.0,77.0,3
7.9,1,3,1,80,4.2,Yes,Yes,56,82,Placed,69.0,84.00000000000001,82.0,5
8.0,2,1,2,90,4.8,Yes,Yes,74,81,NotPlaced,77.5,96.0,93.0,5
7.9,2,1,0,83,4.0,Yes,Yes,63,70,NotPlaced,66.5,80.0,81.5,3
8.4,2,3,2,90,4.8,Yes,Yes,90,85,Placed,87.5,96.0,93.0,7
8.6,0,3,2,90,4.8,Yes,Yes,73,78,Placed,75.5,96.0,93.0,5
7.8,0,1,0,81,3.9,Yes,Yes,79,65,Placed,72.0,78.0,79.5,1
8.1,2,3,3,90,4.8,Yes,Yes,80,83,Placed,81.5,96.0,93.0,8
7.2,1,3,1,75,4.2,Yes,Yes,64,84,NotPlaced,74.0,84.00000000000001,79.5,5
7.7,0,1,0,81,4.8,Yes,Yes,69,63,Placed,66.0,96.0,88.5,1
8.4,1,3,2,90,4.5,Yes,Yes,79,86,Placed,82.5,90.0,90.0,6
8.0,1,3,1,87,4.6,Yes,Yes,72,83,NotPlaced,77.5,92.0,89.5,5
7.8,0,1,1,72,4.0,No,No,61,69,NotPlaced,65.0,80.0,76.0,2
6.5,1,1,0,63,3.5,No,No,56,64,NotPlaced,60.0,70.0,66.5,2
6.5,0,3,0,71,3.6,No,Yes,57,74,NotPlaced,65.5,72.0,71.5,3
7.9,1,2,1,81,4.0,Yes,Yes,60,71,NotPlaced,65.5,80.0,80.5,4
6.7,1,1,0,75,4.2,No,No,56,64,NotPlaced,60.0,84.00000000000001,79.5,2
6.9,0,1,0,73,4.1,No,Yes,55,69,Placed,62.0,82.0,77.5,1
6.5,1,1,2,85,4.3,Yes,No,62,72,Placed,67.0,86.0,85.5,4
6.5,0,1,1,79,3.9,No,No,55,66,NotPlaced,60.5,78.0,78.5,2
7.3,1,1,1,71,3.6,No,No,65,64,NotPlaced,64.5,72.0,71.5,3
8.3,2,3,0,71,4.6,Yes,Yes,77,82,Placed,79.5,92.0,81.5,5
7.5,1,1,1,74,3.9,No,No,63,65,NotPlaced,64.0,78.0,76.0,3
8.0,2,3,3,76,4.1,Yes,Yes,78,61,NotPlaced,69.5,82.0,79.0,8
8.3,1,2,1,69,3.8,No,Yes,76,71,NotPlaced,73.5,76.0,72.5,4
6.6,0,3,0,87,4.5,No,No,80,82,NotPlaced,81.0,90.0,88.5,3
7.4,0,3,0,90,4.6,No,No,65,70,NotPlaced,67.5,92.0,91.0,3
8.0,1,1,1,78,4.4,No,No,66,68,NotPlaced,67.0,88.00000000000001,83.0,3
8.0,2,3,2,90,4.8,Yes,Yes,78,86,Placed,82.0,96.0,93.0,7
6.7,1,2,0,73,4.5,No,Yes,55,65,NotPlaced,60.0,90.0,81.5,3
8.3,1,2,3,78,3.8,Yes,No,67,65,NotPlaced,66.0,76.0,77.0,6
8.5,1,3,2,90,4.8,Yes,Yes,61,86,Placed,73.5,96.0,93.0,6
7.5,2,1,2,90,4.8,Yes,No,55,65,NotPlaced,60.0,96.0,93.0,5
7.4,1,1,0,60,3.4,No,No,58,62,NotPlaced,60.0,68.0,64.0,2
8.4,0,1,2,88,4.8,Yes,Yes,74,82,Placed,78.0,96.0,92.0,3
8.2,1,3,0,82,4.8,Yes,Yes,70,73,Placed,71.5,96.0,89.0,4
6.5,1,1,0,74,4.2,No,Yes,74,61,NotPlaced,67.5,84.00000000000001,79.0,2
7.7,1,1,0,71,4.7,No,Yes,57,69,NotPlaced,63.0,94.0,82.5,2
7.3,1,2,2,67,4.5,No,No,63,66,NotPlaced,64.5,90.0,78.5,5
6.5,0,1,0,78,3.7,Yes,Yes,75,69,NotPlaced,72.0,74.0,76.0,1
6.5,1,1,1,68,4.1,No,No,55,65,NotPlaced,60.0,82.0,75.0,3
7.5,1,1,0,76,4.3,No,Yes,73,79,NotPlaced,76.0,86.0,81.0,2
7.8,1,1,1,65,3.9,No,No,55,70,NotPlaced,62.5,78.0,71.5,3
6.8,1,1,0,78,4.3,No,No,61,62,NotPlaced,61.5,86.0,82.0,2
8.4,2,3,2,90,4.1,Yes,Yes,76,82,Placed,79.0,82.0,86.0,7
7.8,2,2,2,80,4.6,No,Yes,59,74,Placed,66.5,92.0,86.0,6
7.5,1,2,0,77,4.2,Yes,Yes,58,63,NotPlaced,60.5,84.00000000000001,80.5,3
8.9,0,1,2,80,4.8,Yes,Yes,75,82,Placed,78.5,96.0,88.0,3
6.5,0,1,0,75,3.7,No,No,58,62,NotPlaced,60.0,74.0,74.5,1
8.4,1,1,2,87,4.1,No,No,78,70,NotPlaced,74.0,82.0,84.5,4
8.1,0,1,0,71,3.6,Yes,No,69,67,NotPlaced,68.0,72.0,71.5,1
8.5,2,3,0,86,4.2,Yes,Yes,60,85,Placed,72.5,84.00000000000001,85.0,5
7.6,1,1,1,82,4.8,Yes,Yes,79,86,Placed,82.5,96.0,89.0,3
7.8,2,3,0,79,4.3,Yes,No,87,87,NotPlaced,87.0,86.0,82.5,5
8.6,1,3,2,90,4.7,Yes,Yes,68,84,Placed,76.0,94.0,92.0,6
7.9,2,3,2,76,4.6,Yes,Yes,79,82,Placed,80.5,92.0,84.0,7
6.5,0,2,2,75,4.5,Yes,No,65,59,NotPlaced,62.0,90.0,82.5,4
8.2,0,2,1,82,4.5,Yes,Yes,78,87,Placed,82.5,90.0,86.0,3
8.2,1,1,0,81,4.3,Yes,Yes,60,70,Placed,65.0,86.0,83.5,2
7.6,1,1,0,64,4.1,No,No,69,67,NotPlaced,68.0,82.0,73.0,2
7.3,1,2,1,84,4.6,No,Yes,55,72,NotPlaced,63.5,92.0,88.0,4
8.4,2,3,2,90,4.5,Yes,Yes,85,79,Placed,82.0,90.0,90.0,7
8.3,2,3,3,90,4.5,Yes,Yes,70,88,Placed,79.0,90.0,90.0,8
7.8,1,3,0,88,4.8,Yes,Yes,70,78,Placed,74.0,96.0,92.0,4
8.3,1,2,1,82,4.7,Yes,Yes,77,84,NotPlaced,80.5,94.0,88.0,4
7.5,1,1,1,69,4.1,No,No,55,75,NotPlaced,65.0,82.0,75.5,3
8.6,2,3,2,78,4.8,Yes,Yes,82,81,NotPlaced,81.5,96.0,87.0,7
7.8,2,2,2,77,4.2,Yes,No,57,69,NotPlaced,63.0,84.00000000000001,80.5,6
6.6,1,1,1,71,4.3,No,No,70,66,NotPlaced,68.0,86.0,78.5,3
7.4,0,1,1,70,4.2,No,No,61,70,NotPlaced,65.5,84.00000000000001,77.0,2
6.9,1,2,1,74,4.1,No,No,55,69,NotPlaced,62.0,82.0,78.0,4
6.6,1,1,0,77,4.5,No,No,62,70,NotPlaced,66.0,90.0,83.5,2
8.3,1,2,2,88,4.1,Yes,Yes,80,79,Placed,79.5,82.0,85.0,5
7.9,2,2,2,88,4.8,Yes,Yes,81,85,Placed,83.0,96.0,92.0,6
6.6,1,2,1,76,4.1,Yes,Yes,82,69,NotPlaced,75.5,82.0,79.0,4
8.0,2,3,2,86,4.8,Yes,Yes,62,83,Placed,72.5,96.0,91.0,7
7.5,1,2,0,86,3.8,No,No,55,68,NotPlaced,61.5,76.0,81.0,3
7.9,2,3,2,90,4.8,Yes,No,81,78,NotPlaced,79.5,96.0,93.0,7
8.3,1,3,2,78,3.9,Yes,Yes,60,61,Placed,60.5,78.0,78.0,6
7.4,1,1,0,74,3.5,No,Yes,67,62,NotPlaced,64.5,70.0,72.0,2
8.0,2,2,2,87,3.8,Yes,Yes,79,78,Placed,78.5,76.0,81.5,6
8.7,2,3,2,87,4.7,Yes,Yes,80,84,Placed,82.0,94.0,90.5,7
7.4,1,2,0,77,4.5,No,Yes,66,86,NotPlaced,76.0,90.0,83.5,3
7.9,2,3,2,90,4.8,Yes,Yes,83,88,Placed,85.5,96.0,93.0,7
7.5,1,1,1,70,4.6,No,No,59,66,NotPlaced,62.5,92.0,81.0,3
7.4,2,1,1,87,4.5,Yes,Yes,68,84,NotPlaced,76.0,90.0,88.5,4
7.7,0,1,1,69,4.8,Yes,Yes,78,65,NotPlaced,71.5,96.0,82.5,2
7.8,0,1,1,70,3.8,No,Yes,73,73,NotPlaced,73.0,76.0,73.0,2
7.5,2,3,0,88,4.6,Yes,Yes,79,83,NotPlaced,81.0,92.0,90.0,5
8.2,2,3,1,69,4.0,Yes,Yes,77,82,NotPlaced,79.5,80.0,74.5,6
7.8,1,3,2,75,4.3,Yes,Yes,77,86,NotPlaced,81.5,86.0,80.5,6
7.6,1,1,0,72,4.6,Yes,Yes,68,84,NotPlaced,76.0,92.0,82.0,2
8.5,2,3,2,90,4.8,Yes,Yes,80,79,Placed,79.5,96.0,93.0,7
6.7,0,1,1,71,4.7,No,Yes,76,70,NotPlaced,73.0,94.0,82.5,2
7.6,1,3,0,82,4.5,No,Yes,56,72,NotPlaced,64.0,90.0,86.0,4
7.6,0,2,0,80,3.7,Yes,No,85,61,NotPlaced,73.0,74.0,77.0,2
7.3,1,2,0,71,4.4,No,Yes,58,67,NotPlaced,62.5,88.00000000000001,79.5,3
8.1,1,2,1,78,3.5,No,Yes,71,70,NotPlaced,70.5,70.0,74.0,4
7.6,2,3,0,88,4.4,No,Yes,80,68,Placed,74.0,88.00000000000001,88.0,5
7.4,1,2,0,77,3.8,No,Yes,59,63,NotPlaced,61.0,76.0,76.5,3
8.4,0,2,1,85,4.3,Yes,Yes,62,81,Placed,71.5,86.0,85.5,3
6.7,1,2,1,73,4.3,No,Yes,71,66,NotPlaced,68.5,86.0,79.5,4
6.5,1,1,0,70,4.7,No,Yes,79,64,NotPlaced,71.5,94.0,82.0,2
7.4,1,2,1,68,3.4,No,Yes,57,61,NotPlaced,59.0,68.0,68.0,4
8.4,2,3,1,76,4.1,Yes,Yes,68,64,NotPlaced,66.0,82.0,79.0,6
6.5,1,1,0,68,4.3,No,Yes,55,70,NotPlaced,62.5,86.0,77.0,2
6.6,1,2,1,82,4.4,Yes,Yes,74,82,NotPlaced,78.0,88.00000000000001,85.0,4
8.1,0,2,2,80,4.4,Yes,No,82,85,Placed,83.5,88.00000000000001,84.0,4
6.5,1,1,0,74,4.2,No,No,59,65,NotPlaced,62.0,84.00000000000001,79.0,2
8.5,1,3,2,75,4.5,Yes,Yes,75,84,NotPlaced,79.5,90.0,82.5,6
8.7,2,3,2,90,4.8,Yes,Yes,83,81,Placed,82.0,96.0,93.0,7
7.5,1,2,3,86,4.8,No,Yes,60,67,NotPlaced,63.5,96.0,91.0,6
8.1,2,3,2,90,4.8,Yes,Yes,86,88,Placed,87.0,96.0,93.0,7
8.2,1,3,1,83,4.1,Yes,Yes,77,83,NotPlaced,80.0,82.0,82.5,5
8.7,2,1,0,66,4.8,Yes,No,70,59,NotPlaced,64.5,96.0,81.0,3
6.6,0,1,2,72,4.2,No,Yes,86,88,Placed,87.0,84.00000000000001,78.0,3
8.1,0,2,3,78,4.1,Yes,Yes,81,78,Placed,79.5,82.0,80.0,5
6.5,1,3,0,80,3.7,No,No,59,66,NotPlaced,62.5,74.0,77.0,4
7.4,1,1,0,88,4.5,No,Yes,76,71,Placed,73.5,90.0,89.0,2
8.2,2,3,2,80,4.8,Yes,Yes,79,84,Placed,81.5,96.0,88.0,7
6.8,2,2,2,80,4.6,No,Yes,61,69,NotPlaced,65.0,92.0,86.0,6
8.0,1,2,1,76,4.5,No,Yes,68,75,NotPlaced,71.5,90.0,83.0,4
8.5,1,3,0,82,4.4,Yes,Yes,68,88,Placed,78.0,88.00000000000001,85.0,4
6.6,1,2,1,65,4.1,No,No,56,58,NotPlaced,57.0,82.0,73.5,4
8.4,1,2,0,79,3.8,No,Yes,60,64,NotPlaced,62.0,76.0,77.5,3
7.8,1,1,1,79,3.7,No,Yes,56,59,NotPlaced,57.5,74.0,76.5,3
7.7,1,2,0,81,3.8,Yes,Yes,65,59,NotPlaced,62.0,76.0,78.5,3
6.8,1,1,0,73,3.7,No,Yes,55,65,NotPlaced,60.0,74.0,73.5,2
7.3,1,2,1,71,4.7,No,No,59,57,NotPlaced,58.0,94.0,82.5,4
6.5,2,2,2,79,4.5,Yes,Yes,83,87,Placed,85.0,90.0,84.5,6
8.3,2,1,1,83,4.5,Yes,Yes,82,86,NotPlaced,84.0,90.0,86.5,4
7.3,1,2,1,79,3.8,No,Yes,58,73,NotPlaced,65.5,76.0,77.5,4
6.8,1,2,1,65,3.9,Yes,Yes,71,85,Placed,78.0,78.0,71.5,4
8.7,1,3,2,90,4.8,Yes,Yes,69,88,Placed,78.5,96.0,93.0,6
8.3,2,3,1,90,4.8,Yes,No,55,80,Placed,67.5,96.0,93.0,6
8.2,1,2,1,79,3.8,Yes,Yes,55,70,NotPlaced,62.5,76.0,77.5,4
8.2,1,1,2,86,4.4,No,No,76,82,NotPlaced,79.0,88.00000000000001,87.0,4
8.5,0,2,0,81,3.2,No,Yes,55,63,NotPlaced,59.0,64.0,72.5,2
8.0,0,1,1,87,3.8,No,Yes,55,71,NotPlaced,63.0,76.0,81.5,2
7.9,1,1,0,77,4.7,Yes,Yes,64,60,NotPlaced,62.0,94.0,85.5,2
7.7,1,1,2,82,4.4,No,No,55,70,NotPlaced,62.5,88.00000000000001,85.0,4
7.6,0,3,3,75,4.3,Yes,Yes,82,87,Placed,84.5,86.0,80.5,6
6.7,1,3,0,77,4.1,Yes,Yes,69,67,NotPlaced,68.0,82.0,79.5,4
8.5,0,2,2,75,4.5,Yes,No,76,83,Placed,79.5,90.0,82.5,4
8.8,1,2,2,90,4.8,Yes,No,75,88,Placed,81.5,96.0,93.0,5
6.5,2,3,1,82,4.6,Yes,No,83,63,NotPlaced,73.0,92.0,87.0,6
7.5,0,1,1,80,4.2,Yes,No,84,64,NotPlaced,74.0,84.00000000000001,82.0,2
7.7,2,3,2,78,4.6,Yes,Yes,78,83,NotPlaced,80.5,92.0,85.0,7
7.7,0,1,0,79,4.8,No,Yes,58,71,NotPlaced,64.5,96.0,87.5,1
8.6,1,1,2,84,4.3,Yes,Yes,57,82,Placed,69.5,86.0,85.0,4
7.5,0,2,0,69,3.6,No,No,61,59,NotPlaced,60.0,72.0,70.5,2
6.8,1,1,0,68,4.3,No,Yes,65,69,NotPlaced,67.0,86.0,77.0,2
8.1,0,3,2,90,4.8,Yes,Yes,69,84,NotPlaced,76.5,96.0,93.0,5
8.4,2,3,3,82,4.5,Yes,No,82,85,Placed,83.5,90.0,86.0,8
7.5,1,1,0,67,3.4,No,No,65,71,NotPlaced,68.0,68.0,67.5,2
8.1,1,3,0,70,4.8,Yes,No,71,72,NotPlaced,71.5,96.0,83.0,4
7.4,1,1,1,64,4.0,No,No,55,62,NotPlaced,58.5,80.0,72.0,3
8.4,2,3,2,80,4.6,Yes,Yes,72,79,Placed,75.5,92.0,86.0,7
8.2,0,3,2,90,4.8,Yes,Yes,79,80,Placed,79.5,96.0,93.0,5
8.0,1,2,1,80,4.3,No,Yes,71,61,NotPlaced,66.0,86.0,83.0,4
7.9,0,3,2,90,4.8,Yes,Yes,68,83,Placed,75.5,96.0,93.0,5
6.8,0,1,0,77,3.3,No,No,64,69,NotPlaced,66.5,65.99999999999999,71.5,1
8.3,2,3,2,82,4.6,Yes,Yes,76,85,Placed,80.5,92.0,87.0,7
7.4,1,2,1,75,4.3,No,Yes,55,85,NotPlaced,70.0,86.0,80.5,4
7.6,1,1,0,66,4.1,No,Yes,62,73,NotPlaced,67.5,82.0,74.0,2
8.5,2,3,1,90,4.8,Yes,Yes,78,82,NotPlaced,80.0,96.0,93.0,6
8.2,2,3,2,90,4.6,Yes,Yes,77,88,Placed,82.5,92.0,91.0,7
8.2,1,3,2,90,4.3,No,Yes,77,82,Placed,79.5,86.0,88.0,6
6.5,1,1,0,79,3.6,No,Yes,55,64,NotPlaced,59.5,72.0,75.5,2
7.5,1,1,2,82,4.5,Yes,Yes,77,84,Placed,80.5,90.0,86.0,4
7.5,1,2,1,85,4.1,No,Yes,71,84,NotPlaced,77.5,82.0,83.5,4
6.6,0,1,1,67,4.3,No,Yes,56,65,NotPlaced,60.5,86.0,76.5,2
7.6,1,1,1,88,4.5,Yes,Yes,83,86,Placed,84.5,90.0,89.0,3
7.5,1,1,1,81,4.5,Yes,Yes,64,68,NotPlaced,66.0,90.0,85.5,3
7.5,0,2,1,66,4.5,No,Yes,61,71,Placed,66.0,90.0,78.0,3
8.5,2,3,1,85,4.3,Yes,Yes,88,80,Placed,84.0,86.0,85.5,6
7.9,2,1,0,71,4.8,No,Yes,56,66,NotPlaced,61.0,96.0,83.5,3
8.2,0,2,0,85,4.1,Yes,No,57,70,NotPlaced,63.5,82.0,83.5,2
7.2,1,2,0,69,4.0,No,Yes,55,61,NotPlaced,58.0,80.0,74.5,3
8.6,2,3,2,90,4.8,Yes,Yes,75,84,Placed,79.5,96.0,93.0,7
6.5,1,1,1,78,3.9,No,Yes,67,73,Placed,70.0,78.0,78.0,3
8.7,1,3,0,86,4.5,Yes,Yes,77,81,Placed,79.0,90.0,88.0,4
7.8,1,2,0,78,4.8,Yes,Yes,75,65,Placed,70.0,96.0,87.0,3
7.7,1,1,0,80,4.0,No,Yes,55,66,NotPlaced,60.5,80.0,80.0,2
6.5,0,2,0,80,4.6,Yes,Yes,62,86,Placed,74.0,92.0,86.0,2
8.5,1,2,1,71,3.8,Yes,Yes,78,69,NotPlaced,73.5,76.0,73.5,4
7.4,2,3,0,86,4.6,Yes,Yes,75,72,Placed,73.5,92.0,89.0,5
8.6,1,3,2,81,4.8,Yes,Yes,71,82,Placed,76.5,96.0,88.5,6
8.0,1,2,1,88,3.6,No,Yes,69,69,NotPlaced,69.0,72.0,80.0,4
7.8,1,3,1,89,4.6,Yes,Yes,73,79,Placed,76.0,92.0,90.5,5
8.1,1,3,2,90,4.7,Yes,No,72,87,Placed,79.5,94.0,92.0,6
7.2,1,2,0,83,4.5,No,Yes,74,69,NotPlaced,71.5,90.0,86.5,3
8.4,2,3,2,87,4.8,Yes,Yes,78,88,Placed,83.0,96.0,91.5,7
8.4,0,3,2,85,4.6,Yes,Yes,90,79,NotPlaced,84.5,92.0,88.5,5
8.3,0,3,1,88,4.7,Yes,Yes,69,80,NotPlaced,74.5,94.0,91.0,4
7.2,0,2,1,66,3.9,No,No,67,69,NotPlaced,68.0,78.0,72.0,3
8.6,2,3,2,90,4.8,Yes,Yes,77,86,Placed,81.5,96.0,93.0,7
7.9,2,1,0,73,4.2,No,No,56,71,NotPlaced,63.5,84.00000000000001,78.5,3
6.6,1,1,2,81,4.8,Yes,No,68,71,NotPlaced,69.5,96.0,88.5,4
7.1,1,1,1,63,3.6,No,Yes,58,68,NotPlaced,63.0,72.0,67.5,3
7.8,0,3,0,90,4.7,Yes,Yes,72,69,Placed,70.5,94.0,92.0,3
6.6,1,1,1,81,4.0,No,No,73,72,NotPlaced,72.5,80.0,80.5,3
6.5,2,3,0,79,3.7,Yes,Yes,68,86,NotPlaced,77.0,74.0,76.5,5
7.5,2,1,0,83,4.6,Yes,No,58,81,NotPlaced,69.5,92.0,87.5,3
7.5,1,2,0,70,3.7,No,Yes,55,66,NotPlaced,60.5,74.0,72.0,3
7.8,0,2,2,74,4.6,Yes,Yes,58,60,NotPlaced,59.0,92.0,83.0,4
6.6,1,2,0,71,4.0,No,No,55,68,Placed,61.5,80.0,75.5,3
7.4,1,2,0,72,4.3,No,Yes,55,62,NotPlaced,58.5,86.0,79.0,3
7.8,1,3,2,77,4.2,Yes,No,77,82,NotPlaced,79.5,84.00000000000001,80.5,6
8.2,2,3,2,90,4.8,Yes,Yes,89,84,Placed,86.5,96.0,93.0,7
8.9,2,3,2,89,4.6,Yes,Yes,71,83,Placed,77.0,92.0,90.5,7
8.2,1,2,1,90,4.8,Yes,Yes,78,71,Placed,74.5,96.0,93.0,4
7.5,1,3,0,70,4.2,No,Yes,60,68,NotPlaced,64.0,84.00000000000001,77.0,4
7.7,1,2,0,68,3.9,No,Yes,62,63,NotPlaced,62.5,78.0,73.0,3
8.7,1,3,2,90,4.7,Yes,Yes,81,80,Placed,80.5,94.0,92.0,6
7.5,1,1,1,65,4.4,No,Yes,55,60,NotPlaced,57.5,88.00000000000001,76.5,3
6.6,1,1,1,82,3.7,No,Yes,55,60,Placed,57.5,74.0,78.0,3
7.4,2,3,1,84,4.8,No,Yes,77,68,Placed,72.5,96.0,90.0,6
7.5,0,3,2,90,4.8,Yes,Yes,82,81,Placed,81.5,96.0,93.0,5
8.2,1,1,1,79,4.6,No,Yes,55,61,NotPlaced,58.0,92.0,85.5,3
8.7,1,2,0,84,4.4,Yes,Yes,65,88,Placed,76.5,88.00000000000001,86.0,3
8.0,2,3,1,87,4.2,Yes,Yes,75,81,Placed,78.0,84.00000000000001,85.5,6
8.4,2,2,0,76,4.4,Yes,Yes,77,73,Placed,75.0,88.00000000000001,82.0,4
8.0,2,2,2,81,4.5,No,No,69,71,NotPlaced,70.0,90.0,85.5,6
7.5,1,2,2,70,4.7,Yes,Yes,55,70,NotPlaced,62.5,94.0,82.0,5
6.5,1,3,2,90,4.0,Yes,No,85,65,Placed,75.0,80.0,85.0,6
7.8,0,3,2,73,4.6,Yes,No,82,85,NotPlaced,83.5,92.0,82.5,5
7.6,1,2,0,64,4.5,No,Yes,62,63,NotPlaced,62.5,90.0,77.0,3
8.7,0,3,0,75,3.7,Yes,Yes,62,74,NotPlaced,68.0,74.0,74.5,3
7.2,1,1,0,85,3.5,No,Yes,84,70,NotPlaced,77.0,70.0,77.5,2
8.1,1,3,2,90,4.7,Yes,Yes,70,85,Placed,77.5,94.0,92.0,6
7.4,1,2,0,77,4.1,Yes,Yes,55,77,NotPlaced,66.0,82.0,79.5,3
8.2,2,2,2,81,4.8,Yes,Yes,78,83,Placed,80.5,96.0,88.5,6
8.2,2,1,2,90,4.8,Yes,Yes,79,68,Placed,73.5,96.0,93.0,5
6.5,1,2,1,65,4.0,Yes,Yes,66,69,NotPlaced,67.5,80.0,72.5,4
7.4,0,2,1,73,3.8,No,No,58,70,NotPlaced,64.0,76.0,74.5,3
7.3,0,1,1,80,3.6,No,Yes,62,65,NotPlaced,63.5,72.0,76.0,2
8.7,0,1,1,87,4.1,No,No,72,63,NotPlaced,67.5,82.0,84.5,2
8.5,2,1,3,82,3.6,Yes,Yes,67,81,NotPlaced,74.0,72.0,77.0,6
8.5,1,3,2,74,4.1,No,Yes,76,68,Placed,72.0,82.0,78.0,6
7.9,1,2,1,76,4.1,Yes,Yes,57,66,NotPlaced,61.5,82.0,79.0,4
7.4,2,3,0,71,4.8,Yes,Yes,86,73,NotPlaced,79.5,96.0,83.5,5
6.7,1,2,0,86,4.4,No,No,76,73,Placed,74.5,88.00000000000001,87.0,3
8.3,2,3,2,82,4.8,Yes,Yes,57,73,Placed,65.0,96.0,89.0,7
7.6,1,1,0,76,4.3,No,Yes,66,69,NotPlaced,67.5,86.0,81.0,2
7.5,1,2,0,90,4.2,No,Yes,77,64,Placed,70.5,84.00000000000001,87.0,3
8.9,0,3,0,89,4.8,Yes,No,77,78,Placed,77.5,96.0,92.5,3
7.3,1,1,0,79,4.1,Yes,No,57,64,NotPlaced,60.5,82.0,80.5,2
8.6,1,2,0,86,4.8,Yes,Yes,69,77,Placed,73.0,96.0,91.0,3
8.2,2,3,2,90,4.8,Yes,Yes,81,84,Placed,82.5,96.0,93.0,7
7.7,1,1,1,73,4.6,No,No,58,72,NotPlaced,65.0,92.0,82.5,3
7.9,1,3,0,88,4.7,Yes,Yes,87,85,Placed,86.0,94.0,91.0,4
7.4,1,1,1,87,4.6,No,Yes,68,65,NotPlaced,66.5,92.0,89.5,3
6.9,0,1,0,90,4.5,Yes,Yes,81,80,Placed,80.5,90.0,90.0,1
8.0,1,3,2,90,4.8,Yes,Yes,81,86,Placed,83.5,96.0,93.0,6
7.1,1,3,0,81,4.4,Yes,Yes,78,72,NotPlaced,75.0,88.00000000000001,84.5,4
6.9,0,1,1,76,3.8,No,No,61,67,NotPlaced,64.0,76.0,76.0,2
8.5,2,3,2,90,4.8,Yes,Yes,80,84,Placed,82.0,96.0,93.0,7
6.9,0,1,2,76,4.8,Yes,No,78,82,Placed,80.0,96.0,86.0,3
7.3,1,1,1,77,4.7,Yes,Yes,57,75,NotPlaced,66.0,94.0,85.5,3
7.8,2,3,0,89,4.6,No,Yes,71,68,NotPlaced,69.5,92.0,90.5,5
8.3,2,1,0,81,4.1,Yes,Yes,76,83,NotPlaced,79.5,82.0,81.5,3
8.6,1,3,2,83,4.4,Yes,Yes,71,83,Placed,77.0,88.00000000000001,85.5,6
8.6,2,3,0,87,4.8,No,No,75,66,NotPlaced,70.5,96.0,91.5,5
8.7,2,1,0,90,4.7,Yes,Yes,74,86,Placed,80.0,94.0,92.0,3
7.5,1,3,2,90,4.2,Yes,Yes,80,72,Placed,76.0,84.00000000000001,87.0,6
7.8,0,1,1,63,4.5,No,No,61,65,NotPlaced,63.0,90.0,76.5,2
6.5,0,1,0,71,3.4,No,Yes,59,67,NotPlaced,63.0,68.0,69.5,1
7.6,1,3,1,73,4.4,No,Yes,55,62,NotPlaced,58.5,88.00000000000001,80.5,5
6.5,1,1,1,80,3.8,Yes,Yes,58,65,NotPlaced,61.5,76.0,78.0,3
8.0,1,3,0,75,4.3,No,No,57,66,NotPlaced,61.5,86.0,80.5,4
8.0,2,3,0,86,4.8,Yes,Yes,73,82,Placed,77.5,96.0,91.0,5
7.5,1,1,0,67,4.2,Yes,Yes,57,70,Placed,63.5,84.00000000000001,75.5,2
7.8,1,3,0,78,4.4,No,Yes,77,70,Placed,73.5,88.00000000000001,83.0,4
7.3,1,1,1,75,3.6,No,Yes,55,66,NotPlaced,60.5,72.0,73.5,3
7.8,1,2,0,82,4.7,Yes,Yes,77,67,NotPlaced,72.0,94.0,88.0,3
6.5,1,1,1,82,3.4,No,No,56,66,NotPlaced,61.0,68.0,75.0,3
8.1,1,3,3,90,4.8,Yes,Yes,69,82,Placed,75.5,96.0,93.0,7
7.9,0,1,0,85,4.5,Yes,No,76,81,NotPlaced,78.5,90.0,87.5,1
8.7,1,3,0,74,4.6,Yes,Yes,86,83,Placed,84.5,92.0,83.0,4
7.1,2,2,0,76,4.0,No,Yes,55,69,Placed,62.0,80.0,78.0,4
8.9,1,3,2,81,4.8,Yes,No,82,81,Placed,81.5,96.0,88.5,6
8.3,0,3,0,75,4.2,Yes,No,77,69,NotPlaced,73.0,84.00000000000001,79.5,3
8.3,1,2,0,90,4.5,Yes,Yes,82,80,Placed,81.0,90.0,90.0,3
7.9,2,3,2,86,4.7,Yes,Yes,69,82,Placed,75.5,94.0,90.0,7
8.1,2,3,2,90,4.5,Yes,Yes,78,81,Placed,79.5,90.0,90.0,7
7.7,2,1,1,64,3.7,No,Yes,77,70,NotPlaced,73.5,74.0,69.0,4
8.1,2,3,2,85,4.5,Yes,Yes,76,88,Placed,82.0,90.0,87.5,7
7.8,1,3,0,81,4.3,No,No,64,70,NotPlaced,67.0,86.0,83.5,4
7.2,1,1,1,67,3.8,No,No,59,63,NotPlaced,61.0,76.0,71.5,3
8.4,1,1,2,84,4.8,Yes,Yes,82,68,Placed,75.0,96.0,90.0,4
8.4,2,3,2,90,4.8,Yes,Yes,82,86,Placed,84.0,96.0,93.0,7
8.2,1,1,0,76,4.2,No,Yes,55,62,NotPlaced,58.5,84.00000000000001,80.0,2
6.5,0,1,0,67,4.3,Yes,No,81,63,Placed,72.0,86.0,76.5,1
6.5,1,1,0,73,4.1,No,Yes,55,66,NotPlaced,60.5,82.0,77.5,2
8.3,2,3,2,90,4.8,Yes,Yes,74,83,Placed,78.5,96.0,93.0,7
8.2,0,3,2,78,4.5,No,Yes,88,84,Placed,86.0,90.0,84.0,5
8.1,1,2,2,76,4.5,Yes,Yes,79,81,Placed,80.0,90.0,83.0,5
6.5,1,1,1,60,3.8,No,No,56,62,NotPlaced,59.0,76.0,68.0,3
8.2,0,3,1,83,4.7,Yes,No,81,87,NotPlaced,84.0,94.0,88.5,4
7.7,1,3,1,75,4.6,Yes,Yes,74,63,NotPlaced,68.5,92.0,83.5,5
7.7,0,3,2,89,4.4,Yes,Yes,82,85,Placed,83.5,88.00000000000001,88.5,5
6.5,1,1,0,80,4.3,Yes,Yes,75,68,NotPlaced,71.5,86.0,83.0,2
8.3,2,3,2,87,4.8,Yes,Yes,74,80,NotPlaced,77.0,96.0,91.5,7
8.0,1,3,0,77,4.1,No,No,82,84,Placed,83.0,82.0,79.5,4
8.6,0,2,1,90,4.6,Yes,Yes,56,87,Placed,71.5,92.0,91.0,3
7.6,0,2,0,83,4.2,No,Yes,55,70,NotPlaced,62.5,84.00000000000001,83.5,2
7.0,1,1,1,71,4.3,No,Yes,74,64,NotPlaced,69.0,86.0,78.5,3
7.9,2,3,2,90,4.8,Yes,Yes,78,86,Placed,82.0,96.0,93.0,7
7.7,1,3,2,84,4.6,Yes,Yes,80,83,Placed,81.5,92.0,88.0,6
7.4,1,3,0,76,4.4,Yes,Yes,58,71,NotPlaced,64.5,88.00000000000001,82.0,4
6.5,1,1,1,78,4.1,No,Yes,55,62,NotPlaced,58.5,82.0,80.0,3
7.4,1,2,0,73,4.3,No,Yes,65,68,NotPlaced,66.5,86.0,79.5,3
7.8,2,3,2,84,4.1,Yes,Yes,76,80,Placed,78.0,82.0,83.0,7
7.7,1,1,0,80,4.8,Yes,Yes,55,61,NotPlaced,58.0,96.0,88.0,2
7.9,0,1,0,60,3.4,No,No,64,59,NotPlaced,61.5,68.0,64.0,1
7.4,1,1,0,79,4.8,No,Yes,72,66,NotPlaced,69.0,96.0,87.5,2
8.2,2,2,1,76,4.6,Yes,Yes,66,65,NotPlaced,65.5,92.0,84.0,5
7.4,0,1,0,78,4.6,No,No,56,69,NotPlaced,62.5,92.0,85.0,1
6.7,1,1,1,66,3.6,No,No,55,67,NotPlaced,61.0,72.0,69.0,3
6.5,1,2,0,84,4.2,Yes,No,74,78,NotPlaced,76.0,84.00000000000001,84.0,3
7.8,0,1,1,73,4.8,Yes,Yes,77,88,Placed,82.5,96.0,84.5,2
7.2,1,2,1,68,4.4,No,No,55,64,NotPlaced,59.5,88.00000000000001,78.0,4
8.1,0,2,0,88,4.0,No,Yes,67,84,Placed,75.5,80.0,84.0,2
8.2,1,2,0,83,4.6,Yes,Yes,66,86,Placed,76.0,92.0,87.5,3
8.2,0,3,3,90,4.7,Yes,Yes,65,87,Placed,76.0,94.0,92.0,6
8.4,2,1,2,81,4.7,Yes,Yes,77,82,NotPlaced,79.5,94.0,87.5,5
7.8,0,3,2,77,4.2,Yes,Yes,83,76,NotPlaced,79.5,84.00000000000001,80.5,5
7.3,1,2,1,75,4.6,No,Yes,55,75,NotPlaced,65.0,92.0,83.5,4
7.5,1,1,0,67,4.6,No,No,86,62,NotPlaced,74.0,92.0,79.5,2
8.0,2,1,0,74,4.1,No,Yes,80,67,Placed,73.5,82.0,78.0,3
7.5,2,3,2,90,4.7,Yes,Yes,80,83,Placed,81.5,94.0,92.0,7
8.4,2,3,1,85,4.7,Yes,Yes,63,78,Placed,70.5,94.0,89.5,6
6.6,1,1,0,73,3.4,No,No,56,69,NotPlaced,62.5,68.0,70.5,2
7.6,1,1,0,66,3.7,Yes,Yes,65,60,NotPlaced,62.5,74.0,70.0,2
7.1,1,2,0,80,4.3,Yes,Yes,69,65,NotPlaced,67.0,86.0,83.0,3
7.6,1,2,2,69,3.3,No,Yes,64,63,NotPlaced,63.5,65.99999999999999,67.5,5
7.5,1,1,2,75,3.5,Yes,Yes,55,64,NotPlaced,59.5,70.0,72.5,4
6.5,1,1,0,74,3.9,No,No,70,67,NotPlaced,68.5,78.0,76.0,2
6.7,1,1,1,73,4.0,No,Yes,62,65,NotPlaced,63.5,80.0,76.5,3
8.3,1,3,1,86,4.8,No,Yes,80,67,NotPlaced,73.5,96.0,91.0,5
8.6,2,1,2,73,4.6,Yes,No,55,82,NotPlaced,68.5,92.0,82.5,5
6.6,1,3,0,70,4.1,Yes,No,78,63,Placed,70.5,82.0,76.0,4
8.3,1,3,0,82,4.8,Yes,Yes,71,88,NotPlaced,79.5,96.0,89.0,4
7.6,1,2,1,76,3.9,No,No,55,69,NotPlaced,62.0,78.0,77.0,4
8.3,2,3,2,79,4.4,Yes,Yes,74,80,Placed,77.0,88.00000000000001,83.5,7
8.5,1,2,1,70,4.5,Yes,Yes,74,64,Placed,69.0,90.0,80.0,4
7.7,1,2,0,82,4.3,No,Yes,77,67,NotPlaced,72.0,86.0,84.0,3
7.4,1,1,0,89,4.4,No,Yes,58,73,NotPlaced,65.5,88.00000000000001,88.5,2
8.8,1,3,2,88,4.8,Yes,Yes,79,86,Placed,82.5,96.0,92.0,6
7.0,1,2,0,75,4.6,Yes,Yes,78,67,NotPlaced,72.5,92.0,83.5,3
7.7,0,3,2,86,4.7,No,Yes,79,67,NotPlaced,73.0,94.0,90.0,5
7.5,0,2,0,71,3.4,No,No,55,62,NotPlaced,58.5,68.0,69.5,2
7.5,1,1,1,79,3.6,No,Yes,63,65,NotPlaced,64.0,72.0,75.5,3
7.8,1,1,0,82,4.2,No,Yes,75,71,NotPlaced,73.0,84.00000000000001,83.0,2
6.8,1,1,2,74,4.2,Yes,No,77,84,NotPlaced,80.5,84.00000000000001,79.0,4
7.3,0,1,0,80,3.5,No,Yes,55,61,NotPlaced,58.0,70.0,75.0,1
7.2,0,2,1,60,3.6,No,No,74,71,NotPlaced,72.5,72.0,66.0,3
6.7,2,0,0,69,3.9,No,Yes,76,71,NotPlaced,73.5,78.0,73.5,2
7.3,0,3,2,77,4.6,Yes,Yes,72,88,Placed,80.0,92.0,84.5,5
6.6,2,3,1,72,4.6,Yes,No,56,57,NotPlaced,56.5,92.0,82.0,6
6.9,2,1,0,67,4.0,Yes,No,59,61,NotPlaced,60.0,80.0,73.5,3
8.2,1,1,0,79,4.2,No,No,72,69,NotPlaced,70.5,84.00000000000001,81.5,2
6.7,1,2,1,80,4.1,No,No,63,59,NotPlaced,61.0,82.0,81.0,4
7.9,1,2,1,63,4.2,No,Yes,56,69,NotPlaced,62.5,84.00000000000001,73.5,4
8.3,2,3,2,89,4.7,Yes,Yes,80,88,Placed,84.0,94.0,91.5,7
6.8,0,2,0,88,4.5,No,Yes,67,63,NotPlaced,65.0,90.0,89.0,2
7.6,1,2,0,88,4.8,No,Yes,57,68,NotPlaced,62.5,96.0,92.0,3
7.9,2,3,2,90,4.8,Yes,Yes,80,84,NotPlaced,82.0,96.0,93.0,7
6.5,0,3,0,81,4.8,Yes,Yes,90,68,NotPlaced,79.0,96.0,88.5,3
7.3,1,1,1,69,4.2,No,No,55,65,NotPlaced,60.0,84.00000000000001,76.5,3
7.7,2,3,0,78,4.1,Yes,Yes,70,81,NotPlaced,75.5,82.0,80.0,5
7.9,1,2,2,75,4.6,Yes,Yes,71,85,NotPlaced,78.0,92.0,83.5,5
7.9,2,3,1,82,4.2,Yes,Yes,83,69,NotPlaced,76.0,84.00000000000001,83.0,6
7.5,1,1,0,71,3.7,No,Yes,55,61,NotPlaced,58.0,74.0,72.5,2
7.5,1,3,0,86,4.2,Yes,Yes,81,71,NotPlaced,76.0,84.00000000000001,85.0,4
8.2,1,1,2,83,4.4,Yes,Yes,64,80,Placed,72.0,88.00000000000001,85.5,4
8.0,0,3,3,90,4.3,Yes,Yes,75,87,Placed,81.0,86.0,88.0,6
7.5,1,3,1,89,4.2,No,Yes,72,71,NotPlaced,71.5,84.00000000000001,86.5,5
7.8,1,1,0,69,4.7,No,No,57,64,NotPlaced,60.5,94.0,81.5,2
8.1,0,2,0,80,4.5,No,Yes,69,83,NotPlaced,76.0,90.0,85.0,2
8.2,1,1,0,70,4.2,No,No,55,62,NotPlaced,58.5,84.00000000000001,77.0,2
8.1,1,3,0,88,4.3,No,No,72,85,NotPlaced,78.5,86.0,87.0,4
8.1,1,3,2,90,4.5,Yes,Yes,77,81,Placed,79.0,90.0,90.0,6
6.7,1,2,1,68,4.6,No,Yes,72,68,NotPlaced,70.0,92.0,80.0,4
7.7,2,1,0,75,4.4,Yes,No,81,82,NotPlaced,81.5,88.00000000000001,81.5,3
7.6,0,1,1,73,4.4,No,Yes,70,67,NotPlaced,68.5,88.00000000000001,80.5,2
8.6,2,3,2,87,4.8,Yes,Yes,77,82,Placed,79.5,96.0,91.5,7
7.5,1,2,0,77,4.3,No,No,55,74,NotPlaced,64.5,86.0,81.5,3
8.4,2,2,2,73,4.8,Yes,No,78,82,Placed,80.0,96.0,84.5,6
8.1,2,3,2,84,4.6,Yes,Yes,78,84,Placed,81.0,92.0,88.0,7
6.5,1,2,0,78,4.6,No,Yes,62,57,NotPlaced,59.5,92.0,85.0,3
8.9,2,3,2,90,4.8,Yes,Yes,79,87,Placed,83.0,96.0,93.0,7
7.5,2,2,0,73,4.4,Yes,Yes,86,74,Placed,80.0,88.00000000000001,80.5,4
8.7,2,3,2,90,4.8,Yes,Yes,75,88,Placed,81.5,96.0,93.0,7
7.4,2,3,2,84,4.8,Yes,Yes,82,80,NotPlaced,81.0,96.0,90.0,7
7.8,1,1,1,66,3.4,No,No,55,69,Placed,62.0,68.0,67.0,3
8.3,1,3,1,84,4.6,Yes,Yes,75,82,NotPlaced,78.5,92.0,88.0,5
8.3,1,2,2,85,4.6,Yes,Yes,72,88,Placed,80.0,92.0,88.5,5
7.6,2,3,2,90,4.5,Yes,Yes,75,82,Placed,78.5,90.0,90.0,7
6.5,1,1,1,74,4.0,No,No,56,73,NotPlaced,64.5,80.0,77.0,3
7.4,1,3,1,75,4.5,Yes,Yes,83,67,Placed,75.0,90.0,82.5,5
7.9,1,3,0,90,4.6,Yes,Yes,81,79,Placed,80.0,92.0,91.0,4
8.4,1,1,0,73,4.2,No,Yes,55,69,NotPlaced,62.0,84.00000000000001,78.5,2
7.7,2,2,1,74,4.1,No,Yes,55,63,NotPlaced,59.0,82.0,78.0,5
8.2,1,3,1,88,4.8,Yes,Yes,71,82,NotPlaced,76.5,96.0,92.0,5
7.6,0,2,0,81,4.0,No,No,60,60,NotPlaced,60.0,80.0,80.5,2
6.8,1,1,0,67,4.1,No,No,57,61,NotPlaced,59.0,82.0,74.5,2
8.2,0,3,0,76,4.7,Yes,Yes,77,66,NotPlaced,71.5,94.0,85.0,3
8.3,2,3,2,88,4.7,Yes,Yes,70,85,Placed,77.5,94.0,91.0,7
7.1,0,2,0,67,3.2,No,No,57,57,NotPlaced,57.0,64.0,65.5,2
6.5,1,2,1,60,3.5,No,No,60,65,NotPlaced,62.5,70.0,65.0,4
8.6,1,3,2,90,4.8,Yes,Yes,90,88,Placed,89.0,96.0,93.0,6
7.6,2,2,0,72,4.3,No,Yes,77,67,Placed,72.0,86.0,79.0,4
7.9,2,1,1,78,4.1,Yes,Yes,58,76,NotPlaced,67.0,82.0,80.0,4
7.7,1,3,0,82,4.2,Yes,Yes,90,88,Placed,89.0,84.00000000000001,83.0,4
7.4,1,3,2,88,4.8,Yes,Yes,82,85,Placed,83.5,96.0,92.0,6
6.5,1,3,1,68,4.0,Yes,Yes,86,71,NotPlaced,78.5,80.0,74.0,5
8.2,1,2,1,90,4.7,Yes,Yes,76,80,Placed,78.0,94.0,92.0,4
7.6,1,2,2,70,4.8,No,Yes,73,84,Placed,78.5,96.0,83.0,5
7.3,0,2,1,78,4.8,No,Yes,83,72,NotPlaced,77.5,96.0,87.0,3
8.1,2,3,2,90,4.4,Yes,Yes,70,88,NotPlaced,79.0,88.00000000000001,89.0,7
7.5,1,1,1,71,4.3,No,No,57,68,NotPlaced,62.5,86.0,78.5,3
7.4,1,3,0,81,4.7,Yes,Yes,76,84,Placed,80.0,94.0,87.5,4
7.8,0,3,2,90,4.7,Yes,Yes,81,82,Placed,81.5,94.0,92.0,5
8.2,2,3,2,90,4.8,Yes,Yes,88,82,Placed,85.0,96.0,93.0,7
8.4,0,3,2,79,4.5,Yes,Yes,75,64,NotPlaced,69.5,90.0,84.5,5
8.2,2,3,2,90,4.7,Yes,Yes,85,80,Placed,82.5,94.0,92.0,7
7.6,2,1,2,87,4.8,Yes,No,88,62,NotPlaced,75.0,96.0,91.5,5
8.6,1,1,1,88,4.0,No,Yes,80,66,Placed,73.0,80.0,84.0,3
6.5,2,3,1,84,4.7,Yes,Yes,85,83,Placed,84.0,94.0,89.0,6
6.7,0,3,2,90,4.8,No,No,55,63,NotPlaced,59.0,96.0,93.0,5
7.5,1,1,0,70,4.5,No,No,55,67,NotPlaced,61.0,90.0,80.0,2
7.5,1,2,0,60,4.0,No,Yes,56,71,NotPlaced,63.5,80.0,70.0,3
7.5,1,1,1,60,4.1,No,No,55,64,NotPlaced,59.5,82.0,71.0,3
8.7,2,3,2,90,4.8,Yes,Yes,77,86,Placed,81.5,96.0,93.0,7
7.4,1,2,1,71,4.8,No,Yes,63,69,NotPlaced,66.0,96.0,83.5,4
7.8,0,1,1,77,4.1,Yes,Yes,55,70,NotPlaced,62.5,82.0,79.5,2
8.1,2,3,2,90,4.4,Yes,Yes,81,87,Placed,84.0,88.00000000000001,89.0,7
7.3,1,1,0,81,4.4,No,No,55,65,NotPlaced,60.0,88.00000000000001,84.5,2
7.8,2,3,0,90,4.8,Yes,Yes,78,83,Placed,80.5,96.0,93.0,5
8.0,0,0,2,76,4.8,Yes,No,62,64,Placed,63.0,96.0,86.0,2
7.5,1,3,1,90,4.8,Yes,Yes,74,85,Placed,79.5,96.0,93.0,5
7.8,1,2,0,81,3.9,No,No,63,71,NotPlaced,67.0,78.0,79.5,3
6.5,0,3,0,68,4.2,Yes,No,64,62,Placed,63.0,84.00000000000001,76.0,3
7.9,0,1,0,66,4.1,No,No,72,84,NotPlaced,78.0,82.0,74.0,1
7.7,0,3,1,80,4.3,No,No,55,71,NotPlaced,63.0,86.0,83.0,4
8.0,1,3,0,87,4.3,Yes,Yes,79,67,NotPlaced,73.0,86.0,86.5,4
7.8,1,1,0,85,4.5,Yes,Yes,70,65,NotPlaced,67.5,90.0,87.5,2
8.5,2,3,2,90,4.8,Yes,Yes,80,84,Placed,82.0,96.0,93.0,7
8.4,1,3,2,90,4.6,Yes,Yes,82,88,Placed,85.0,92.0,91.0,6
7.4,2,1,1,81,4.0,Yes,No,76,66,Placed,71.0,80.0,80.5,4
7.0,1,3,0,82,4.6,No,Yes,71,72,NotPlaced,71.5,92.0,87.0,4
7.6,1,2,1,85,4.6,No,No,90,79,NotPlaced,84.5,92.0,88.5,4
6.8,1,1,1,75,3.8,No,Yes,60,67,NotPlaced,63.5,76.0,75.5,3
7.5,0,2,1,63,3.5,No,Yes,75,66,NotPlaced,70.5,70.0,66.5,3
8.5,2,3,0,89,4.8,Yes,Yes,79,80,Placed,79.5,96.0,92.5,5
6.9,1,2,1,70,4.4,Yes,Yes,55,66,NotPlaced,60.5,88.00000000000001,79.0,4
8.2,0,1,0,73,4.8,Yes,Yes,55,66,Placed,60.5,96.0,84.5,1
6.5,0,3,2,85,4.7,Yes,No,65,81,Placed,73.0,94.0,89.5,5
7.7,1,2,2,76,4.1,Yes,Yes,66,78,NotPlaced,72.0,82.0,79.0,5
7.7,1,1,1,78,4.2,Yes,Yes,66,67,NotPlaced,66.5,84.00000000000001,81.0,3
6.8,1,1,0,74,3.8,No,Yes,62,67,NotPlaced,64.5,76.0,75.0,2
8.3,1,3,0,78,4.7,Yes,Yes,76,82,NotPlaced,79.0,94.0,86.0,4
7.6,2,1,1,89,3.9,No,Yes,55,67,NotPlaced,61.0,78.0,83.5,4
7.4,0,3,0,78,4.4,Yes,Yes,70,81,Placed,75.5,88.00000000000001,83.0,3
8.1,2,3,2,90,4.8,Yes,Yes,76,84,Placed,80.0,96.0,93.0,7
7.7,0,1,1,67,4.2,Yes,No,64,64,NotPlaced,64.0,84.00000000000001,75.5,2
6.5,2,3,2,84,4.0,Yes,No,74,83,NotPlaced,78.5,80.0,82.0,7
8.0,2,3,2,90,4.8,Yes,Yes,75,88,Placed,81.5,96.0,93.0,7
6.9,1,1,1,74,4.3,No,Yes,57,57,NotPlaced,57.0,86.0,80.0,3
8.5,2,2,0,79,4.8,Yes,No,55,64,NotPlaced,59.5,96.0,87.5,4
6.5,1,1,0,84,4.5,Yes,Yes,55,84,NotPlaced,69.5,90.0,87.0,2
7.7,1,1,0,73,3.9,No,Yes,59,67,Placed,63.0,78.0,75.5,2
7.4,1,2,1,90,4.8,Yes,Yes,73,67,Placed,70.0,96.0,93.0,4
6.7,1,1,1,68,4.3,No,No,55,60,NotPlaced,57.5,86.0,77.0,3
8.3,1,2,2,88,4.4,Yes,Yes,78,86,Placed,82.0,88.00000000000001,88.0,5
7.6,0,1,1,70,4.0,No,No,69,69,NotPlaced,69.0,80.0,75.0,2
8.4,1,1,0,72,3.9,Yes,No,60,82,NotPlaced,71.0,78.0,75.0,2
7.1,1,2,1,73,4.3,No,Yes,59,69,NotPlaced,64.0,86.0,79.5,4
7.4,1,1,2,80,4.3,Yes,Yes,55,66,NotPlaced,60.5,86.0,83.0,4
7.5,1,2,1,90,4.3,Yes,Yes,59,84,Placed,71.5,86.0,88.0,4
8.3,2,3,0,90,4.8,Yes,Yes,78,83,Placed,80.5,96.0,93.0,5
8.3,2,3,2,85,4.7,Yes,Yes,76,87,Placed,81.5,94.0,89.5,7
7.6,1,2,1,74,4.6,No,Yes,74,85,Placed,79.5,92.0,83.0,4
7.5,1,2,0,80,3.6,No,No,57,69,NotPlaced,63.0,72.0,76.0,3
8.6,2,2,2,88,4.8,Yes,No,83,77,Placed,80.0,96.0,92.0,6
6.6,1,2,1,81,3.4,Yes,Yes,81,85,Placed,83.0,68.0,74.5,4
8.6,2,3,2,87,4.4,Yes,Yes,69,86,Placed,77.5,88.00000000000001,87.5,7
7.4,1,1,1,69,3.8,No,Yes,55,64,Placed,59.5,76.0,72.5,3
7.7,1,2,0,81,4.4,Yes,Yes,55,82,Placed,68.5,88.00000000000001,84.5,3
7.5,1,1,0,79,4.5,No,No,56,74,NotPlaced,65.0,90.0,84.5,2
7.4,1,2,0,68,4.3,No,Yes,56,67,NotPlaced,61.5,86.0,77.0,3
8.5,1,1,2,83,4.3,Yes,Yes,89,86,Placed,87.5,86.0,84.5,4
6.5,1,1,1,81,4.6,No,No,56,73,NotPlaced,64.5,92.0,86.5,3
7.9,1,1,1,66,4.5,No,No,74,69,NotPlaced,71.5,90.0,78.0,3
6.6,0,1,1,72,3.4,No,No,83,65,NotPlaced,74.0,68.0,70.0,2
8.3,2,3,2,90,4.8,Yes,No,69,80,Placed,74.5,96.0,93.0,7
8.5,2,3,2,88,4.6,Yes,Yes,85,84,Placed,84.5,92.0,90.0,7
7.4,1,2,1,79,4.7,Yes,Yes,59,67,NotPlaced,63.0,94.0,86.5,4
7.9,2,3,2,90,4.6,Yes,Yes,82,87,Placed,84.5,92.0,91.0,7
8.3,1,3,0,84,4.6,Yes,Yes,72,83,NotPlaced,77.5,92.0,88.0,4
7.6,1,2,0,79,4.3,Yes,Yes,79,69,Placed,74.0,86.0,82.5,3
7.6,0,1,2,74,4.6,Yes,Yes,76,67,Placed,71.5,92.0,83.0,3
8.1,1,3,0,90,4.8,Yes,Yes,83,83,NotPlaced,83.0,96.0,93.0,4
6.5,1,1,1,71,4.2,No,No,58,71,NotPlaced,64.5,84.00000000000001,77.5,3
6.8,0,3,2,89,4.8,Yes,Yes,78,69,Placed,73.5,96.0,92.5,5
7.3,1,1,0,84,4.3,No,No,61,74,NotPlaced,67.5,86.0,85.0,2
8.2,2,3,1,90,4.8,Yes,Yes,82,77,Placed,79.5,96.0,93.0,6
7.6,0,3,2,85,3.8,Yes,No,79,83,NotPlaced,81.0,76.0,80.5,5
7.4,1,3,0,88,4.2,Yes,Yes,55,74,NotPlaced,64.5,84.00000000000001,86.0,4
6.5,0,1,0,77,4.1,No,No,55,67,NotPlaced,61.0,82.0,79.5,1
8.2,1,2,3,85,4.5,Yes,Yes,69,82,NotPlaced,75.5,90.0,87.5,6
8.4,0,3,2,87,4.0,Yes,No,79,80,Placed,79.5,80.0,83.5,5
7.4,1,1,1,73,3.7,No,No,55,63,NotPlaced,59.0,74.0,73.5,3
7.3,1,1,0,90,4.6,Yes,No,76,62,NotPlaced,69.0,92.0,91.0,2
8.4,1,2,1,85,4.8,Yes,Yes,55,66,Placed,60.5,96.0,90.5,4
7.8,0,3,2,90,4.8,Yes,Yes,64,88,NotPlaced,76.0,96.0,93.0,5
8.5,0,3,1,83,4.0,Yes,Yes,59,82,NotPlaced,70.5,80.0,81.5,4
8.1,2,3,2,90,4.8,Yes,Yes,79,83,Placed,81.0,96.0,93.0,7
8.7,2,3,2,87,4.8,Yes,Yes,55,84,Placed,69.5,96.0,91.5,7
6.9,0,1,0,79,3.6,No,No,61,67,NotPlaced,64.0,72.0,75.5,1
8.3,2,3,2,90,4.8,Yes,Yes,71,84,Placed,77.5,96.0,93.0,7
7.6,1,1,0,76,4.0,No,Yes,75,70,Placed,72.5,80.0,78.0,2
7.3,1,1,1,88,4.1,No,No,55,68,NotPlaced,61.5,82.0,85.0,3
7.3,1,1,0,71,4.6,Yes,Yes,75,67,NotPlaced,71.0,92.0,81.5,2
8.8,1,3,2,83,4.8,Yes,Yes,72,84,Placed,78.0,96.0,89.5,6
6.7,1,1,0,82,3.9,No,Yes,66,66,Placed,66.0,78.0,80.0,2
8.3,2,3,2,90,4.6,Yes,Yes,80,83,Placed,81.5,92.0,91.0,7
8.2,1,3,2,85,4.8,Yes,Yes,55,82,NotPlaced,68.5,96.0,90.5,6
7.6,1,3,1,68,4.6,Yes,Yes,72,83,Placed,77.5,92.0,80.0,5
7.3,1,1,0,72,3.9,Yes,No,70,59,NotPlaced,64.5,78.0,75.0,2
8.0,2,3,2,83,4.8,Yes,Yes,75,84,Placed,79.5,96.0,89.5,7
7.6,1,3,0,69,4.3,No,Yes,73,72,Placed,72.5,86.0,77.5,4
8.2,2,1,2,71,4.2,Yes,Yes,85,85,NotPlaced,85.0,84.00000000000001,77.5,5
8.1,2,2,0,71,4.4,Yes,Yes,78,83,Placed,80.5,88.00000000000001,79.5,4
7.1,0,2,2,76,4.2,No,No,63,64,NotPlaced,63.5,84.00000000000001,80.0,4
8.6,1,2,0,82,3.7,Yes,Yes,77,65,Placed,71.0,74.0,78.0,3
7.0,1,2,0,67,4.3,No,Yes,69,69,NotPlaced,69.0,86.0,76.5,3
8.7,0,1,2,82,4.5,Yes,Yes,73,86,Placed,79.5,90.0,86.0,3
8.1,1,2,1,84,4.3,Yes,Yes,77,83,NotPlaced,80.0,86.0,85.0,4
7.5,1,2,0,87,4.6,Yes,Yes,83,81,Placed,82.0,92.0,89.5,3
8.3,1,2,1,73,3.9,No,Yes,61,79,NotPlaced,70.0,78.0,75.5,4
6.5,2,3,2,74,4.2,No,No,90,67,NotPlaced,78.5,84.00000000000001,79.0,7
8.5,2,2,2,84,4.5,Yes,Yes,81,84,Placed,82.5,90.0,87.0,6
7.5,0,2,1,62,4.5,No,No,55,65,NotPlaced,60.0,90.0,76.0,3
8.2,1,3,2,83,4.7,Yes,Yes,75,68,Placed,71.5,94.0,88.5,6
8.3,1,3,0,90,4.7,Yes,Yes,86,78,Placed,82.0,94.0,92.0,4
7.2,1,2,0,81,4.3,Yes,Yes,83,63,NotPlaced,73.0,86.0,83.5,3
7.1,2,3,2,90,4.4,Yes,Yes,77,87,Placed,82.0,88.00000000000001,89.0,7
7.6,1,2,0,70,3.4,No,Yes,55,74,NotPlaced,64.5,68.0,69.0,3
7.7,1,2,1,74,4.1,No,Yes,67,64,NotPlaced,65.5,82.0,78.0,4
8.7,2,3,3,81,4.2,Yes,Yes,87,84,Placed,85.5,84.00000000000001,82.5,8
6.7,0,1,1,69,4.4,No,No,76,68,NotPlaced,72.0,88.00000000000001,78.5,2
7.9,1,3,0,79,3.7,No,Yes,67,83,NotPlaced,75.0,74.0,76.5,4
8.4,2,1,1,87,4.8,No,Yes,75,78,NotPlaced,76.5,96.0,91.5,4
6.9,0,1,0,67,3.9,Yes,No,67,65,NotPlaced,66.0,78.0,72.5,1
7.7,1,2,0,78,3.6,No,Yes,64,81,NotPlaced,72.5,72.0,75.0,3
8.4,2,3,2,90,4.7,Yes,Yes,76,84,Placed,80.0,94.0,92.0,7
7.8,0,1,0,78,4.0,Yes,No,64,69,NotPlaced,66.5,80.0,79.0,1
8.1,2,3,0,81,4.8,Yes,Yes,72,88,NotPlaced,80.0,96.0,88.5,5
8.5,1,1,2,82,3.4,Yes,No,76,85,NotPlaced,80.5,68.0,75.0,4
7.7,2,3,2,78,4.8,Yes,No,82,69,NotPlaced,75.5,96.0,87.0,7
8.4,1,3,1,79,4.1,No,Yes,83,87,Placed,85.0,82.0,80.5,5
8.4,2,3,2,84,4.5,Yes,Yes,78,78,Placed,78.0,90.0,87.0,7
6.5,1,2,1,70,3.8,No,No,61,70,NotPlaced,65.5,76.0,73.0,4
7.5,1,1,0,81,4.6,Yes,Yes,60,67,NotPlaced,63.5,92.0,86.5,2
7.4,1,1,1,75,4.2,No,Yes,65,65,NotPlaced,65.0,84.00000000000001,79.5,3
8.7,1,3,2,90,4.8,Yes,Yes,70,88,Placed,79.0,96.0,93.0,6
6.7,1,1,1,66,3.4,No,Yes,59,68,NotPlaced,63.5,68.0,67.0,3
8.5,2,3,2,88,4.3,No,Yes,67,88,NotPlaced,77.5,86.0,87.0,7
6.9,1,1,1,74,4.4,No,No,86,63,NotPlaced,74.5,88.00000000000001,81.0,3
8.1,2,3,2,87,4.4,Yes,Yes,86,83,Placed,84.5,88.00000000000001,87.5,7
8.3,2,2,0,90,4.6,Yes,Yes,81,81,Placed,81.0,92.0,91.0,4
8.1,1,3,2,90,4.6,Yes,Yes,79,88,Placed,83.5,92.0,91.0,6
7.6,1,2,0,86,4.0,Yes,Yes,62,70,NotPlaced,66.0,80.0,83.0,3
7.9,1,2,2,90,4.3,Yes,Yes,74,88,Placed,81.0,86.0,88.0,5
6.5,1,3,2,75,4.7,Yes,No,78,62,NotPlaced,70.0,94.0,84.5,6
7.8,0,3,0,76,3.7,Yes,Yes,85,79,Placed,82.0,74.0,75.0,3
6.8,1,2,0,67,4.8,No,No,55,73,NotPlaced,64.0,96.0,81.5,3
8.3,0,1,2,84,4.7,Yes,Yes,65,64,Placed,64.5,94.0,89.0,3
8.7,1,3,2,90,4.7,Yes,Yes,74,86,Placed,80.0,94.0,92.0,6
7.4,0,2,0,71,4.0,No,Yes,55,73,Placed,64.0,80.0,75.5,2
7.9,0,2,0,69,4.2,No,No,61,66,NotPlaced,63.5,84.00000000000001,76.5,2
8.1,2,3,2,90,4.8,Yes,Yes,80,83,Placed,81.5,96.0,93.0,7
7.9,2,3,2,90,4.8,Yes,Yes,82,84,Placed,83.0,96.0,93.0,7
6.5,1,1,1,82,3.4,No,No,55,72,NotPlaced,63.5,68.0,75.0,3
6.7,1,1,1,65,4.0,No,Yes,64,61,NotPlaced,62.5,80.0,72.5,3
8.2,0,1,0,71,4.8,No,No,62,68,NotPlaced,65.0,96.0,83.5,1
8.1,2,3,2,87,4.6,Yes,Yes,85,80,Placed,82.5,92.0,89.5,7
7.0,1,1,1,70,4.8,No,No,61,63,NotPlaced,62.0,96.0,83.0,3
7.0,1,1,1,65,3.0,No,No,55,62,NotPlaced,58.5,60.0,62.5,3
7.7,1,2,0,78,3.6,Yes,Yes,55,71,Placed,63.0,72.0,75.0,3
6.5,2,1,0,79,3.6,No,No,63,65,NotPlaced,64.0,72.0,75.5,3
8.0,1,2,0,81,4.2,Yes,Yes,66,72,NotPlaced,69.0,84.00000000000001,82.5,3
7.9,2,3,2,80,4.3,Yes,Yes,78,65,Placed,71.5,86.0,83.0,7
8.3,1,3,2,86,4.8,Yes,Yes,66,88,Placed,77.0,96.0,91.0,6
6.7,1,1,0,78,3.1,No,Yes,74,58,NotPlaced,66.0,62.0,70.0,2
8.4,1,1,2,81,3.9,Yes,Yes,64,84,Placed,74.0,78.0,79.5,4
8.2,2,2,1,74,4.5,No,Yes,65,84,NotPlaced,74.5,90.0,82.0,5
7.9,1,1,1,65,4.3,No,No,57,80,NotPlaced,68.5,86.0,75.5,3
8.3,1,1,2,81,4.6,Yes,No,59,85,NotPlaced,72.0,92.0,86.5,4
8.6,2,2,2,84,4.0,Yes,Yes,72,84,NotPlaced,78.0,80.0,82.0,6
7.5,1,1,0,72,4.1,No,Yes,55,63,NotPlaced,59.0,82.0,77.0,2
8.1,1,2,3,86,4.5,Yes,Yes,88,70,Placed,79.0,90.0,88.0,6
8.2,2,3,1,79,4.8,Yes,Yes,79,86,Placed,82.5,96.0,87.5,6
8.4,2,1,2,77,4.5,Yes,Yes,71,72,NotPlaced,71.5,90.0,83.5,5
6.9,1,2,1,73,4.5,No,No,60,65,NotPlaced,62.5,90.0,81.5,4
6.8,1,1,0,67,4.3,Yes,No,84,61,NotPlaced,72.5,86.0,76.5,2
7.8,1,2,3,87,4.4,Yes,Yes,75,84,NotPlaced,79.5,88.00000000000001,87.5,6
8.1,1,3,1,89,4.7,Yes,Yes,78,85,Placed,81.5,94.0,91.5,5
7.7,0,1,1,76,3.9,No,No,58,66,NotPlaced,62.0,78.0,77.0,2
7.6,0,1,0,66,3.5,No,No,55,67,NotPlaced,61.0,70.0,68.0,1
8.6,1,2,0,74,4.4,No,No,55,66,Placed,60.5,88.00000000000001,81.0,3
7.5,1,1,0,79,3.7,No,No,55,58,NotPlaced,56.5,74.0,76.5,2
8.3,0,1,1,72,3.5,No,No,60,71,NotPlaced,65.5,70.0,71.0,2
7.7,1,1,0,70,3.9,No,Yes,55,67,NotPlaced,61.0,78.0,74.0,2
7.6,1,1,0,70,3.5,No,No,63,62,NotPlaced,62.5,70.0,70.0,2
7.5,1,3,0,80,4.0,Yes,Yes,60,62,NotPlaced,61.0,80.0,80.0,4
8.1,2,3,2,90,4.8,Yes,Yes,86,85,Placed,85.5,96.0,93.0,7
7.8,1,3,2,81,4.2,Yes,Yes,70,65,Placed,67.5,84.00000000000001,82.5,6
8.4,1,3,1,79,4.4,Yes,Yes,78,82,Placed,80.0,88.00000000000001,83.5,5
8.0,2,3,2,90,4.8,Yes,Yes,87,88,Placed,87.5,96.0,93.0,7
8.1,2,3,2,90,4.8,Yes,Yes,70,81,Placed,75.5,96.0,93.0,7
7.6,2,3,2,84,4.6,Yes,Yes,72,85,Placed,78.5,92.0,88.0,7
6.8,0,3,1,82,4.2,Yes,Yes,74,72,NotPlaced,73.0,84.00000000000001,83.0,4
7.3,1,2,2,73,4.7,Yes,Yes,75,72,NotPlaced,73.5,94.0,83.5,5
6.6,0,1,1,63,3.8,No,No,61,68,NotPlaced,64.5,76.0,69.5,2
6.6,1,1,0,72,3.9,No,Yes,60,69,NotPlaced,64.5,78.0,75.0,2
8.4,1,2,0,71,4.5,Yes,Yes,68,81,Placed,74.5,90.0,80.5,3
8.1,0,3,2,90,4.2,Yes,Yes,69,88,Placed,78.5,84.00000000000001,87.0,5
8.1,2,3,2,90,4.8,Yes,Yes,84,86,Placed,85.0,96.0,93.0,7
7.5,2,2,0,79,4.5,Yes,Yes,82,82,Placed,82.0,90.0,84.5,4
7.7,1,3,0,79,4.8,No,Yes,75,69,NotPlaced,72.0,96.0,87.5,4
8.4,0,1,0,90,4.6,Yes,Yes,84,78,Placed,81.0,92.0,91.0,1
7.5,0,2,0,82,4.8,Yes,Yes,68,64,Placed,66.0,96.0,89.0,2
7.8,0,1,1,69,4.2,No,No,57,71,NotPlaced,64.0,84.00000000000001,76.5,2
8.4,2,3,1,89,4.6,Yes,Yes,74,70,NotPlaced,72.0,92.0,90.5,6
6.6,1,1,1,69,4.6,No,No,55,79,NotPlaced,67.0,92.0,80.5,3
8.3,2,3,1,86,4.7,No,No,81,84,NotPlaced,82.5,94.0,90.0,6
7.4,1,1,1,67,4.5,No,No,55,67,NotPlaced,61.0,90.0,78.5,3
8.2,1,3,2,87,4.7,Yes,Yes,73,86,Placed,79.5,94.0,90.5,6
6.5,1,1,1,78,4.0,No,No,65,65,NotPlaced,65.0,80.0,79.0,3
7.6,1,2,1,82,4.7,No,Yes,64,65,NotPlaced,64.5,94.0,88.0,4
8.3,1,3,3,86,4.8,Yes,Yes,81,86,Placed,83.5,96.0,91.0,7
6.5,0,1,0,72,3.6,No,No,60,59,NotPlaced,59.5,72.0,72.0,1
6.5,1,1,0,76,3.9,No,Yes,57,76,NotPlaced,66.5,78.0,77.0,2
6.5,1,2,0,77,4.6,No,Yes,64,70,NotPlaced,67.0,92.0,84.5,3
8.4,1,3,2,68,3.6,Yes,Yes,72,61,Placed,66.5,72.0,70.0,6
8.6,1,3,0,81,4.8,Yes,Yes,79,71,Placed,75.0,96.0,88.5,4
8.3,1,3,2,82,4.6,Yes,No,80,81,NotPlaced,80.5,92.0,87.0,6
8.4,1,2,2,75,4.1,Yes,Yes,55,73,NotPlaced,64.0,82.0,78.5,5
7.6,0,1,0,65,4.1,No,No,55,68,NotPlaced,61.5,82.0,73.5,1
8.3,2,3,2,90,4.8,Yes,Yes,77,85,Placed,81.0,96.0,93.0,7
7.7,0,1,2,76,4.6,No,Yes,84,63,NotPlaced,73.5,92.0,84.0,3
6.5,0,1,1,71,4.4,Yes,Yes,55,75,NotPlaced,65.0,88.00000000000001,79.5,2
7.6,1,1,0,70,4.0,No,Yes,55,57,NotPlaced,56.0,80.0,75.0,2
7.7,1,1,0,79,3.9,No,Yes,55,72,NotPlaced,63.5,78.0,78.5,2
8.2,1,3,2,71,4.8,Yes,Yes,73,70,NotPlaced,71.5,96.0,83.5,6
7.6,1,2,1,89,4.5,No,No,60,64,NotPlaced,62.0,90.0,89.5,4
7.3,1,3,2,83,4.7,Yes,Yes,70,84,Placed,77.0,94.0,88.5,6
8.3,2,2,1,81,4.3,Yes,Yes,73,72,NotPlaced,72.5,86.0,83.5,5
8.4,1,3,2,90,4.7,Yes,Yes,79,88,Placed,83.5,94.0,92.0,6
7.5,1,1,1,80,3.8,No,No,58,67,NotPlaced,62.5,76.0,78.0,3
7.7,1,2,0,78,4.4,Yes,Yes,80,83,NotPlaced,81.5,88.00000000000001,83.0,3
7.6,1,1,0,79,3.9,No,No,57,62,NotPlaced,59.5,78.0,78.5,2
7.1,1,2,0,70,4.0,No,No,57,72,NotPlaced,64.5,80.0,75.0,3
7.9,1,1,1,86,4.3,No,Yes,55,70,NotPlaced,62.5,86.0,86.0,3
6.6,0,1,1,72,4.1,No,Yes,64,70,NotPlaced,67.0,82.0,77.0,2
8.2,2,2,1,90,4.8,No,Yes,72,62,Placed,67.0,96.0,93.0,5
7.4,1,2,2,85,3.5,Yes,Yes,57,68,Placed,62.5,70.0,77.5,5
8.4,1,3,2,78,4.8,Yes,No,85,81,NotPlaced,83.0,96.0,87.0,6
6.8,0,3,2,76,3.9,Yes,Yes,85,73,NotPlaced,79.0,78.0,77.0,5
7.7,1,2,2,90,4.8,No,No,62,86,NotPlaced,74.0,96.0,93.0,5
7.9,1,2,1,82,4.5,Yes,Yes,67,63,NotPlaced,65.0,90.0,86.0,4
8.1,1,3,1,88,4.4,No,Yes,77,87,Placed,82.0,88.00000000000001,88.0,5
8.4,2,3,2,90,4.5,Yes,Yes,85,86,Placed,85.5,90.0,90.0,7
7.3,0,2,1,74,3.7,No,No,58,68,NotPlaced,63.0,74.0,74.0,3
8.2,2,3,2,87,4.8,Yes,Yes,75,72,Placed,73.5,96.0,91.5,7
7.6,1,1,1,68,4.2,No,No,56,67,NotPlaced,61.5,84.00000000000001,76.0,3
6.7,1,3,1,88,4.3,Yes,No,87,67,NotPlaced,77.0,86.0,87.0,5
7.1,0,2,0,80,3.8,No,Yes,57,70,NotPlaced,63.5,76.0,78.0,2
8.3,1,3,3,90,4.8,Yes,Yes,80,81,Placed,80.5,96.0,93.0,7
7.4,0,1,1,69,3.5,No,No,69,63,NotPlaced,66.0,70.0,69.5,2
8.6,0,3,2,88,4.8,Yes,Yes,85,83,Placed,84.0,96.0,92.0,5
6.7,1,2,1,60,4.1,No,No,55,70,NotPlaced,62.5,82.0,71.0,4
8.0,1,2,0,87,4.4,Yes,Yes,87,82,Placed,84.5,88.00000000000001,87.5,3
6.5,1,1,1,67,4.3,No,No,55,67,NotPlaced,61.0,86.0,76.5,3
7.1,0,1,1,71,4.0,No,Yes,56,64,NotPlaced,60.0,80.0,75.5,2
6.7,0,1,0,83,4.4,No,No,62,68,NotPlaced,65.0,88.00000000000001,85.5,1
6.5,0,1,1,63,3.7,No,No,58,66,NotPlaced,62.0,74.0,68.5,2
7.7,1,1,2,85,4.7,Yes,Yes,80,82,NotPlaced,81.0,94.0,89.5,4
6.5,1,2,0,69,3.4,No,No,56,71,NotPlaced,63.5,68.0,68.5,3
6.5,1,2,0,67,4.4,No,No,72,68,NotPlaced,70.0,88.00000000000001,77.5,3
7.7,0,1,1,65,4.0,No,No,57,66,NotPlaced,61.5,80.0,72.5,2
8.0,2,3,2,90,4.7,Yes,Yes,70,87,Placed,78.5,94.0,92.0,7
6.5,1,1,0,70,4.8,Yes,Yes,79,62,Placed,70.5,96.0,83.0,2
7.1,1,1,1,72,4.3,No,Yes,55,65,NotPlaced,60.0,86.0,79.0,3
7.4,0,2,0,88,3.6,No,No,75,68,NotPlaced,71.5,72.0,80.0,2
8.0,1,1,2,85,4.5,Yes,Yes,63,69,Placed,66.0,90.0,87.5,4
6.5,1,1,1,75,3.9,No,No,58,66,NotPlaced,62.0,78.0,76.5,3
7.5,2,1,2,79,3.9,Yes,Yes,68,82,NotPlaced,75.0,78.0,78.5,5
8.9,1,2,0,77,4.5,Yes,Yes,71,86,NotPlaced,78.5,90.0,83.5,3
8.3,2,1,0,86,4.8,Yes,No,74,86,NotPlaced,80.0,96.0,91.0,3
8.4,1,3,2,90,4.8,Yes,Yes,70,84,NotPlaced,77.0,96.0,93.0,6
6.6,0,2,1,70,3.2,No,Yes,62,58,NotPlaced,60.0,64.0,67.0,3
6.6,1,1,1,75,3.6,No,No,61,72,Placed,66.5,72.0,73.5,3
8.1,2,3,1,75,3.7,Yes,Yes,86,66,Placed,76.0,74.0,74.5,6
6.5,2,3,2,81,3.5,Yes,No,82,68,Placed,75.0,70.0,75.5,7
7.6,0,1,1,85,4.1,No,Yes,56,68,Placed,62.0,82.0,83.5,2
6.5,1,2,0,79,4.6,Yes,No,71,75,Placed,73.0,92.0,85.5,3
6.5,0,3,2,90,4.8,Yes,Yes,82,86,Placed,84.0,96.0,93.0,5
8.6,2,3,2,90,4.8,Yes,Yes,79,82,Placed,80.5,96.0,93.0,7
6.5,1,2,0,84,4.3,No,Yes,80,69,NotPlaced,74.5,86.0,85.0,3
8.0,1,1,0,84,3.9,Yes,No,55,66,NotPlaced,60.5,78.0,81.0,2
7.6,0,1,1,84,4.3,No,No,55,68,NotPlaced,61.5,86.0,85.0,2
7.4,0,1,1,65,4.7,No,No,55,58,NotPlaced,56.5,94.0,79.5,2
8.4,2,3,0,75,4.8,No,No,64,81,Placed,72.5,96.0,85.5,5
8.4,1,3,0,77,4.7,Yes,Yes,79,84,Placed,81.5,94.0,85.5,4
7.5,1,2,1,69,3.8,No,Yes,57,69,NotPlaced,63.0,76.0,72.5,4
6.5,1,1,0,75,4.7,No,Yes,56,69,Placed,62.5,94.0,84.5,2
8.2,2,3,1,70,3.8,No,No,73,65,NotPlaced,69.0,76.0,73.0,6
7.4,1,2,1,67,4.2,No,Yes,58,64,NotPlaced,61.0,84.00000000000001,75.5,4
8.4,1,3,2,88,4.8,Yes,Yes,80,85,Placed,82.5,96.0,92.0,6
7.2,1,1,1,69,4.3,No,No,58,62,NotPlaced,60.0,86.0,77.5,3
7.5,1,1,0,74,4.2,No,No,62,68,NotPlaced,65.0,84.00000000000001,79.0,2
6.5,1,2,0,71,4.3,No,Yes,55,70,NotPlaced,62.5,86.0,78.5,3
8.6,2,3,2,90,4.8,Yes,Yes,84,85,Placed,84.5,96.0,93.0,7
6.5,1,1,2,71,4.1,Yes,Yes,64,85,NotPlaced,74.5,82.0,76.5,4
7.7,1,1,1,71,4.3,Yes,No,57,71,NotPlaced,64.0,86.0,78.5,3
8.7,1,3,2,90,4.8,Yes,Yes,76,85,Placed,80.5,96.0,93.0,6
6.5,0,1,0,65,3.5,No,Yes,55,71,NotPlaced,63.0,70.0,67.5,1
8.1,1,3,1,90,4.8,Yes,Yes,74,80,Placed,77.0,96.0,93.0,5
7.6,1,2,1,68,4.5,No,Yes,80,66,NotPlaced,73.0,90.0,79.0,4
8.7,2,3,1,77,4.3,Yes,Yes,72,67,NotPlaced,69.5,86.0,81.5,6
7.7,0,1,1,71,4.0,No,No,55,62,NotPlaced,58.5,80.0,75.5,2
8.7,1,3,2,88,4.8,Yes,Yes,83,86,Placed,84.5,96.0,92.0,6
7.1,1,2,0,77,3.7,Yes,Yes,71,69,Placed,70.0,74.0,75.5,3
6.6,1,2,1,74,3.7,No,No,55,66,NotPlaced,60.5,74.0,74.0,4
6.5,0,2,0,78,4.5,No,Yes,55,68,Placed,61.5,90.0,84.0,2
7.6,1,2,0,60,3.9,No,No,55,63,NotPlaced,59.0,78.0,69.0,3
7.4,1,1,1,81,3.8,No,Yes,55,84,NotPlaced,69.5,76.0,78.5,3
8.0,1,1,0,83,4.7,No,Yes,60,87,Placed,73.5,94.0,88.5,2
7.6,1,3,1,83,4.8,No,No,82,68,Placed,75.0,96.0,89.5,5
8.3,2,3,2,90,4.7,Yes,Yes,76,88,Placed,82.0,94.0,92.0,7
7.0,0,1,0,82,4.4,Yes,No,55,73,NotPlaced,64.0,88.00000000000001,85.0,1
7.9,1,1,2,74,4.8,Yes,No,80,79,NotPlaced,79.5,96.0,85.0,4
6.5,0,3,1,67,3.5,Yes,Yes,86,72,Placed,79.0,70.0,68.5,4
7.6,1,1,0,74,4.0,No,Yes,60,68,NotPlaced,64.0,80.0,77.0,2
7.4,1,1,1,68,4.7,No,Yes,55,66,NotPlaced,60.5,94.0,81.0,3
7.1,1,2,0,84,4.6,No,Yes,71,61,Placed,66.0,92.0,88.0,3
6.5,1,1,0,68,4.1,No,Yes,55,64,NotPlaced,59.5,82.0,75.0,2
8.5,1,3,1,77,4.7,Yes,Yes,65,85,NotPlaced,75.0,94.0,85.5,5
8.4,0,3,2,89,4.1,Yes,Yes,70,84,Placed,77.0,82.0,85.5,5
8.6,2,3,3,87,4.7,Yes,Yes,70,86,Placed,78.0,94.0,90.5,8
8.0,1,2,1,81,4.4,Yes,Yes,83,84,Placed,83.5,88.00000000000001,84.5,4
8.0,1,1,1,77,3.7,Yes,Yes,73,69,NotPlaced,71.0,74.0,75.5,3
8.5,2,2,0,86,4.3,Yes,Yes,80,86,Placed,83.0,86.0,86.0,4
8.2,0,3,0,71,4.7,Yes,Yes,76,88,Placed,82.0,94.0,82.5,3
7.6,0,1,1,81,4.3,Yes,No,74,67,NotPlaced,70.5,86.0,83.5,2
8.3,2,3,0,79,4.5,Yes,No,59,85,NotPlaced,72.0,90.0,84.5,5
6.8,1,2,2,82,3.9,Yes,Yes,61,66,Placed,63.5,78.0,80.0,5
7.8,2,3,1,86,4.4,Yes,Yes,76,80,NotPlaced,78.0,88.00000000000001,87.0,6
8.6,1,3,1,87,4.6,Yes,Yes,77,74,Placed,75.5,92.0,89.5,5
7.8,2,3,0,82,4.3,Yes,Yes,72,88,Placed,80.0,86.0,84.0,5
8.2,1,3,2,75,4.5,Yes,Yes,80,63,NotPlaced,71.5,90.0,82.5,6
8.3,0,3,2,84,4.3,No,No,81,82,NotPlaced,81.5,86.0,85.0,5
7.6,1,3,0,80,4.3,Yes,Yes,84,67,NotPlaced,75.5,86.0,83.0,4
7.6,1,1,0,81,4.5,No,No,62,67,NotPlaced,64.5,90.0,85.5,2
6.5,1,1,0,78,3.5,No,Yes,58,73,NotPlaced,65.5,70.0,74.0,2
6.5,1,1,1,64,4.0,No,Yes,55,66,NotPlaced,60.5,80.0,72.0,3
7.5,2,2,0,89,4.8,Yes,Yes,72,79,Placed,75.5,96.0,92.5,4
7.4,2,1,0,77,4.3,No,No,66,74,Placed,70.0,86.0,81.5,3
7.8,0,3,0,69,4.2,Yes,Yes,73,71,Placed,72.0,84.00000000000001,76.5,3
7.7,1,2,1,66,3.4,No,Yes,60,80,NotPlaced,70.0,68.0,67.0,4
7.7,2,1,1,90,4.5,Yes,Yes,56,73,Placed,64.5,90.0,90.0,4
8.2,1,1,0,76,4.7,Yes,Yes,75,84,NotPlaced,79.5,94.0,85.0,2
7.2,1,1,0,78,4.2,No,No,65,74,NotPlaced,69.5,84.00000000000001,81.0,2
7.5,0,1,2,89,4.0,No,Yes,66,63,NotPlaced,64.5,80.0,84.5,3
7.5,0,1,0,66,3.5,No,No,60,73,NotPlaced,66.5,70.0,68.0,1
7.3,0,1,1,74,4.1,No,No,64,72,NotPlaced,68.0,82.0,78.0,2
7.1,1,2,0,85,4.2,Yes,Yes,73,84,Placed,78.5,84.00000000000001,84.5,3
8.0,2,3,3,80,4.8,Yes,Yes,78,86,NotPlaced,82.0,96.0,88.0,8
7.7,0,1,0,69,3.9,No,Yes,56,62,NotPlaced,59.0,78.0,73.5,1
7.5,2,3,1,86,4.4,Yes,Yes,71,80,Placed,75.5,88.00000000000001,87.0,6
7.7,0,1,0,76,3.4,No,No,55,65,NotPlaced,60.0,68.0,72.0,1
7.5,1,1,0,70,4.3,No,Yes,55,71,NotPlaced,63.0,86.0,78.0,2
7.9,1,3,2,81,4.8,No,Yes,74,80,Placed,77.0,96.0,88.5,6
6.6,1,1,1,70,4.6,No,Yes,55,66,Placed,60.5,92.0,81.0,3
6.5,0,1,0,75,4.1,No,Yes,83,67,NotPlaced,75.0,82.0,78.5,1
8.4,2,3,3,87,4.8,No,Yes,72,70,Placed,71.0,96.0,91.5,8
8.4,2,3,2,90,4.8,Yes,Yes,71,87,NotPlaced,79.0,96.0,93.0,7
7.3,1,1,0,65,4.0,No,Yes,63,70,NotPlaced,66.5,80.0,72.5,2
7.6,1,2,0,66,3.8,Yes,No,55,68,NotPlaced,61.5,76.0,71.0,3
8.2,1,3,2,90,4.6,Yes,Yes,86,85,Placed,85.5,92.0,91.0,6
8.3,1,3,0,75,3.9,Yes,Yes,76,81,Placed,78.5,78.0,76.5,4
6.5,2,3,0,82,4.3,No,Yes,56,70,NotPlaced,63.0,86.0,84.0,5
8.3,1,2,2,71,4.5,Yes,Yes,56,67,Placed,61.5,90.0,80.5,5
7.2,0,2,2,90,4.8,Yes,Yes,82,75,Placed,78.5,96.0,93.0,4
7.7,0,1,0,67,3.5,No,No,55,61,NotPlaced,58.0,70.0,68.5,1
7.8,0,2,1,66,3.6,No,Yes,85,66,NotPlaced,75.5,72.0,69.0,3
8.4,2,3,2,90,4.8,No,Yes,70,85,Placed,77.5,96.0,93.0,7
8.1,1,2,0,88,4.6,Yes,Yes,82,86,Placed,84.0,92.0,90.0,3
8.0,0,3,0,88,4.6,Yes,Yes,84,70,Placed,77.0,92.0,90.0,3
8.3,1,1,1,64,4.1,No,No,55,71,NotPlaced,63.0,82.0,73.0,3
6.7,1,2,1,78,4.4,No,No,60,88,NotPlaced,74.0,88.00000000000001,83.0,4
6.6,1,2,0,71,3.8,Yes,Yes,56,86,NotPlaced,71.0,76.0,73.5,3
7.6,0,1,1,65,4.1,No,No,55,62,NotPlaced,58.5,82.0,73.5,2
7.5,1,1,0,70,3.9,No,No,56,75,NotPlaced,65.5,78.0,74.0,2
6.5,1,1,0,82,3.9,No,Yes,55,60,NotPlaced,57.5,78.0,80.0,2
8.3,1,2,2,82,4.6,Yes,Yes,83,87,Placed,85.0,92.0,87.0,5
6.5,0,2,1,69,4.7,Yes,Yes,72,72,NotPlaced,72.0,94.0,81.5,3
7.9,2,3,2,87,4.5,No,Yes,74,67,NotPlaced,70.5,90.0,88.5,7
6.6,1,3,0,81,4.4,No,Yes,76,65,NotPlaced,70.5,88.00000000000001,84.5,4
8.1,2,3,2,90,4.7,Yes,Yes,78,82,Placed,80.0,94.0,92.0,7
7.3,1,1,1,83,3.9,Yes,No,67,70,NotPlaced,68.5,78.0,80.5,3
6.6,0,1,1,67,4.5,No,No,65,71,NotPlaced,68.0,90.0,78.5,2
7.6,1,1,0,81,3.8,No,Yes,59,60,NotPlaced,59.5,76.0,78.5,2
6.5,1,1,1,62,3.4,No,Yes,69,70,NotPlaced,69.5,68.0,65.0,3
7.5,0,1,0,71,4.1,No,No,60,72,NotPlaced,66.0,82.0,76.5,1
7.4,1,1,1,63,4.2,No,Yes,55,68,NotPlaced,61.5,84.00000000000001,73.5,3
6.5,1,2,0,66,4.0,No,No,57,71,NotPlaced,64.0,80.0,73.0,3
7.6,1,2,0,73,4.0,Yes,Yes,75,64,NotPlaced,69.5,80.0,76.5,3
6.8,1,1,1,78,4.1,No,No,73,72,NotPlaced,72.5,82.0,80.0,3
8.8,2,3,2,90,4.8,Yes,Yes,80,80,Placed,80.0,96.0,93.0,7
6.7,1,2,0,77,4.4,No,Yes,58,65,NotPlaced,61.5,88.00000000000001,82.5,3
7.3,1,1,2,66,4.6,No,Yes,55,70,Placed,62.5,92.0,79.0,4
7.6,1,2,1,81,4.0,No,Yes,55,61,NotPlaced,58.0,80.0,80.5,4
7.7,1,2,1,69,4.1,No,Yes,78,63,NotPlaced,70.5,82.0,75.5,4
8.0,2,2,2,83,4.5,Yes,Yes,72,88,NotPlaced,80.0,90.0,86.5,6
7.9,0,1,2,86,4.3,No,Yes,61,63,Placed,62.0,86.0,86.0,3
8.4,1,3,0,73,4.6,Yes,Yes,86,83,NotPlaced,84.5,92.0,82.5,4
7.5,1,1,0,69,4.3,No,No,62,62,NotPlaced,62.0,86.0,77.5,2
6.6,1,2,0,88,4.0,No,No,78,67,NotPlaced,72.5,80.0,84.0,3
8.3,2,3,2,90,4.8,Yes,Yes,80,88,Placed,84.0,96.0,93.0,7
7.4,2,3,2,71,4.8,Yes,Yes,85,75,Placed,80.0,96.0,83.5,7
6.8,1,2,0,79,3.4,No,Yes,76,63,NotPlaced,69.5,68.0,73.5,3
8.4,1,3,2,90,4.8,Yes,Yes,80,78,Placed,79.0,96.0,93.0,6
8.3,1,1,2,88,4.1,Yes,No,70,80,Placed,75.0,82.0,85.0,4
7.9,2,1,2,89,4.8,Yes,No,78,77,NotPlaced,77.5,96.0,92.5,5
7.5,1,1,0,66,3.8,No,No,58,63,NotPlaced,60.5,76.0,71.0,2
8.2,2,1,1,69,4.5,Yes,No,83,79,NotPlaced,81.0,90.0,79.5,4
6.9,1,2,0,85,4.8,Yes,Yes,73,87,Placed,80.0,96.0,90.5,3
6.7,0,1,0,71,4.3,No,No,67,60,NotPlaced,63.5,86.0,78.5,1
7.6,0,3,2,85,3.7,Yes,Yes,80,83,NotPlaced,81.5,74.0,79.5,5
7.9,1,2,2,76,4.5,Yes,Yes,55,58,NotPlaced,56.5,90.0,83.0,5
7.8,1,1,2,82,4.3,Yes,Yes,59,65,Placed,62.0,86.0,84.0,4
8.1,2,3,2,78,4.5,No,Yes,57,68,Placed,62.5,90.0,84.0,7
8.6,2,3,0,89,4.8,Yes,Yes,83,85,Placed,84.0,96.0,92.5,5
7.7,1,2,1,76,4.7,Yes,Yes,73,88,NotPlaced,80.5,94.0,85.0,4
8.2,2,3,2,90,4.8,Yes,Yes,87,88,Placed,87.5,96.0,93.0,7
8.0,1,2,2,89,4.5,Yes,Yes,81,81,Placed,81.0,90.0,89.5,5
7.4,1,2,0,78,4.6,No,No,78,65,NotPlaced,71.5,92.0,85.0,3
7.6,1,2,0,60,4.1,No,Yes,57,65,NotPlaced,61.0,82.0,71.0,3
7.8,0,2,0,70,4.3,No,No,55,68,NotPlaced,61.5,86.0,78.0,2
7.6,1,2,1,78,4.3,No,Yes,60,71,NotPlaced,65.5,86.0,82.0,4
8.1,2,2,1,88,4.8,Yes,Yes,88,67,NotPlaced,77.5,96.0,92.0,5
8.1,0,1,0,85,4.5,Yes,Yes,79,82,Placed,80.5,90.0,87.5,1
8.6,1,1,2,75,4.5,Yes,Yes,68,82,NotPlaced,75.0,90.0,82.5,4
7.8,1,2,2,76,4.0,No,Yes,73,58,NotPlaced,65.5,80.0,78.0,5
8.3,0,3,2,75,3.8,Yes,Yes,83,85,Placed,84.0,76.0,75.5,5
7.3,1,1,1,76,4.1,No,Yes,80,68,NotPlaced,74.0,82.0,79.0,3
7.1,0,1,0,68,3.6,No,Yes,73,72,Placed,72.5,72.0,70.0,1
8.2,2,3,2,90,4.6,Yes,No,72,85,NotPlaced,78.5,92.0,91.0,7
7.5,1,1,0,81,4.5,No,Yes,58,76,Placed,67.0,90.0,85.5,2
8.4,1,1,1,70,4.8,Yes,No,67,84,NotPlaced,75.5,96.0,83.0,3
6.8,1,2,1,81,4.0,Yes,Yes,56,82,NotPlaced,69.0,80.0,80.5,4
8.7,2,3,2,90,4.8,Yes,Yes,76,85,Placed,80.5,96.0,93.0,7
8.0,2,2,2,83,3.3,Yes,Yes,65,69,NotPlaced,67.0,65.99999999999999,74.5,6
8.6,1,3,1,83,4.7,Yes,Yes,81,87,Placed,84.0,94.0,88.5,5
8.1,2,3,3,76,4.5,Yes,Yes,69,67,NotPlaced,68.0,90.0,83.0,8
6.5,1,1,0,70,4.2,No,No,55,59,NotPlaced,57.0,84.00000000000001,77.0,2
8.4,0,3,0,84,4.8,Yes,Yes,77,84,Placed,80.5,96.0,90.0,3
8.3,0,3,2,78,4.3,Yes,No,77,87,NotPlaced,82.0,86.0,82.0,5
7.8,2,2,2,81,4.8,Yes,Yes,74,88,Placed,81.0,96.0,88.5,6
7.5,1,2,1,79,4.6,No,Yes,65,71,NotPlaced,68.0,92.0,85.5,4
8.3,2,3,2,90,4.8,Yes,Yes,81,87,Placed,84.0,96.0,93.0,7
7.4,1,1,0,64,4.7,Yes,Yes,55,72,NotPlaced,63.5,94.0,79.0,2
8.1,1,1,1,72,4.6,Yes,No,61,63,NotPlaced,62.0,92.0,82.0,3
7.9,2,3,2,85,4.7,Yes,Yes,85,84,Placed,84.5,94.0,89.5,7
7.8,1,3,2,87,4.3,Yes,Yes,73,72,Placed,72.5,86.0,86.5,6
7.0,1,1,2,81,4.8,Yes,No,72,82,NotPlaced,77.0,96.0,88.5,4
8.3,1,1,0,80,4.4,No,No,71,62,NotPlaced,66.5,88.00000000000001,84.0,2
6.9,1,1,0,70,4.6,Yes,Yes,65,82,Placed,73.5,92.0,81.0,2
8.2,1,2,0,83,4.8,Yes,No,65,71,Placed,68.0,96.0,89.5,3
7.9,1,1,0,81,4.6,Yes,No,61,68,Placed,64.5,92.0,86.5,2
7.8,2,3,1,73,4.3,Yes,Yes,82,82,Placed,82.0,86.0,79.5,6
7.7,1,2,1,85,4.6,Yes,Yes,76,83,Placed,79.5,92.0,88.5,4
8.5,2,2,2,80,4.8,Yes,Yes,75,88,Placed,81.5,96.0,88.0,6
7.7,1,2,0,71,4.5,Yes,Yes,71,68,NotPlaced,69.5,90.0,80.5,3
8.3,2,3,2,87,4.8,Yes,Yes,82,84,Placed,83.0,96.0,91.5,7
8.4,1,3,2,89,4.2,Yes,Yes,76,83,Placed,79.5,84.00000000000001,86.5,6
7.5,1,1,1,71,4.0,No,Yes,55,60,NotPlaced,57.5,80.0,75.5,3
7.4,1,2,3,71,4.8,Yes,Yes,85,71,NotPlaced,78.0,96.0,83.5,6
8.2,2,1,0,74,4.5,Yes,Yes,77,67,NotPlaced,72.0,90.0,82.0,3
7.9,1,2,2,88,4.8,Yes,Yes,70,84,Placed,77.0,96.0,92.0,5
8.3,2,3,2,90,4.8,Yes,Yes,72,84,NotPlaced,78.0,96.0,93.0,7
6.5,0,1,0,75,4.5,No,No,58,84,NotPlaced,71.0,90.0,82.5,1
7.6,1,2,0,76,3.8,Yes,Yes,55,73,Placed,64.0,76.0,76.0,3
8.1,2,3,3,90,4.7,Yes,Yes,64,83,Placed,73.5,94.0,92.0,8
7.7,2,3,0,87,4.4,Yes,Yes,78,82,NotPlaced,80.0,88.00000000000001,87.5,5
8.3,1,1,1,71,4.8,Yes,Yes,78,83,NotPlaced,80.5,96.0,83.5,3
7.7,1,1,1,71,4.2,No,Yes,55,72,NotPlaced,63.5,84.00000000000001,77.5,3
8.5,1,3,2,88,4.2,Yes,Yes,87,88,Placed,87.5,84.00000000000001,86.0,6
8.0,2,3,2,90,4.8,Yes,Yes,78,87,Placed,82.5,96.0,93.0,7
7.5,1,1,1,64,3.3,No,No,68,58,NotPlaced,63.0,65.99999999999999,65.0,3
8.7,0,1,2,90,4.5,Yes,Yes,76,87,Placed,81.5,90.0,90.0,3
8.3,1,2,1,71,3.9,No,No,55,66,NotPlaced,60.5,78.0,74.5,4
8.0,2,3,2,90,4.3,Yes,Yes,72,84,Placed,78.0,86.0,88.0,7
7.7,0,2,0,73,4.2,Yes,Yes,82,87,Placed,84.5,84.00000000000001,78.5,2
7.8,1,1,1,72,4.3,No,Yes,62,70,NotPlaced,66.0,86.0,79.0,3
8.5,2,3,2,89,4.8,Yes,Yes,74,83,Placed,78.5,96.0,92.5,7
7.5,1,1,0,77,3.9,No,Yes,55,69,NotPlaced,62.0,78.0,77.5,2
8.2,1,2,3,82,4.6,Yes,Yes,74,83,NotPlaced,78.5,92.0,87.0,6
8.7,2,3,2,90,4.8,Yes,Yes,79,85,Placed,82.0,96.0,93.0,7
7.5,1,1,2,75,3.5,No,Yes,69,67,NotPlaced,68.0,70.0,72.5,4
7.6,0,2,2,67,4.0,No,Yes,76,67,NotPlaced,71.5,80.0,73.5,4
6.5,1,1,0,80,3.8,No,No,61,65,Placed,63.0,76.0,78.0,2
7.7,1,1,1,77,4.1,Yes,Yes,74,61,NotPlaced,67.5,82.0,79.5,3
8.6,0,3,2,73,4.2,Yes,No,73,85,Placed,79.0,84.00000000000001,78.5,5
6.5,0,1,1,82,4.5,No,No,55,71,NotPlaced,63.0,90.0,86.0,2
7.6,2,2,2,67,4.7,Yes,No,57,66,NotPlaced,61.5,94.0,80.5,6
7.5,2,1,2,80,4.0,No,No,76,75,NotPlaced,75.5,80.0,80.0,5
6.5,1,1,1,70,3.8,No,No,55,62,NotPlaced,58.5,76.0,73.0,3
7.6,1,2,0,82,4.0,No,No,59,68,NotPlaced,63.5,80.0,81.0,3
7.9,0,3,1,86,4.6,Yes,No,77,80,Placed,78.5,92.0,89.0,4
6.5,1,1,1,77,3.9,No,Yes,55,70,NotPlaced,62.5,78.0,77.5,3
8.3,2,3,2,90,4.7,Yes,Yes,82,83,NotPlaced,82.5,94.0,92.0,7
8.1,2,3,2,90,4.8,Yes,Yes,80,88,Placed,84.0,96.0,93.0,7
7.5,1,2,2,71,4.1,No,Yes,72,83,Placed,77.5,82.0,76.5,5
6.8,1,1,0,85,4.3,No,Yes,77,75,NotPlaced,76.0,86.0,85.5,2
7.4,1,1,0,78,3.9,No,No,55,80,NotPlaced,67.5,78.0,78.0,2
6.6,1,2,0,77,4.1,No,Yes,55,72,NotPlaced,63.5,82.0,79.5,3
8.4,1,2,2,77,4.5,No,Yes,55,85,NotPlaced,70.0,90.0,83.5,5
8.8,1,1,2,87,4.4,Yes,Yes,78,81,Placed,79.5,88.00000000000001,87.5,4
7.8,0,1,0,79,4.1,No,Yes,58,65,Placed,61.5,82.0,80.5,1
7.4,0,2,0,86,3.8,No,Yes,78,71,NotPlaced,74.5,76.0,81.0,2
7.4,0,1,1,73,4.4,No,No,55,57,NotPlaced,56.0,88.00000000000001,80.5,2
7.6,1,1,3,79,4.8,No,Yes,70,66,NotPlaced,68.0,96.0,87.5,5
8.3,1,3,2,90,4.8,Yes,Yes,86,84,Placed,85.0,96.0,93.0,6
8.4,0,3,0,75,4.6,Yes,Yes,73,83,Placed,78.0,92.0,83.5,3
7.2,0,1,0,60,3.8,No,No,55,63,NotPlaced,59.0,76.0,68.0,1
8.2,2,3,2,86,4.7,Yes,Yes,85,88,Placed,86.5,94.0,90.0,7
8.5,2,3,2,90,4.8,Yes,Yes,73,88,Placed,80.5,96.0,93.0,7
7.7,1,1,0,70,4.3,No,Yes,78,72,NotPlaced,75.0,86.0,78.0,2
8.7,1,2,2,77,4.3,Yes,Yes,79,88,Placed,83.5,86.0,81.5,5
8.8,1,3,2,82,4.8,Yes,Yes,77,84,NotPlaced,80.5,96.0,89.0,6
8.7,1,2,0,78,4.4,Yes,Yes,71,80,Placed,75.5,88.00000000000001,83.0,3
8.8,2,3,2,90,4.8,Yes,Yes,72,88,Placed,80.0,96.0,93.0,7
8.4,1,3,3,90,4.7,Yes,Yes,78,72,Placed,75.0,94.0,92.0,7
8.1,2,3,2,90,4.6,Yes,Yes,82,88,Placed,85.0,92.0,91.0,7
7.6,1,2,0,81,4.5,No,Yes,76,84,NotPlaced,80.0,90.0,85.5,3
7.4,1,1,0,74,3.8,No,Yes,55,70,NotPlaced,62.5,76.0,75.0,2
8.1,0,3,2,90,4.7,Yes,Yes,82,86,Placed,84.0,94.0,92.0,5
7.8,1,1,2,81,4.8,Yes,Yes,79,65,Placed,72.0,96.0,88.5,4
7.5,0,2,0,78,4.4,No,Yes,62,65,NotPlaced,63.5,88.00000000000001,83.0,2
8.1,0,2,3,71,4.2,Yes,No,82,74,NotPlaced,78.0,84.00000000000001,77.5,5
7.4,1,1,1,80,4.5,No,Yes,57,77,NotPlaced,67.0,90.0,85.0,3
7.5,0,1,1,67,3.6,No,No,63,72,NotPlaced,67.5,72.0,69.5,2
7.7,1,3,2,90,4.7,Yes,Yes,80,84,Placed,82.0,94.0,92.0,6
7.6,1,2,2,78,4.4,Yes,Yes,82,74,NotPlaced,78.0,88.00000000000001,83.0,5
6.5,0,1,0,78,3.9,No,No,64,67,NotPlaced,65.5,78.0,78.0,1
7.3,1,1,2,82,4.2,Yes,Yes,72,74,NotPlaced,73.0,84.00000000000001,83.0,4
8.3,2,3,2,89,4.4,Yes,Yes,66,84,Placed,75.0,88.00000000000001,88.5,7
7.5,1,1,0,72,3.4,No,No,55,61,NotPlaced,58.0,68.0,70.0,2
8.7,2,1,3,73,4.6,Yes,Yes,79,79,Placed,79.0,92.0,82.5,6
7.4,1,3,1,87,3.6,No,No,57,61,NotPlaced,59.0,72.0,79.5,5
7.8,2,1,0,84,4.2,Yes,Yes,71,65,Placed,68.0,84.00000000000001,84.0,3
8.0,1,3,2,89,4.8,Yes,Yes,70,81,NotPlaced,75.5,96.0,92.5,6
7.3,1,1,1,75,3.7,No,Yes,55,74,NotPlaced,64.5,74.0,74.5,3
8.3,0,1,0,79,3.5,No,Yes,70,70,Placed,70.0,70.0,74.5,1
7.8,1,1,1,78,4.5,No,Yes,78,66,NotPlaced,72.0,90.0,84.0,3
8.2,1,3,2,90,4.8,Yes,Yes,72,85,Placed,78.5,96.0,93.0,6
8.4,2,2,2,87,4.7,Yes,Yes,56,85,NotPlaced,70.5,94.0,90.5,6
8.5,1,1,0,75,4.5,Yes,Yes,84,68,NotPlaced,76.0,90.0,82.5,2
7.4,0,2,1,83,4.5,Yes,Yes,55,68,Placed,61.5,90.0,86.5,3
7.2,1,1,1,83,4.4,No,No,59,68,NotPlaced,63.5,88.00000000000001,85.5,3
6.9,1,2,1,70,4.1,No,No,60,64,NotPlaced,62.0,82.0,76.0,4
8.5,0,3,3,87,4.7,Yes,Yes,73,85,NotPlaced,79.0,94.0,90.5,6
7.8,2,3,2,90,4.3,Yes,Yes,80,85,Placed,82.5,86.0,88.0,7
7.5,0,3,1,84,4.2,No,Yes,56,68,NotPlaced,62.0,84.00000000000001,84.0,4
6.5,1,1,0,68,4.5,No,No,59,64,NotPlaced,61.5,90.0,79.0,2
6.7,0,1,0,60,3.9,No,Yes,55,58,NotPlaced,56.5,78.0,69.0,1
7.3,1,2,2,79,4.6,No,No,55,68,Placed,61.5,92.0,85.5,5
7.4,1,2,1,63,3.6,Yes,Yes,57,61,NotPlaced,59.0,72.0,67.5,4
8.6,2,3,2,90,4.8,Yes,Yes,73,80,Placed,76.5,96.0,93.0,7
6.5,1,2,0,84,4.2,No,No,79,65,NotPlaced,72.0,84.00000000000001,84.0,3
7.7,1,2,0,85,4.3,No,Yes,69,74,NotPlaced,71.5,86.0,85.5,3
6.7,1,1,1,67,3.7,No,No,56,64,NotPlaced,60.0,74.0,70.5,3
7.4,0,1,1,68,4.1,No,Yes,55,74,NotPlaced,64.5,82.0,75.0,2
7.7,1,2,0,88,4.8,Yes,Yes,70,85,Placed,77.5,96.0,92.0,3
8.7,2,3,0,86,4.8,Yes,Yes,70,80,Placed,75.0,96.0,91.0,5
7.8,2,3,2,90,4.7,Yes,Yes,80,86,Placed,83.0,94.0,92.0,7
8.0,2,3,2,90,4.8,Yes,Yes,73,88,NotPlaced,80.5,96.0,93.0,7
7.7,2,1,1,79,4.6,Yes,Yes,89,87,Placed,88.0,92.0,85.5,4
8.3,1,3,2,87,4.6,Yes,Yes,80,81,NotPlaced,80.5,92.0,89.5,6
7.5,1,3,0,86,4.4,Yes,Yes,73,83,Placed,78.0,88.00000000000001,87.0,4
8.3,2,3,2,81,4.8,Yes,Yes,70,85,Placed,77.5,96.0,88.5,7
8.1,1,1,1,71,4.7,Yes,Yes,56,68,NotPlaced,62.0,94.0,82.5,3
8.5,0,3,2,90,4.8,Yes,Yes,87,85,Placed,86.0,96.0,93.0,5
8.6,2,3,0,85,4.8,Yes,Yes,89,83,Placed,86.0,96.0,90.5,5
7.9,1,1,2,90,4.8,Yes,Yes,73,84,NotPlaced,78.5,96.0,93.0,4
8.1,1,2,0,85,4.3,Yes,Yes,78,74,Placed,76.0,86.0,85.5,3
6.9,1,1,0,71,4.5,No,Yes,55,63,NotPlaced,59.0,90.0,80.5,2
6.8,2,3,3,87,4.0,Yes,Yes,78,82,NotPlaced,80.0,80.0,83.5,8
7.7,1,1,0,84,4.7,Yes,Yes,71,63,Placed,67.0,94.0,89.0,2
6.7,1,3,0,86,4.1,No,No,65,69,NotPlaced,67.0,82.0,84.0,4
6.5,1,2,1,76,4.5,Yes,Yes,55,74,NotPlaced,64.5,90.0,83.0,4
8.1,2,3,2,85,4.6,Yes,Yes,80,84,Placed,82.0,92.0,88.5,7
7.5,0,1,1,78,3.9,No,Yes,55,75,NotPlaced,65.0,78.0,78.0,2
8.4,2,3,0,85,4.2,Yes,Yes,60,86,NotPlaced,73.0,84.00000000000001,84.5,5
6.8,1,1,0,76,4.5,No,No,55,65,Placed,60.0,90.0,83.0,2
7.9,1,3,1,84,3.9,Yes,Yes,77,85,NotPlaced,81.0,78.0,81.0,5
6.5,1,1,0,71,4.1,No,No,55,66,NotPlaced,60.5,82.0,76.5,2
7.8,1,3,0,88,4.8,Yes,Yes,77,87,Placed,82.0,96.0,92.0,4
6.5,0,2,1,60,3.5,No,No,55,73,NotPlaced,64.0,70.0,65.0,3
7.8,0,1,1,77,4.8,No,Yes,73,67,NotPlaced,70.0,96.0,86.5,2
7.8,0,1,0,61,4.0,No,No,56,68,NotPlaced,62.0,80.0,70.5,1
6.5,1,1,0,67,3.8,No,Yes,55,71,NotPlaced,63.0,76.0,71.5,2
8.3,1,3,2,76,4.8,Yes,Yes,71,87,Placed,79.0,96.0,86.0,6
8.3,0,3,1,71,3.4,Yes,Yes,77,71,NotPlaced,74.0,68.0,69.5,4
7.6,1,3,1,70,4.5,Yes,Yes,57,68,NotPlaced,62.5,90.0,80.0,5
8.0,1,3,2,90,4.8,Yes,Yes,77,83,NotPlaced,80.0,96.0,93.0,6
7.5,0,1,0,74,4.1,No,No,55,68,NotPlaced,61.5,82.0,78.0,1
6.5,0,1,0,73,4.0,Yes,Yes,68,67,NotPlaced,67.5,80.0,76.5,1
8.5,1,3,1,83,4.7,Yes,Yes,55,84,Placed,69.5,94.0,88.5,5
7.6,1,1,2,78,4.2,No,No,78,60,NotPlaced,69.0,84.00000000000001,81.0,4
7.7,2,3,1,85,4.2,Yes,No,83,84,Placed,83.5,84.00000000000001,84.5,6
7.5,1,1,3,68,3.6,No,No,58,72,NotPlaced,65.0,72.0,70.0,5
8.0,2,1,0,83,4.4,No,Yes,75,73,Placed,74.0,88.00000000000001,85.5,3
8.2,0,1,2,88,4.6,Yes,No,75,58,Placed,66.5,92.0,90.0,3
7.3,1,2,1,71,4.8,Yes,Yes,63,64,NotPlaced,63.5,96.0,83.5,4
8.8,2,1,2,85,4.8,Yes,Yes,72,84,Placed,78.0,96.0,90.5,5
8.1,1,3,2,90,4.8,Yes,Yes,81,83,Placed,82.0,96.0,93.0,6
8.1,2,2,2,82,4.7,Yes,Yes,69,82,NotPlaced,75.5,94.0,88.0,6
6.5,1,1,0,81,4.3,No,Yes,55,63,NotPlaced,59.0,86.0,83.5,2
7.7,1,3,2,74,4.4,Yes,Yes,55,85,NotPlaced,70.0,88.00000000000001,81.0,6
7.9,2,3,1,90,4.0,Yes,Yes,82,75,Placed,78.5,80.0,85.0,6
6.9,0,2,1,76,3.7,No,No,55,64,NotPlaced,59.5,74.0,75.0,3
6.8,1,1,3,72,4.3,No,Yes,75,74,NotPlaced,74.5,86.0,79.0,5
7.6,1,1,0,71,3.8,No,No,55,70,NotPlaced,62.5,76.0,73.5,2
7.7,1,1,0,88,4.7,No,Yes,55,61,NotPlaced,58.0,94.0,91.0,2
8.6,2,3,2,90,4.3,Yes,No,78,79,Placed,78.5,86.0,88.0,7
8.0,1,3,2,86,4.6,Yes,Yes,87,81,Placed,84.0,92.0,89.0,6
6.5,2,3,0,85,4.0,No,No,55,73,NotPlaced,64.0,80.0,82.5,5
7.8,1,2,1,70,4.1,No,Yes,55,63,NotPlaced,59.0,82.0,76.0,4
7.6,1,1,1,77,4.5,No,No,82,64,NotPlaced,73.0,90.0,83.5,3
7.6,1,1,2,73,3.6,No,Yes,62,72,NotPlaced,67.0,72.0,72.5,4
8.1,2,3,2,90,4.8,Yes,Yes,84,88,Placed,86.0,96.0,93.0,7
6.9,2,1,0,78,4.8,No,Yes,71,83,NotPlaced,77.0,96.0,87.0,3
6.8,1,1,0,78,3.7,No,Yes,61,65,Placed,63.0,74.0,76.0,2
7.2,1,1,0,69,4.0,No,No,55,67,NotPlaced,61.0,80.0,74.5,2
8.4,0,1,0,73,4.4,No,No,61,58,NotPlaced,59.5,88.00000000000001,80.5,1
8.2,0,3,2,87,4.8,Yes,Yes,73,87,Placed,80.0,96.0,91.5,5
6.7,1,1,2,90,4.2,Yes,No,79,88,NotPlaced,83.5,84.00000000000001,87.0,4
6.9,1,1,2,81,4.5,Yes,Yes,81,68,Placed,74.5,90.0,85.5,4
7.5,1,1,1,77,4.5,Yes,Yes,72,86,Placed,79.0,90.0,83.5,3
7.7,1,2,1,75,3.8,No,No,55,64,NotPlaced,59.5,76.0,75.5,4
7.4,0,2,0,78,4.4,No,Yes,78,69,NotPlaced,73.5,88.00000000000001,83.0,2
7.2,1,2,1,69,3.1,No,Yes,67,65,NotPlaced,66.0,62.0,65.5,4
7.5,1,1,1,66,3.7,No,Yes,69,70,NotPlaced,69.5,74.0,70.0,3
8.1,1,1,2,77,4.8,Yes,Yes,73,87,Placed,80.0,96.0,86.5,4
7.5,1,2,1,78,4.4,Yes,Yes,64,74,NotPlaced,69.0,88.00000000000001,83.0,4
8.3,2,3,0,89,4.6,Yes,Yes,86,83,Placed,84.5,92.0,90.5,5
7.9,1,2,0,89,4.8,No,Yes,77,66,NotPlaced,71.5,96.0,92.5,3
8.1,1,2,1,72,4.2,No,Yes,71,85,NotPlaced,78.0,84.00000000000001,78.0,4
8.2,1,3,2,90,4.8,Yes,Yes,85,86,Placed,85.5,96.0,93.0,6
7.4,0,1,0,75,3.8,No,No,79,62,NotPlaced,70.5,76.0,75.5,1
7.7,1,2,0,73,4.3,No,Yes,55,70,NotPlaced,62.5,86.0,79.5,3
6.9,1,3,2,82,3.5,Yes,Yes,59,60,Placed,59.5,70.0,76.0,6
7.6,2,2,0,89,3.8,Yes,No,81,65,NotPlaced,73.0,76.0,82.5,4
7.5,1,2,0,75,3.7,Yes,Yes,67,70,NotPlaced,68.5,74.0,74.5,3
8.7,0,1,3,72,4.8,Yes,Yes,85,68,Placed,76.5,96.0,84.0,4
7.7,2,1,1,64,4.2,No,Yes,55,78,NotPlaced,66.5,84.00000000000001,74.0,4
8.3,1,2,0,74,4.7,Yes,Yes,88,65,Placed,76.5,94.0,84.0,3
7.5,1,1,1,76,3.9,No,No,55,66,NotPlaced,60.5,78.0,77.0,3
6.9,1,3,2,86,4.4,Yes,Yes,79,70,Placed,74.5,88.00000000000001,87.0,6
8.0,1,2,0,79,4.4,No,No,84,77,NotPlaced,80.5,88.00000000000001,83.5,3
8.3,2,3,0,90,4.6,Yes,Yes,78,70,Placed,74.0,92.0,91.0,5
7.6,1,1,1,70,3.6,Yes,Yes,55,74,Placed,64.5,72.0,71.0,3
8.9,2,1,2,90,3.7,Yes,Yes,62,69,Placed,65.5,74.0,82.0,5
7.5,1,3,0,82,4.5,Yes,Yes,74,80,Placed,77.0,90.0,86.0,4
8.3,1,2,0,79,4.3,No,Yes,79,84,Placed,81.5,86.0,82.5,3
6.7,1,2,0,71,3.8,Yes,Yes,73,74,NotPlaced,73.5,76.0,73.5,3
6.5,1,1,0,75,4.5,No,No,59,66,NotPlaced,62.5,90.0,82.5,2
7.7,0,3,2,90,4.8,Yes,Yes,76,84,Placed,80.0,96.0,93.0,5
7.0,0,1,2,72,4.0,Yes,Yes,56,62,NotPlaced,59.0,80.0,76.0,3
8.6,2,3,2,90,4.8,Yes,No,74,81,Placed,77.5,96.0,93.0,7
7.6,1,2,1,82,4.7,Yes,Yes,86,65,NotPlaced,75.5,94.0,88.0,4
8.5,1,1,1,81,4.7,Yes,Yes,77,59,Placed,68.0,94.0,87.5,3
8.4,0,3,2,74,4.5,Yes,Yes,81,68,Placed,74.5,90.0,82.0,5
8.8,1,3,2,74,4.3,Yes,Yes,71,79,Placed,75.0,86.0,80.0,6
8.4,1,3,2,87,4.8,No,Yes,77,84,Placed,80.5,96.0,91.5,6
7.4,1,1,0,78,4.5,Yes,Yes,70,78,Placed,74.0,90.0,84.0,2
8.2,1,3,2,90,4.4,Yes,Yes,85,84,Placed,84.5,88.00000000000001,89.0,6
7.1,1,1,0,76,3.9,No,No,57,70,NotPlaced,63.5,78.0,77.0,2
8.3,0,1,2,90,4.8,Yes,Yes,81,82,Placed,81.5,96.0,93.0,3
8.4,0,2,1,82,4.7,Yes,Yes,57,75,NotPlaced,66.0,94.0,88.0,3
6.5,0,2,0,78,4.3,Yes,Yes,55,69,NotPlaced,62.0,86.0,82.0,2
7.2,1,1,1,90,4.5,No,Yes,81,71,NotPlaced,76.0,90.0,90.0,3
8.4,2,2,2,79,4.7,Yes,Yes,76,80,Placed,78.0,94.0,86.5,6
7.7,1,3,2,90,4.8,Yes,Yes,79,88,Placed,83.5,96.0,93.0,6
7.3,0,2,0,69,3.8,No,Yes,55,63,NotPlaced,59.0,76.0,72.5,2
6.5,1,1,1,62,4.1,No,Yes,60,64,NotPlaced,62.0,82.0,72.0,3
8.3,1,1,0,75,4.0,No,No,55,68,NotPlaced,61.5,80.0,77.5,2
7.2,0,1,0,79,3.8,No,Yes,81,70,NotPlaced,75.5,76.0,77.5,1
8.2,2,3,2,90,4.8,Yes,Yes,81,88,Placed,84.5,96.0,93.0,7
7.4,1,1,1,80,4.3,No,No,84,67,NotPlaced,75.5,86.0,83.0,3
8.4,1,3,2,90,4.8,Yes,Yes,80,87,Placed,83.5,96.0,93.0,6
7.6,1,3,0,83,4.3,Yes,Yes,81,81,Placed,81.0,86.0,84.5,4
7.6,1,1,1,77,4.1,No,Yes,64,70,NotPlaced,67.0,82.0,79.5,3
7.5,2,2,3,70,4.2,Yes,Yes,71,67,Placed,69.0,84.00000000000001,77.0,7
8.1,2,3,2,86,4.8,Yes,Yes,75,86,Placed,80.5,96.0,91.0,7
7.6,1,2,1,76,4.3,Yes,Yes,74,82,Placed,78.0,86.0,81.0,4
8.3,2,3,2,81,4.7,Yes,No,89,85,Placed,87.0,94.0,87.5,7
7.7,2,3,2,90,4.8,Yes,Yes,70,86,NotPlaced,78.0,96.0,93.0,7
7.4,1,2,2,83,4.4,Yes,Yes,56,64,Placed,60.0,88.00000000000001,85.5,5
8.5,1,2,2,78,4.8,Yes,Yes,57,70,NotPlaced,63.5,96.0,87.0,5
8.4,1,1,1,69,4.1,Yes,Yes,63,60,NotPlaced,61.5,82.0,75.5,3
8.6,1,3,1,90,4.8,Yes,Yes,72,83,NotPlaced,77.5,96.0,93.0,5
7.9,0,2,2,85,4.0,Yes,Yes,85,88,Placed,86.5,80.0,82.5,4
7.6,1,1,1,84,4.5,No,Yes,58,77,NotPlaced,67.5,90.0,87.0,3
7.5,1,2,0,80,4.0,Yes,Yes,58,82,NotPlaced,70.0,80.0,80.0,3
8.0,2,3,1,85,4.8,Yes,Yes,72,82,NotPlaced,77.0,96.0,90.5,6
8.2,0,1,2,86,4.4,Yes,No,79,72,Placed,75.5,88.00000000000001,87.0,3
7.5,1,1,0,68,4.1,Yes,Yes,55,67,NotPlaced,61.0,82.0,75.0,2
8.6,0,3,2,85,4.6,No,Yes,55,78,Placed,66.5,92.0,88.5,5
8.1,1,1,2,72,4.1,Yes,No,64,65,NotPlaced,64.5,82.0,77.0,4
8.1,2,3,2,90,4.8,Yes,Yes,78,83,Placed,80.5,96.0,93.0,7
8.5,2,3,0,90,4.8,Yes,Yes,73,88,Placed,80.5,96.0,93.0,5
8.6,2,2,2,90,4.8,Yes,Yes,72,88,Placed,80.0,96.0,93.0,6
6.5,1,3,2,89,4.6,No,Yes,81,71,NotPlaced,76.0,92.0,90.5,6
6.5,0,1,0,61,3.7,No,No,67,71,NotPlaced,69.0,74.0,67.5,1
7.7,0,1,0,63,4.0,Yes,No,67,63,Placed,65.0,80.0,71.5,1
8.2,1,1,1,80,4.3,No,No,75,64,NotPlaced,69.5,86.0,83.0,3
7.7,1,3,0,81,4.1,Yes,Yes,77,68,Placed,72.5,82.0,81.5,4
8.2,0,1,1,80,4.8,Yes,Yes,55,85,Placed,70.0,96.0,88.0,2
8.5,2,3,2,90,4.1,Yes,Yes,74,81,Placed,77.5,82.0,86.0,7
8.6,0,3,2,89,4.3,Yes,Yes,83,68,Placed,75.5,86.0,87.5,5
7.4,1,2,1,70,3.8,No,Yes,55,73,NotPlaced,64.0,76.0,73.0,4
8.5,2,3,0,90,4.7,Yes,Yes,84,88,Placed,86.0,94.0,92.0,5
8.2,1,2,0,82,3.9,Yes,Yes,75,86,NotPlaced,80.5,78.0,80.0,3
7.8,2,3,0,83,4.6,Yes,Yes,79,69,Placed,74.0,92.0,87.5,5
7.0,0,2,1,67,3.8,Yes,No,75,67,NotPlaced,71.0,76.0,71.5,3
7.4,1,2,2,80,4.2,Yes,Yes,73,66,Placed,69.5,84.00000000000001,82.0,5
7.5,1,3,0,77,4.5,Yes,No,82,64,NotPlaced,73.0,90.0,83.5,4
8.0,0,3,2,90,4.8,Yes,Yes,81,83,Placed,82.0,96.0,93.0,5
8.2,0,3,2,82,4.7,No,Yes,81,82,Placed,81.5,94.0,88.0,5
7.6,1,1,1,66,4.5,No,Yes,55,68,NotPlaced,61.5,90.0,78.0,3
6.5,2,1,0,67,3.7,No,No,55,67,NotPlaced,61.0,74.0,70.5,3
6.8,2,2,2,78,4.3,Yes,Yes,78,86,Placed,82.0,86.0,82.0,6
7.6,0,2,0,80,4.0,Yes,Yes,57,83,NotPlaced,70.0,80.0,80.0,2
7.5,1,1,0,78,4.0,No,No,55,71,NotPlaced,63.0,80.0,79.0,2
7.3,1,2,0,79,4.6,No,Yes,55,72,NotPlaced,63.5,92.0,85.5,3
8.3,2,3,2,80,4.2,Yes,Yes,76,87,Placed,81.5,84.00000000000001,82.0,7
7.3,1,2,1,61,4.5,No,Yes,55,84,NotPlaced,69.5,90.0,75.5,4
8.5,1,3,2,88,4.8,Yes,Yes,72,83,Placed,77.5,96.0,92.0,6
8.6,1,3,2,90,4.6,Yes,Yes,85,84,Placed,84.5,92.0,91.0,6
8.6,1,3,2,79,4.5,Yes,Yes,68,82,Placed,75.0,90.0,84.5,6
8.2,1,3,2,90,4.8,Yes,Yes,64,87,NotPlaced,75.5,96.0,93.0,6
8.1,1,2,2,86,4.4,Yes,Yes,81,86,Placed,83.5,88.00000000000001,87.0,5
7.0,1,1,2,70,4.8,Yes,Yes,70,88,NotPlaced,79.0,96.0,83.0,4
8.2,2,2,0,85,4.1,No,Yes,84,84,Placed,84.0,82.0,83.5,4
6.6,0,1,2,72,4.1,No,Yes,84,70,NotPlaced,77.0,82.0,77.0,3
6.6,1,1,0,73,3.9,No,No,63,62,NotPlaced,62.5,78.0,75.5,2
8.6,2,3,2,89,4.8,Yes,Yes,73,87,Placed,80.0,96.0,92.5,7
7.7,1,2,1,67,3.8,No,Yes,75,60,NotPlaced,67.5,76.0,71.5,4
7.6,0,3,1,90,4.6,Yes,Yes,80,72,Placed,76.0,92.0,91.0,4
7.4,1,2,0,90,4.7,Yes,Yes,77,84,Placed,80.5,94.0,92.0,3
7.3,0,1,0,78,4.2,Yes,Yes,60,66,NotPlaced,63.0,84.00000000000001,81.0,1
6.5,1,2,0,76,4.4,No,No,55,59,NotPlaced,57.0,88.00000000000001,82.0,3
7.2,0,2,0,77,4.6,No,No,61,71,NotPlaced,66.0,92.0,84.5,2
7.5,0,1,0,72,4.3,Yes,Yes,60,61,NotPlaced,60.5,86.0,79.0,1
7.9,1,3,0,89,4.5,Yes,Yes,59,84,Placed,71.5,90.0,89.5,4
8.7,1,3,2,90,4.8,Yes,Yes,79,88,NotPlaced,83.5,96.0,93.0,6
7.9,2,3,2,80,4.6,Yes,No,77,69,NotPlaced,73.0,92.0,86.0,7
6.8,0,1,1,61,3.5,Yes,Yes,57,62,NotPlaced,59.5,70.0,65.5,2
8.2,0,3,3,90,4.6,Yes,Yes,75,84,Placed,79.5,92.0,91.0,6
8.5,1,1,2,85,4.7,Yes,Yes,80,77,Placed,78.5,94.0,89.5,4
6.6,1,1,1,76,4.5,No,No,65,63,Placed,64.0,90.0,83.0,3
6.6,1,1,0,70,3.3,No,Yes,60,68,NotPlaced,64.0,65.99999999999999,68.0,2
6.5,1,1,1,67,3.6,No,No,58,67,NotPlaced,62.5,72.0,69.5,3
7.6,1,2,1,86,4.8,Yes,Yes,55,68,NotPlaced,61.5,96.0,91.0,4
7.6,2,2,2,74,3.8,Yes,Yes,75,84,NotPlaced,79.5,76.0,75.0,6
7.5,0,1,0,60,3.7,No,No,55,67,NotPlaced,61.0,74.0,67.0,1
8.0,1,3,2,90,4.8,Yes,Yes,75,82,Placed,78.5,96.0,93.0,6
8.8,2,3,2,90,4.8,Yes,Yes,77,85,Placed,81.0,96.0,93.0,7
7.5,0,1,0,80,4.5,No,No,58,67,NotPlaced,62.5,90.0,85.0,1
7.3,2,1,1,80,4.6,No,Yes,74,75,NotPlaced,74.5,92.0,86.0,4
8.0,2,3,1,90,4.3,Yes,Yes,79,73,Placed,76.0,86.0,88.0,6
7.6,1,1,0,74,4.6,Yes,Yes,76,64,NotPlaced,70.0,92.0,83.0,2
7.5,2,3,1,90,4.4,No,Yes,81,81,NotPlaced,81.0,88.00000000000001,89.0,6
6.5,1,1,0,67,4.6,No,Yes,55,74,NotPlaced,64.5,92.0,79.5,2
7.6,0,1,0,78,4.3,No,Yes,71,64,NotPlaced,67.5,86.0,82.0,1
8.2,0,1,0,90,4.7,No,Yes,67,86,NotPlaced,76.5,94.0,92.0,1
7.4,0,3,2,80,4.4,Yes,Yes,79,67,NotPlaced,73.0,88.00000000000001,84.0,5
8.4,1,3,2,90,4.1,Yes,Yes,77,82,Placed,79.5,82.0,86.0,6
8.7,2,2,2,90,4.8,Yes,Yes,80,85,Placed,82.5,96.0,93.0,6
8.2,2,3,2,90,4.8,Yes,Yes,82,88,Placed,85.0,96.0,93.0,7
8.3,1,3,0,90,4.1,Yes,Yes,82,81,Placed,81.5,82.0,86.0,4
7.8,1,2,1,78,4.4,No,Yes,70,78,NotPlaced,74.0,88.00000000000001,83.0,4
8.1,0,2,0,73,4.5,No,Yes,55,67,NotPlaced,61.0,90.0,81.5,2
6.6,2,2,0,85,3.7,Yes,Yes,58,72,Placed,65.0,74.0,79.5,4
7.6,2,2,0,86,4.0,Yes,Yes,55,67,Placed,61.0,80.0,83.0,4
8.6,0,3,2,90,4.8,Yes,Yes,81,82,Placed,81.5,96.0,93.0,5
8.4,2,3,2,85,4.5,No,Yes,86,81,Placed,83.5,90.0,87.5,7
8.1,2,3,2,89,4.6,Yes,No,79,88,Placed,83.5,92.0,90.5,7
8.1,1,3,1,82,4.8,Yes,Yes,82,82,Placed,82.0,96.0,89.0,5
7.7,0,1,0,78,4.3,Yes,No,55,68,NotPlaced,61.5,86.0,82.0,1
6.9,1,1,0,68,4.7,Yes,Yes,60,63,NotPlaced,61.5,94.0,81.0,2
7.8,1,1,2,79,4.7,No,No,55,65,NotPlaced,60.0,94.0,86.5,4
7.6,1,1,1,75,3.9,No,Yes,62,70,NotPlaced,66.0,78.0,76.5,3
8.4,1,3,2,90,4.8,Yes,Yes,69,82,Placed,75.5,96.0,93.0,6
6.7,1,1,1,69,3.5,No,No,63,72,NotPlaced,67.5,70.0,69.5,3
7.3,1,2,0,76,4.5,No,Yes,60,68,NotPlaced,64.0,90.0,83.0,3
8.8,0,2,1,73,4.8,Yes,No,81,83,NotPlaced,82.0,96.0,84.5,3
7.6,1,2,0,78,4.4,No,No,80,79,NotPlaced,79.5,88.00000000000001,83.0,3
8.3,2,3,2,85,4.7,Yes,Yes,72,85,NotPlaced,78.5,94.0,89.5,7
8.4,1,1,2,82,4.8,Yes,Yes,63,67,Placed,65.0,96.0,89.0,4
6.7,2,0,0,75,4.0,Yes,Yes,55,69,Placed,62.0,80.0,77.5,2
7.6,1,2,0,79,4.1,No,Yes,55,72,NotPlaced,63.5,82.0,80.5,3
7.5,1,2,2,77,4.1,No,Yes,66,83,Placed,74.5,82.0,79.5,5
7.9,2,3,2,75,3.9,Yes,Yes,75,68,Placed,71.5,78.0,76.5,7
7.9,2,3,2,85,4.4,Yes,Yes,77,82,Placed,79.5,88.00000000000001,86.5,7
8.1,2,3,2,83,4.4,Yes,Yes,90,81,Placed,85.5,88.00000000000001,85.5,7
8.1,0,3,0,90,4.7,Yes,No,83,84,Placed,83.5,94.0,92.0,3
7.5,2,1,1,60,3.2,No,Yes,55,67,NotPlaced,61.0,64.0,62.0,4
8.2,0,1,1,79,4.3,Yes,Yes,57,68,NotPlaced,62.5,86.0,82.5,2
7.5,1,2,2,86,3.6,No,No,74,86,Placed,80.0,72.0,79.0,5
6.7,1,2,3,69,4.6,Yes,No,72,69,NotPlaced,70.5,92.0,80.5,6
6.8,1,2,0,75,4.3,No,Yes,55,67,NotPlaced,61.0,86.0,80.5,3
7.8,0,2,0,74,4.7,Yes,Yes,77,81,Placed,79.0,94.0,84.0,2
8.5,1,1,2,85,4.8,Yes,Yes,73,84,Placed,78.5,96.0,90.5,4
7.5,1,1,1,84,4.3,No,Yes,55,67,NotPlaced,61.0,86.0,85.0,3
8.3,2,3,2,90,4.8,Yes,Yes,78,66,Placed,72.0,96.0,93.0,7
8.7,1,2,2,90,4.8,Yes,Yes,73,87,Placed,80.0,96.0,93.0,5
8.4,1,1,0,80,3.7,Yes,Yes,55,81,NotPlaced,68.0,74.0,77.0,2
8.4,2,3,0,74,3.6,Yes,Yes,64,69,NotPlaced,66.5,72.0,73.0,5
8.3,1,2,0,73,3.6,No,Yes,57,71,NotPlaced,64.0,72.0,72.5,3
7.5,0,1,1,83,3.9,No,No,61,66,NotPlaced,63.5,78.0,80.5,2
7.9,1,1,0,61,4.4,Yes,Yes,55,67,NotPlaced,61.0,88.00000000000001,74.5,2
8.0,2,2,2,90,4.8,Yes,Yes,90,84,Placed,87.0,96.0,93.0,6
7.8,1,3,2,89,4.6,Yes,Yes,72,81,Placed,76.5,92.0,90.5,6
6.5,0,1,1,68,4.1,No,Yes,55,68,NotPlaced,61.5,82.0,75.0,2
7.9,0,3,0,75,3.6,Yes,Yes,62,70,Placed,66.0,72.0,73.5,3
7.7,0,1,0,71,4.2,No,No,60,71,NotPlaced,65.5,84.00000000000001,77.5,1
7.9,1,3,0,81,4.8,Yes,Yes,69,82,Placed,75.5,96.0,88.5,4
7.6,1,2,0,75,4.8,No,No,61,69,NotPlaced,65.0,96.0,85.5,3
6.7,1,1,0,73,3.8,No,Yes,55,64,NotPlaced,59.5,76.0,74.5,2
8.0,1,3,1,89,4.5,Yes,Yes,82,83,Placed,82.5,90.0,89.5,5
8.3,0,3,2,89,4.5,Yes,Yes,85,84,Placed,84.5,90.0,89.5,5
7.6,1,1,2,67,4.0,No,Yes,57,61,NotPlaced,59.0,80.0,73.5,4
6.5,1,2,1,81,3.9,No,Yes,75,82,NotPlaced,78.5,78.0,79.5,4
8.2,1,1,3,77,3.6,Yes,Yes,58,72,Placed,65.0,72.0,74.5,5
8.4,2,3,2,90,4.8,Yes,Yes,79,85,Placed,82.0,96.0,93.0,7
8.4,1,2,2,86,4.5,Yes,Yes,86,79,Placed,82.5,90.0,88.0,5
7.6,1,2,0,83,4.6,No,No,70,68,NotPlaced,69.0,92.0,87.5,3
7.4,1,2,1,74,3.7,No,Yes,55,65,NotPlaced,60.0,74.0,74.0,4
7.6,1,1,0,84,4.1,No,No,55,86,NotPlaced,70.5,82.0,83.0,2
7.5,0,1,0,64,4.3,No,No,69,69,NotPlaced,69.0,86.0,75.0,1
7.4,1,1,0,66,4.1,No,No,55,58,NotPlaced,56.5,82.0,74.0,2
6.5,2,1,1,64,3.8,No,No,61,60,NotPlaced,60.5,76.0,70.0,4
7.8,1,3,1,87,4.5,Yes,Yes,69,82,Placed,75.5,90.0,88.5,5
8.0,1,3,1,75,4.5,Yes,Yes,73,71,Placed,72.0,90.0,82.5,5
7.9,1,3,0,82,4.6,Yes,Yes,76,82,Placed,79.0,92.0,87.0,4
7.0,1,1,1,70,4.0,No,Yes,56,65,NotPlaced,60.5,80.0,75.0,3
7.4,1,1,3,61,4.0,No,No,55,70,NotPlaced,62.5,80.0,70.5,5
7.7,1,1,0,80,4.3,No,Yes,77,68,Placed,72.5,86.0,83.0,2
8.4,2,3,2,90,4.7,Yes,Yes,75,87,Placed,81.0,94.0,92.0,7
8.2,1,2,0,73,4.5,Yes,Yes,69,73,NotPlaced,71.0,90.0,81.5,3
7.5,1,1,3,77,4.1,No,Yes,83,69,NotPlaced,76.0,82.0,79.5,5
7.6,0,1,0,71,3.9,No,No,55,63,NotPlaced,59.0,78.0,74.5,1
8.8,2,3,0,86,4.5,Yes,Yes,70,83,NotPlaced,76.5,90.0,88.0,5
6.9,0,1,0,69,3.4,No,No,55,66,NotPlaced,60.5,68.0,68.5,1
7.7,1,1,0,67,4.0,Yes,No,64,61,NotPlaced,62.5,80.0,73.5,2
8.1,2,2,3,76,4.1,Yes,Yes,55,88,NotPlaced,71.5,82.0,79.0,7
6.5,0,1,0,66,3.4,No,No,55,66,NotPlaced,60.5,68.0,67.0,1
8.3,0,3,1,84,4.8,Yes,Yes,55,88,Placed,71.5,96.0,90.0,4
8.0,1,3,2,90,4.8,Yes,Yes,86,85,Placed,85.5,96.0,93.0,6
7.5,1,2,1,83,4.6,No,Yes,62,69,NotPlaced,65.5,92.0,87.5,4
7.0,1,2,1,77,4.3,Yes,Yes,69,61,Placed,65.0,86.0,81.5,4
8.2,1,3,2,90,4.5,Yes,Yes,75,85,Placed,80.0,90.0,90.0,6
7.4,1,2,1,72,4.4,No,Yes,55,70,NotPlaced,62.5,88.00000000000001,80.0,4
7.5,1,3,0,82,4.7,Yes,Yes,72,88,NotPlaced,80.0,94.0,88.0,4
7.8,1,1,1,83,3.7,Yes,No,74,62,NotPlaced,68.0,74.0,78.5,3
6.9,1,3,1,72,4.7,Yes,Yes,75,74,Placed,74.5,94.0,83.0,5
8.6,1,3,0,88,4.8,Yes,Yes,89,82,NotPlaced,85.5,96.0,92.0,4
7.8,1,1,1,83,4.8,Yes,Yes,62,64,Placed,63.0,96.0,89.5,3
8.5,1,3,0,74,4.0,Yes,Yes,80,58,NotPlaced,69.0,80.0,77.0,4
7.1,1,2,0,71,4.8,Yes,No,61,61,NotPlaced,61.0,96.0,83.5,3
7.0,1,1,0,69,3.7,No,No,61,69,NotPlaced,65.0,74.0,71.5,2
8.8,2,3,2,90,4.8,Yes,Yes,83,67,Placed,75.0,96.0,93.0,7
7.6,0,2,0,79,4.3,No,No,55,63,Placed,59.0,86.0,82.5,2
7.5,0,2,2,78,4.0,No,Yes,64,75,NotPlaced,69.5,80.0,79.0,4
8.0,2,3,2,90,4.8,Yes,Yes,83,87,Placed,85.0,96.0,93.0,7
6.6,1,2,0,81,4.8,Yes,Yes,70,85,NotPlaced,77.5,96.0,88.5,3
7.3,2,3,2,90,4.6,Yes,Yes,80,87,Placed,83.5,92.0,91.0,7
6.6,1,1,1,68,4.0,No,No,69,62,NotPlaced,65.5,80.0,74.0,3
8.1,1,3,2,90,4.8,Yes,Yes,77,87,Placed,82.0,96.0,93.0,6
8.1,2,3,1,67,4.4,Yes,Yes,59,82,NotPlaced,70.5,88.00000000000001,77.5,6
7.7,1,1,0,74,4.3,Yes,Yes,82,64,NotPlaced,73.0,86.0,80.0,2
7.6,1,1,0,68,4.3,No,Yes,66,68,NotPlaced,67.0,86.0,77.0,2
8.2,0,3,1,78,4.2,No,No,76,78,NotPlaced,77.0,84.00000000000001,81.0,4
7.3,1,2,3,90,4.4,No,Yes,64,83,Placed,73.5,88.00000000000001,89.0,6
6.9,0,3,0,81,4.2,No,Yes,83,85,Placed,84.0,84.00000000000001,82.5,3
7.5,1,2,0,80,4.1,Yes,Yes,55,82,Placed,68.5,82.0,81.0,3
8.2,2,3,1,90,4.8,Yes,Yes,73,68,Placed,70.5,96.0,93.0,6
7.0,1,2,1,75,4.7,Yes,Yes,55,70,NotPlaced,62.5,94.0,84.5,4
8.3,1,3,1,86,4.3,Yes,Yes,65,84,Placed,74.5,86.0,86.0,5
7.4,2,1,0,79,4.8,No,Yes,60,68,NotPlaced,64.0,96.0,87.5,3
8.3,1,1,1,70,4.8,Yes,Yes,64,86,NotPlaced,75.0,96.0,83.0,3
8.2,2,3,2,90,4.5,Yes,Yes,83,82,Placed,82.5,90.0,90.0,7
7.5,1,1,0,65,3.5,No,Yes,55,73,NotPlaced,64.0,70.0,67.5,2
8.7,2,3,2,90,4.8,Yes,Yes,88,87,Placed,87.5,96.0,93.0,7
7.1,2,2,0,81,4.4,Yes,Yes,64,64,Placed,64.0,88.00000000000001,84.5,4
6.5,1,1,1,83,4.1,No,Yes,81,66,Placed,73.5,82.0,82.5,3
8.2,2,3,2,90,4.8,Yes,Yes,75,85,NotPlaced,80.0,96.0,93.0,7
7.5,1,2,1,71,4.3,No,Yes,62,74,NotPlaced,68.0,86.0,78.5,4
7.6,1,1,0,75,3.9,Yes,Yes,80,75,NotPlaced,77.5,78.0,76.5,2
8.4,1,3,0,84,4.4,Yes,Yes,81,69,Placed,75.0,88.00000000000001,86.0,4
7.2,0,2,1,77,4.6,Yes,Yes,55,63,NotPlaced,59.0,92.0,84.5,3
6.6,1,1,1,71,4.2,Yes,Yes,55,71,NotPlaced,63.0,84.00000000000001,77.5,3
8.5,0,3,2,84,4.1,Yes,Yes,84,84,NotPlaced,84.0,82.0,83.0,5
6.8,1,2,1,76,3.8,No,Yes,59,69,NotPlaced,64.0,76.0,76.0,4
8.4,0,1,0,80,4.5,No,No,77,72,Placed,74.5,90.0,85.0,1
8.2,1,2,1,83,4.7,No,Yes,71,72,Placed,71.5,94.0,88.5,4
8.5,2,2,0,88,4.8,Yes,No,82,77,NotPlaced,79.5,96.0,92.0,4
8.4,2,3,2,90,4.8,Yes,Yes,71,85,NotPlaced,78.0,96.0,93.0,7
7.8,2,3,2,90,4.8,Yes,Yes,84,86,Placed,85.0,96.0,93.0,7
7.6,1,3,0,82,4.3,No,Yes,73,87,NotPlaced,80.0,86.0,84.0,4
8.2,1,3,2,90,4.5,Yes,Yes,73,87,Placed,80.0,90.0,90.0,6
7.4,1,2,0,76,4.2,Yes,Yes,75,65,NotPlaced,70.0,84.00000000000001,80.0,3
6.5,1,2,0,70,3.8,No,Yes,59,66,NotPlaced,62.5,76.0,73.0,3
7.6,0,1,0,65,3.4,No,No,59,72,NotPlaced,65.5,68.0,66.5,1
7.5,0,2,0,78,3.5,No,Yes,83,60,NotPlaced,71.5,70.0,74.0,2
8.0,2,3,2,90,4.8,Yes,Yes,79,78,Placed,78.5,96.0,93.0,7
8.2,0,1,1,73,4.5,Yes,No,58,65,Placed,61.5,90.0,81.5,2
8.3,1,3,2,90,4.8,Yes,Yes,70,82,Placed,76.0,96.0,93.0,6
7.0,0,3,0,80,3.9,No,Yes,59,64,Placed,61.5,78.0,79.0,3
7.9,0,2,0,83,4.0,No,Yes,62,69,NotPlaced,65.5,80.0,81.5,2
8.5,1,3,2,90,4.8,Yes,Yes,76,85,Placed,80.5,96.0,93.0,6
7.9,2,1,1,81,4.8,Yes,No,55,63,Placed,59.0,96.0,88.5,4
8.3,0,3,0,76,3.9,No,No,57,61,NotPlaced,59.0,78.0,77.0,3
7.6,1,2,0,74,4.2,Yes,Yes,55,81,NotPlaced,68.0,84.00000000000001,79.0,3
7.1,1,2,1,80,4.7,No,Yes,57,74,Placed,65.5,94.0,87.0,4
7.8,1,2,0,76,4.4,Yes,Yes,80,63,NotPlaced,71.5,88.00000000000001,82.0,3
7.5,1,3,1,72,4.5,Yes,Yes,79,83,Placed,81.0,90.0,81.0,5
7.6,2,3,3,72,4.0,Yes,No,74,77,NotPlaced,75.5,80.0,76.0,8
6.5,1,1,1,70,3.9,No,No,55,62,NotPlaced,58.5,78.0,74.0,3
8.0,2,1,2,88,4.0,Yes,Yes,80,87,NotPlaced,83.5,80.0,84.0,5
6.5,0,2,0,71,4.1,No,Yes,55,86,NotPlaced,70.5,82.0,76.5,2
6.7,1,1,1,65,3.8,No,No,55,62,NotPlaced,58.5,76.0,70.5,3
9.0,1,3,2,90,4.8,Yes,No,80,88,NotPlaced,84.0,96.0,93.0,6
7.6,0,3,0,77,4.8,Yes,Yes,73,74,Placed,73.5,96.0,86.5,3
7.4,2,2,2,90,4.1,Yes,No,81,85,Placed,83.0,82.0,86.0,6
7.9,0,1,0,70,3.7,No,Yes,62,65,NotPlaced,63.5,74.0,72.0,1
8.3,1,3,2,86,4.8,Yes,Yes,67,81,NotPlaced,74.0,96.0,91.0,6
7.3,0,1,1,80,4.1,No,No,55,70,NotPlaced,62.5,82.0,81.0,2
7.9,1,3,2,85,4.6,Yes,Yes,71,88,Placed,79.5,92.0,88.5,6
6.9,0,3,0,76,3.8,No,Yes,81,73,NotPlaced,77.0,76.0,76.0,3
6.5,0,1,0,75,3.7,No,Yes,63,67,NotPlaced,65.0,74.0,74.5,1
7.7,2,1,0,78,4.3,Yes,Yes,75,68,NotPlaced,71.5,86.0,82.0,3
7.6,2,1,1,66,3.4,No,No,56,74,NotPlaced,65.0,68.0,67.0,4
8.2,1,3,1,80,4.0,No,Yes,58,63,NotPlaced,60.5,80.0,80.0,5
7.8,1,1,0,74,4.5,Yes,No,82,69,Placed,75.5,90.0,82.0,2
7.5,1,2,1,77,4.4,Yes,Yes,83,71,Placed,77.0,88.00000000000001,82.5,4
8.6,0,3,1,77,4.8,Yes,Yes,82,83,NotPlaced,82.5,96.0,86.5,4
8.3,2,3,2,90,4.8,Yes,Yes,82,86,Placed,84.0,96.0,93.0,7
7.5,1,1,0,65,3.8,No,Yes,55,74,NotPlaced,64.5,76.0,70.5,2
7.6,1,1,1,72,4.2,Yes,Yes,57,67,NotPlaced,62.0,84.00000000000001,78.0,3
8.9,1,1,0,70,4.7,Yes,Yes,76,82,NotPlaced,79.0,94.0,82.0,2
7.8,1,3,0,82,3.7,Yes,No,75,63,NotPlaced,69.0,74.0,78.0,4
8.0,2,3,2,90,4.8,Yes,Yes,90,87,Placed,88.5,96.0,93.0,7
7.8,1,1,0,74,4.1,No,No,60,61,NotPlaced,60.5,82.0,78.0,2
7.9,1,1,0,82,3.7,No,No,55,72,NotPlaced,63.5,74.0,78.0,2
7.4,1,1,1,71,4.1,No,Yes,55,66,NotPlaced,60.5,82.0,76.5,3
7.7,1,2,1,78,4.6,No,Yes,55,60,NotPlaced,57.5,92.0,85.0,4
7.4,1,1,0,75,4.3,No,No,55,61,NotPlaced,58.0,86.0,80.5,2
8.2,0,1,2,90,4.7,No,Yes,73,68,Placed,70.5,94.0,92.0,3
8.7,1,1,2,81,4.1,Yes,Yes,72,68,NotPlaced,70.0,82.0,81.5,4
7.8,2,3,2,90,4.8,Yes,Yes,90,78,Placed,84.0,96.0,93.0,7
7.5,1,2,0,73,4.7,Yes,Yes,55,70,Placed,62.5,94.0,83.5,3
8.3,1,3,2,80,4.1,Yes,Yes,76,83,Placed,79.5,82.0,81.0,6
8.3,1,3,0,82,4.7,Yes,Yes,83,82,NotPlaced,82.5,94.0,88.0,4
7.5,1,1,1,74,4.0,No,No,55,70,NotPlaced,62.5,80.0,77.0,3
7.6,1,2,2,81,3.8,Yes,No,84,86,Placed,85.0,76.0,78.5,5
8.0,2,3,2,90,4.1,Yes,No,88,79,NotPlaced,83.5,82.0,86.0,7
7.2,2,1,0,77,4.4,Yes,Yes,61,61,Placed,61.0,88.00000000000001,82.5,3
8.1,1,1,0,69,3.8,No,No,56,62,NotPlaced,59.0,76.0,72.5,2
8.2,2,3,1,78,4.4,Yes,Yes,67,85,NotPlaced,76.0,88.00000000000001,83.0,6
7.7,2,3,2,82,4.8,Yes,Yes,80,83,Placed,81.5,96.0,89.0,7
7.8,2,2,0,69,3.7,No,No,70,67,NotPlaced,68.5,74.0,71.5,4
6.7,0,1,0,66,3.7,No,Yes,55,66,Placed,60.5,74.0,70.0,1
7.5,1,2,1,78,4.8,No,Yes,55,62,NotPlaced,58.5,96.0,87.0,4
6.5,0,1,0,78,3.5,No,Yes,55,67,NotPlaced,61.0,70.0,74.0,1
7.6,1,1,2,81,4.2,Yes,Yes,86,81,NotPlaced,83.5,84.00000000000001,82.5,4
6.7,1,1,0,74,4.1,No,Yes,55,68,NotPlaced,61.5,82.0,78.0,2
8.1,2,3,0,84,4.8,Yes,Yes,71,88,Placed,79.5,96.0,90.0,5
8.1,1,3,1,74,4.6,Yes,No,82,85,NotPlaced,83.5,92.0,83.0,5
7.8,2,3,2,90,4.8,Yes,No,82,79,Placed,80.5,96.0,93.0,7
7.3,1,1,1,84,3.9,No,No,55,62,NotPlaced,58.5,78.0,81.0,3
8.1,2,3,1,90,4.5,Yes,Yes,81,86,Placed,83.5,90.0,90.0,6
8.3,1,1,1,90,4.8,Yes,Yes,84,88,Placed,86.0,96.0,93.0,3
8.6,1,3,2,86,4.5,Yes,Yes,79,88,Placed,83.5,90.0,88.0,6
7.5,2,3,2,88,4.8,Yes,Yes,72,81,NotPlaced,76.5,96.0,92.0,7
7.7,1,2,2,81,4.0,No,Yes,57,67,Placed,62.0,80.0,80.5,5
6.5,1,1,1,67,3.7,No,Yes,55,66,NotPlaced,60.5,74.0,70.5,3
8.2,2,3,2,81,4.8,Yes,No,80,79,Placed,79.5,96.0,88.5,7
7.6,2,2,1,77,4.1,No,No,69,75,NotPlaced,72.0,82.0,79.5,5
7.8,2,3,1,79,4.6,No,No,55,68,NotPlaced,61.5,92.0,85.5,6
7.4,0,2,1,76,4.1,No,No,60,69,NotPlaced,64.5,82.0,79.0,3
6.7,1,1,1,60,4.3,No,No,59,63,NotPlaced,61.0,86.0,73.0,3
8.3,1,3,2,88,4.4,Yes,Yes,79,85,Placed,82.0,88.00000000000001,88.0,6
8.3,2,3,0,90,4.7,Yes,Yes,65,69,Placed,67.0,94.0,92.0,5
7.5,1,1,1,77,3.9,Yes,Yes,58,71,NotPlaced,64.5,78.0,77.5,3
7.6,1,2,1,87,3.8,Yes,Yes,61,85,NotPlaced,73.0,76.0,81.5,4
7.5,1,1,1,87,4.2,No,Yes,56,67,NotPlaced,61.5,84.00000000000001,85.5,3
7.5,1,1,1,60,3.5,No,Yes,58,66,NotPlaced,62.0,70.0,65.0,3
7.4,1,2,0,82,4.6,Yes,Yes,70,88,NotPlaced,79.0,92.0,87.0,3
7.6,1,1,0,74,4.6,Yes,Yes,55,61,NotPlaced,58.0,92.0,83.0,2
7.7,1,1,1,72,4.4,No,No,57,65,NotPlaced,61.0,88.00000000000001,80.0,3
8.1,1,1,0,80,4.5,No,No,79,72,NotPlaced,75.5,90.0,85.0,2
7.7,1,3,0,85,4.8,Yes,Yes,80,68,Placed,74.0,96.0,90.5,4
8.4,2,3,2,90,4.8,Yes,Yes,79,88,Placed,83.5,96.0,93.0,7
7.4,1,1,0,81,4.0,No,Yes,57,64,NotPlaced,60.5,80.0,80.5,2
8.9,2,3,2,90,4.8,Yes,Yes,72,86,Placed,79.0,96.0,93.0,7
8.5,1,2,1,73,4.2,Yes,Yes,76,88,NotPlaced,82.0,84.00000000000001,78.5,4
8.2,2,3,2,90,4.8,Yes,No,69,73,Placed,71.0,96.0,93.0,7
7.5,2,3,2,79,4.1,Yes,Yes,75,70,Placed,72.5,82.0,80.5,7
7.6,1,3,2,84,4.4,Yes,Yes,82,85,Placed,83.5,88.00000000000001,86.0,6
7.6,1,1,1,62,4.2,No,No,80,65,NotPlaced,72.5,84.00000000000001,73.0,3
8.1,0,3,0,90,4.8,Yes,Yes,84,88,Placed,86.0,96.0,93.0,3
8.8,0,3,0,90,4.1,Yes,Yes,73,85,Placed,79.0,82.0,86.0,3
6.6,1,3,1,75,3.9,Yes,Yes,71,70,NotPlaced,70.5,78.0,76.5,5
7.5,1,1,1,78,4.2,No,Yes,59,72,NotPlaced,65.5,84.00000000000001,81.0,3
8.4,1,1,2,81,4.8,Yes,No,84,80,Placed,82.0,96.0,88.5,4
7.5,2,3,0,69,3.9,Yes,Yes,76,86,NotPlaced,81.0,78.0,73.5,5
8.5,1,3,2,90,4.7,Yes,Yes,86,87,Placed,86.5,94.0,92.0,6
7.5,0,3,0,83,3.9,Yes,Yes,63,71,NotPlaced,67.0,78.0,80.5,3
8.2,1,2,0,81,4.0,Yes,Yes,57,68,NotPlaced,62.5,80.0,80.5,3
7.7,1,1,0,74,4.0,Yes,Yes,79,87,Placed,83.0,80.0,77.0,2
6.6,1,1,0,63,3.3,No,No,62,67,NotPlaced,64.5,65.99999999999999,64.5,2
7.7,1,1,1,69,4.2,No,No,55,63,NotPlaced,59.0,84.00000000000001,76.5,3
7.6,1,3,0,83,4.1,Yes,Yes,57,67,NotPlaced,62.0,82.0,82.5,4
8.2,1,3,0,84,4.6,Yes,Yes,86,81,Placed,83.5,92.0,88.0,4
7.7,1,2,0,73,4.8,No,Yes,59,65,NotPlaced,62.0,96.0,84.5,3
9.0,1,3,2,78,4.8,Yes,Yes,79,85,Placed,82.0,96.0,87.0,6
7.5,0,3,0,78,4.2,No,Yes,79,69,Placed,74.0,84.00000000000001,81.0,3
7.9,1,3,2,84,4.8,Yes,No,71,84,Placed,77.5,96.0,90.0,6
7.4,2,3,3,86,4.2,Yes,Yes,60,75,NotPlaced,67.5,84.00000000000001,85.0,8
7.3,1,2,1,69,4.3,Yes,No,55,72,NotPlaced,63.5,86.0,77.5,4
7.0,1,1,0,60,3.3,No,Yes,55,66,NotPlaced,60.5,65.99999999999999,62.99999999999999,2
8.4,2,3,2,90,4.5,Yes,Yes,81,85,Placed,83.0,90.0,90.0,7
6.8,1,1,1,60,4.4,No,Yes,62,66,NotPlaced,64.0,88.00000000000001,74.0,3
8.2,1,3,0,88,4.8,No,Yes,77,88,Placed,82.5,96.0,92.0,4
6.6,0,2,0,73,4.2,Yes,Yes,62,84,NotPlaced,73.0,84.00000000000001,78.5,2
7.5,1,3,0,80,4.5,Yes,No,77,80,NotPlaced,78.5,90.0,85.0,4
6.5,2,1,1,72,3.7,Yes,No,56,70,NotPlaced,63.0,74.0,73.0,4
7.9,2,3,2,90,4.8,Yes,Yes,75,87,Placed,81.0,96.0,93.0,7
8.2,0,2,0,89,4.1,No,Yes,55,82,NotPlaced,68.5,82.0,85.5,2
7.4,1,2,0,67,3.3,No,No,56,60,NotPlaced,58.0,65.99999999999999,66.5,3
8.1,1,3,1,71,4.1,Yes,Yes,85,77,NotPlaced,81.0,82.0,76.5,5
6.5,1,1,1,78,4.0,No,No,55,66,NotPlaced,60.5,80.0,79.0,3
7.6,1,1,1,68,4.1,No,No,55,71,NotPlaced,63.0,82.0,75.0,3
7.0,1,2,0,78,4.7,No,Yes,73,64,NotPlaced,68.5,94.0,86.0,3
8.3,2,2,2,68,4.8,Yes,Yes,61,84,Placed,72.5,96.0,82.0,6
7.7,2,3,2,86,4.4,Yes,Yes,71,74,Placed,72.5,88.00000000000001,87.0,7
7.5,1,1,0,70,3.5,No,Yes,75,66,NotPlaced,70.5,70.0,70.0,2
7.5,1,1,0,78,4.1,No,No,55,67,NotPlaced,61.0,82.0,80.0,2
8.6,2,3,3,87,4.8,No,Yes,73,85,Placed,79.0,96.0,91.5,8
6.6,1,2,0,61,3.9,No,No,55,61,NotPlaced,58.0,78.0,69.5,3
8.1,2,1,3,86,4.7,Yes,No,78,83,Placed,80.5,94.0,90.0,6
8.9,0,3,2,85,4.6,No,Yes,77,72,NotPlaced,74.5,92.0,88.5,5
7.7,1,1,0,80,4.5,No,No,55,74,NotPlaced,64.5,90.0,85.0,2
6.5,0,1,1,70,3.6,No,No,57,68,NotPlaced,62.5,72.0,71.0,2
8.3,2,3,2,79,4.7,Yes,Yes,72,69,Placed,70.5,94.0,86.5,7
7.8,1,2,1,77,4.5,Yes,Yes,74,87,Placed,80.5,90.0,83.5,4
7.4,1,3,3,84,4.6,Yes,Yes,84,76,Placed,80.0,92.0,88.0,7
7.8,1,2,1,83,3.5,No,Yes,66,72,NotPlaced,69.0,70.0,76.5,4
6.6,1,1,1,69,4.3,No,No,58,61,NotPlaced,59.5,86.0,77.5,3
7.5,1,2,1,79,4.7,Yes,Yes,78,66,NotPlaced,72.0,94.0,86.5,4
7.6,0,1,1,61,4.3,No,No,60,68,NotPlaced,64.0,86.0,73.5,2
8.0,1,1,0,75,4.3,Yes,Yes,75,85,Placed,80.0,86.0,80.5,2
6.8,0,2,1,72,4.4,No,No,62,62,NotPlaced,62.0,88.00000000000001,80.0,3
7.7,1,2,0,82,4.4,No,Yes,57,69,Placed,63.0,88.00000000000001,85.0,3
6.5,0,1,0,69,4.0,No,No,61,65,NotPlaced,63.0,80.0,74.5,1
6.5,1,2,0,82,4.1,Yes,Yes,70,66,NotPlaced,68.0,82.0,82.0,3
6.5,1,2,0,78,4.3,No,No,55,67,NotPlaced,61.0,86.0,82.0,3
8.1,2,3,2,90,4.7,Yes,Yes,81,83,Placed,82.0,94.0,92.0,7
7.7,1,2,0,76,4.6,Yes,Yes,56,66,NotPlaced,61.0,92.0,84.0,3
8.2,1,3,1,82,4.8,No,Yes,70,86,NotPlaced,78.0,96.0,89.0,5
6.5,1,2,0,79,4.5,No,No,61,57,NotPlaced,59.0,90.0,84.5,3
7.6,1,2,1,69,3.9,No,No,55,63,NotPlaced,59.0,78.0,73.5,4
9.0,0,2,2,86,4.5,Yes,Yes,78,86,Placed,82.0,90.0,88.0,4
7.5,1,1,0,81,3.8,Yes,Yes,60,64,NotPlaced,62.0,76.0,78.5,2
7.5,1,2,0,76,4.5,Yes,Yes,69,83,Placed,76.0,90.0,83.0,3
6.7,1,1,1,81,4.5,No,Yes,55,68,NotPlaced,61.5,90.0,85.5,3
8.4,2,3,0,84,4.8,Yes,Yes,71,81,NotPlaced,76.0,96.0,90.0,5
6.8,0,3,0,83,4.3,Yes,Yes,61,66,Placed,63.5,86.0,84.5,3
8.2,2,3,2,90,4.6,Yes,Yes,76,87,Placed,81.5,92.0,91.0,7
8.5,0,3,2,90,4.3,Yes,Yes,80,85,Placed,82.5,86.0,88.0,5
7.3,1,1,1,72,4.1,No,Yes,61,70,NotPlaced,65.5,82.0,77.0,3
8.5,2,3,2,90,4.5,Yes,Yes,82,85,Placed,83.5,90.0,90.0,7
8.0,0,3,2,85,4.7,Yes,Yes,83,86,Placed,84.5,94.0,89.5,5
8.2,2,3,2,90,4.1,Yes,Yes,71,86,Placed,78.5,82.0,86.0,7
7.4,0,3,0,83,3.5,No,Yes,68,84,Placed,76.0,70.0,76.5,3
7.6,2,3,2,90,4.8,Yes,No,76,85,Placed,80.5,96.0,93.0,7
8.2,1,2,1,81,4.3,Yes,Yes,82,86,Placed,84.0,86.0,83.5,4
8.1,1,3,2,81,4.8,No,Yes,79,82,NotPlaced,80.5,96.0,88.5,6
6.5,1,1,1,73,3.9,No,No,67,70,NotPlaced,68.5,78.0,75.5,3
8.2,1,2,2,79,4.8,Yes,Yes,74,70,Placed,72.0,96.0,87.5,5
8.1,2,3,1,75,4.8,Yes,Yes,59,72,NotPlaced,65.5,96.0,85.5,6
8.5,0,1,0,82,4.5,Yes,Yes,64,63,NotPlaced,63.5,90.0,86.0,1
7.8,1,2,0,73,4.1,No,Yes,61,71,NotPlaced,66.0,82.0,77.5,3
8.0,1,2,0,78,3.8,Yes,No,79,71,NotPlaced,75.0,76.0,77.0,3
8.6,1,3,2,90,4.5,Yes,Yes,84,88,NotPlaced,86.0,90.0,90.0,6
8.0,1,3,2,90,4.5,No,Yes,77,76,Placed,76.5,90.0,90.0,6
6.5,1,1,1,78,3.5,No,Yes,62,72,NotPlaced,67.0,70.0,74.0,3
8.5,0,2,2,85,4.2,Yes,Yes,82,88,Placed,85.0,84.00000000000001,84.5,4
8.6,1,2,0,87,4.8,Yes,Yes,74,76,Placed,75.0,96.0,91.5,3
7.3,1,1,2,75,3.5,No,Yes,75,61,NotPlaced,68.0,70.0,72.5,4
8.0,0,3,0,89,4.4,Yes,No,79,85,Placed,82.0,88.00000000000001,88.5,3
8.3,1,3,0,86,4.4,Yes,Yes,75,79,Placed,77.0,88.00000000000001,87.0,4
6.7,1,1,1,75,4.3,No,Yes,65,67,NotPlaced,66.0,86.0,80.5,3
8.2,1,3,2,86,4.4,Yes,Yes,76,65,Placed,70.5,88.00000000000001,87.0,6
8.4,1,2,0,80,3.3,No,No,55,63,NotPlaced,59.0,65.99999999999999,73.0,3
6.6,0,1,1,71,3.5,No,No,55,60,NotPlaced,57.5,70.0,70.5,2
6.5,0,1,0,83,4.1,Yes,Yes,55,80,NotPlaced,67.5,82.0,82.5,1
6.6,1,2,1,70,4.6,Yes,Yes,76,84,NotPlaced,80.0,92.0,81.0,4
7.5,1,2,1,74,4.7,No,Yes,55,60,Placed,57.5,94.0,84.0,4
6.6,1,3,0,86,4.4,No,No,60,65,NotPlaced,62.5,88.00000000000001,87.0,4
7.0,1,1,0,82,4.6,Yes,No,71,79,NotPlaced,75.0,92.0,87.0,2
8.4,0,2,0,86,4.6,Yes,Yes,77,80,NotPlaced,78.5,92.0,89.0,2
7.6,0,2,1,72,4.5,No,No,55,67,NotPlaced,61.0,90.0,81.0,3
7.5,1,3,1,73,4.6,Yes,Yes,75,63,Placed,69.0,92.0,82.5,5
8.3,1,2,1,82,4.4,Yes,Yes,76,85,Placed,80.5,88.00000000000001,85.0,4
7.6,1,1,0,73,3.7,No,Yes,55,64,NotPlaced,59.5,74.0,73.5,2
7.7,1,1,0,71,4.2,No,Yes,70,71,NotPlaced,70.5,84.00000000000001,77.5,2
6.5,0,1,0,62,3.9,No,No,62,68,NotPlaced,65.0,78.0,70.0,1
8.3,1,2,1,84,4.4,No,Yes,62,82,NotPlaced,72.0,88.00000000000001,86.0,4
8.1,1,1,0,80,4.6,No,No,59,58,NotPlaced,58.5,92.0,86.0,2
7.4,1,2,0,81,4.8,Yes,No,55,69,NotPlaced,62.0,96.0,88.5,3
6.7,1,1,1,71,4.5,No,No,55,67,NotPlaced,61.0,90.0,80.5,3
6.5,0,1,1,89,4.2,No,No,55,76,Placed,65.5,84.00000000000001,86.5,2
8.2,2,3,2,90,4.8,Yes,No,75,80,Placed,77.5,96.0,93.0,7
7.7,1,2,0,70,3.6,No,Yes,55,62,NotPlaced,58.5,72.0,71.0,3
7.8,2,3,0,90,4.7,Yes,Yes,80,78,Placed,79.0,94.0,92.0,5
7.5,2,1,0,78,4.2,Yes,Yes,55,66,NotPlaced,60.5,84.00000000000001,81.0,3
7.5,1,1,1,80,4.6,No,No,63,70,NotPlaced,66.5,92.0,86.0,3
8.4,1,3,0,85,3.9,Yes,Yes,77,73,Placed,75.0,78.0,81.5,4
7.6,1,2,2,79,4.3,Yes,Yes,70,82,Placed,76.0,86.0,82.5,5
7.5,0,2,2,79,4.6,Yes,Yes,90,67,Placed,78.5,92.0,85.5,4
6.5,0,1,0,64,4.3,Yes,Yes,64,63,NotPlaced,63.5,86.0,75.0,1
7.4,1,2,0,79,4.7,Yes,Yes,86,83,NotPlaced,84.5,94.0,86.5,3
7.5,1,1,2,84,4.7,Yes,Yes,66,83,NotPlaced,74.5,94.0,89.0,4
8.4,2,3,2,81,4.3,Yes,Yes,75,79,Placed,77.0,86.0,83.5,7
8.2,2,3,2,88,4.8,Yes,Yes,65,83,Placed,74.0,96.0,92.0,7
7.0,1,1,1,61,3.5,No,No,55,67,NotPlaced,61.0,70.0,65.5,3
8.7,2,3,0,80,4.1,Yes,Yes,71,78,Placed,74.5,82.0,81.0,5
6.6,2,1,1,77,3.4,No,No,66,66,NotPlaced,66.0,68.0,72.5,4
8.1,1,3,2,90,4.8,Yes,Yes,81,88,Placed,84.5,96.0,93.0,6
8.5,0,3,2,85,4.8,Yes,Yes,80,88,Placed,84.0,96.0,90.5,5
6.5,1,2,0,63,4.3,No,No,82,82,NotPlaced,82.0,86.0,74.5,3
8.1,2,3,2,90,4.7,Yes,Yes,66,85,Placed,75.5,94.0,92.0,7
8.3,0,3,2,89,4.4,Yes,Yes,75,82,NotPlaced,78.5,88.00000000000001,88.5,5
7.6,1,2,1,83,4.6,Yes,Yes,86,64,NotPlaced,75.0,92.0,87.5,4
6.9,0,1,0,73,4.2,No,No,55,59,NotPlaced,57.0,84.00000000000001,78.5,1
7.5,0,2,1,76,4.2,No,Yes,61,67,NotPlaced,64.0,84.00000000000001,80.0,3
8.1,2,3,2,86,4.5,Yes,No,81,83,NotPlaced,82.0,90.0,88.0,7
7.7,2,1,0,71,4.5,Yes,Yes,70,70,NotPlaced,70.0,90.0,80.5,3
8.0,0,3,2,83,4.7,Yes,Yes,78,85,Placed,81.5,94.0,88.5,5
6.7,1,1,1,64,4.2,No,Yes,69,68,NotPlaced,68.5,84.00000000000001,74.0,3
8.5,2,3,2,88,4.8,Yes,Yes,83,85,Placed,84.0,96.0,92.0,7
7.7,1,2,0,74,4.7,No,Yes,55,74,Placed,64.5,94.0,84.0,3
7.6,1,2,1,74,4.4,Yes,Yes,73,72,Placed,72.5,88.00000000000001,81.0,4
8.2,0,1,1,79,3.9,No,Yes,62,63,NotPlaced,62.5,78.0,78.5,2
8.5,2,3,2,87,4.8,Yes,Yes,74,78,Placed,76.0,96.0,91.5,7
8.8,1,3,0,72,4.1,Yes,Yes,74,74,Placed,74.0,82.0,77.0,4
8.2,1,3,2,82,4.5,Yes,Yes,83,81,Placed,82.0,90.0,86.0,6
8.1,1,3,2,90,4.8,Yes,Yes,73,83,Placed,78.0,96.0,93.0,6
8.5,2,3,2,90,4.8,Yes,Yes,78,84,Placed,81.0,96.0,93.0,7
6.5,1,1,0,71,4.5,No,No,61,65,NotPlaced,63.0,90.0,80.5,2
8.2,2,3,2,87,4.7,Yes,No,90,66,Placed,78.0,94.0,90.5,7
7.9,2,3,2,90,4.8,Yes,Yes,74,88,Placed,81.0,96.0,93.0,7
6.9,1,1,1,79,3.5,No,No,57,64,NotPlaced,60.5,70.0,74.5,3
6.6,1,1,1,60,4.0,No,No,55,64,NotPlaced,59.5,80.0,70.0,3
7.6,0,2,2,82,4.7,Yes,No,80,71,Placed,75.5,94.0,88.0,4
7.6,1,3,2,90,4.4,Yes,No,73,81,Placed,77.0,88.00000000000001,89.0,6
7.7,0,1,1,67,4.8,No,No,56,66,NotPlaced,61.0,96.0,81.5,2
7.8,1,1,2,81,3.9,No,Yes,62,72,NotPlaced,67.0,78.0,79.5,4
8.5,2,3,2,90,4.8,Yes,Yes,72,83,Placed,77.5,96.0,93.0,7
8.4,0,1,0,86,4.3,Yes,Yes,57,67,Placed,62.0,86.0,86.0,1
6.9,1,3,1,78,4.5,Yes,Yes,59,70,Placed,64.5,90.0,84.0,5
7.8,2,3,2,73,4.6,Yes,No,73,62,NotPlaced,67.5,92.0,82.5,7
7.5,1,2,0,81,4.4,Yes,Yes,69,82,NotPlaced,75.5,88.00000000000001,84.5,3
8.2,0,3,0,86,4.3,Yes,No,78,72,Placed,75.0,86.0,86.0,3
8.3,0,1,0,80,3.9,Yes,Yes,79,68,NotPlaced,73.5,78.0,79.0,1
7.7,1,3,0,78,4.7,Yes,Yes,88,79,Placed,83.5,94.0,86.0,4
7.5,1,1,0,78,3.8,No,Yes,55,76,NotPlaced,65.5,76.0,77.0,2
8.5,0,3,0,88,4.8,Yes,Yes,88,82,Placed,85.0,96.0,92.0,3
7.4,2,2,1,72,3.5,No,No,73,69,NotPlaced,71.0,70.0,71.0,5
6.5,1,1,0,65,4.5,No,Yes,55,68,NotPlaced,61.5,90.0,77.5,2
7.5,1,1,1,61,4.2,Yes,No,64,64,NotPlaced,64.0,84.00000000000001,72.5,3
6.5,2,1,0,75,4.3,Yes,Yes,69,73,NotPlaced,71.0,86.0,80.5,3
7.8,1,1,0,73,3.9,No,Yes,55,67,Placed,61.0,78.0,75.5,2
7.2,0,1,1,79,4.1,No,Yes,83,67,Placed,75.0,82.0,80.5,2
8.3,0,3,2,90,4.8,Yes,Yes,75,83,Placed,79.0,96.0,93.0,5
8.1,2,3,2,90,4.6,Yes,Yes,81,88,Placed,84.5,92.0,91.0,7
6.5,1,1,2,71,3.7,Yes,No,75,66,NotPlaced,70.5,74.0,72.5,4
8.1,2,3,0,88,4.5,Yes,No,76,85,Placed,80.5,90.0,89.0,5
7.8,2,3,2,90,4.8,Yes,Yes,74,88,Placed,81.0,96.0,93.0,7
7.5,1,1,0,83,4.4,No,Yes,55,70,NotPlaced,62.5,88.00000000000001,85.5,2
7.9,1,1,1,79,4.1,No,Yes,68,72,NotPlaced,70.0,82.0,80.5,3
8.1,2,3,2,82,4.5,Yes,Yes,79,87,NotPlaced,83.0,90.0,86.0,7
7.4,1,2,1,69,4.1,No,Yes,58,70,NotPlaced,64.0,82.0,75.5,4
7.5,1,1,1,70,3.8,No,Yes,63,73,NotPlaced,68.0,76.0,73.0,3
8.1,0,3,0,81,4.5,No,Yes,77,67,Placed,72.0,90.0,85.5,3
8.5,2,3,2,90,4.8,Yes,Yes,79,81,Placed,80.0,96.0,93.0,7
8.3,2,3,2,90,4.5,Yes,Yes,74,88,Placed,81.0,90.0,90.0,7
7.5,1,2,0,65,4.7,No,Yes,63,69,NotPlaced,66.0,94.0,79.5,3
7.6,1,2,0,77,4.3,Yes,Yes,66,83,NotPlaced,74.5,86.0,81.5,3
8.3,2,3,2,90,4.8,Yes,Yes,83,85,Placed,84.0,96.0,93.0,7
8.6,2,3,1,86,4.8,Yes,No,77,85,Placed,81.0,96.0,91.0,6
7.8,0,2,0,79,4.1,No,Yes,57,63,NotPlaced,60.0,82.0,80.5,2
8.4,1,2,3,75,3.8,Yes,Yes,66,71,NotPlaced,68.5,76.0,75.5,6
8.4,0,3,2,90,4.3,Yes,Yes,76,88,Placed,82.0,86.0,88.0,5
7.4,2,1,1,65,3.2,No,Yes,55,62,NotPlaced,58.5,64.0,64.5,4
8.5,1,3,1,72,4.5,Yes,Yes,57,84,NotPlaced,70.5,90.0,81.0,5
7.4,0,1,0,75,3.8,No,No,56,66,NotPlaced,61.0,76.0,75.5,1
8.3,2,3,2,90,4.8,Yes,Yes,76,87,Placed,81.5,96.0,93.0,7
8.3,0,2,0,79,4.3,No,No,75,65,Placed,70.0,86.0,82.5,2
8.2,1,3,0,77,3.4,No,Yes,55,84,NotPlaced,69.5,68.0,72.5,4
7.6,0,1,0,75,4.0,No,No,67,68,NotPlaced,67.5,80.0,77.5,1
8.1,1,1,1,71,4.2,No,No,55,61,NotPlaced,58.0,84.00000000000001,77.5,3
7.7,1,2,2,88,4.6,Yes,Yes,77,72,Placed,74.5,92.0,90.0,5
8.4,2,3,2,80,4.5,Yes,Yes,57,64,Placed,60.5,90.0,85.0,7
6.5,1,1,1,76,3.8,No,No,55,64,NotPlaced,59.5,76.0,76.0,3
8.6,2,3,2,90,4.6,Yes,Yes,69,86,NotPlaced,77.5,92.0,91.0,7
7.4,1,1,0,77,4.3,No,Yes,56,69,NotPlaced,62.5,86.0,81.5,2
8.3,1,1,0,89,3.9,No,Yes,62,73,Placed,67.5,78.0,83.5,2
7.5,1,3,0,88,4.8,Yes,No,82,85,Placed,83.5,96.0,92.0,4
8.2,1,3,2,85,4.6,Yes,Yes,86,78,Placed,82.0,92.0,88.5,6
6.7,2,1,2,72,4.5,No,Yes,77,69,NotPlaced,73.0,90.0,81.0,5
7.7,2,1,0,80,3.8,No,Yes,55,64,Placed,59.5,76.0,78.0,3
8.2,1,2,0,74,4.8,Yes,No,78,66,Placed,72.0,96.0,85.0,3
7.5,1,1,1,76,4.5,Yes,No,59,59,NotPlaced,59.0,90.0,83.0,3
7.6,1,1,0,60,4.2,No,No,62,67,NotPlaced,64.5,84.00000000000001,72.0,2
8.5,2,3,2,90,4.8,Yes,Yes,83,82,Placed,82.5,96.0,93.0,7
7.4,1,2,1,76,4.3,No,Yes,77,71,NotPlaced,74.0,86.0,81.0,4
8.3,0,2,2,82,4.4,No,Yes,81,67,NotPlaced,74.0,88.00000000000001,85.0,4
7.2,1,1,1,68,4.0,No,No,58,66,NotPlaced,62.0,80.0,74.0,3
8.3,2,3,2,84,4.6,Yes,Yes,76,74,NotPlaced,75.0,92.0,88.0,7
7.5,1,2,1,67,4.7,No,No,60,65,NotPlaced,62.5,94.0,80.5,4
6.7,0,2,0,66,3.9,No,No,58,68,NotPlaced,63.0,78.0,72.0,2
8.3,1,2,0,72,4.2,No,Yes,61,63,NotPlaced,62.0,84.00000000000001,78.0,3
7.4,0,2,0,76,3.8,No,Yes,66,70,NotPlaced,68.0,76.0,76.0,2
8.7,2,3,2,88,4.8,Yes,Yes,79,83,NotPlaced,81.0,96.0,92.0,7
6.5,1,2,0,84,4.7,No,Yes,61,68,NotPlaced,64.5,94.0,89.0,3
7.6,1,1,2,69,4.0,No,Yes,58,65,NotPlaced,61.5,80.0,74.5,4
8.1,1,2,0,72,4.5,Yes,Yes,73,70,Placed,71.5,90.0,81.0,3
8.2,0,3,2,90,4.8,Yes,Yes,79,81,Placed,80.0,96.0,93.0,5
8.4,1,3,2,90,4.8,Yes,Yes,72,85,Placed,78.5,96.0,93.0,6
7.7,0,1,2,78,4.6,No,Yes,55,85,Placed,70.0,92.0,85.0,3
7.7,1,1,1,64,3.7,No,Yes,55,61,NotPlaced,58.0,74.0,69.0,3
8.4,1,3,2,87,4.8,Yes,Yes,75,88,Placed,81.5,96.0,91.5,6
8.3,1,1,2,78,4.5,Yes,Yes,78,88,Placed,83.0,90.0,84.0,4
8.6,1,2,1,77,3.9,Yes,Yes,77,69,NotPlaced,73.0,78.0,77.5,4
8.0,2,1,1,85,4.5,No,No,66,63,Placed,64.5,90.0,87.5,4
8.6,2,3,0,81,4.7,Yes,Yes,77,78,Placed,77.5,94.0,87.5,5
7.4,1,2,1,71,4.0,No,Yes,76,63,Placed,69.5,80.0,75.5,4
8.4,2,3,2,90,4.8,Yes,Yes,76,83,Placed,79.5,96.0,93.0,7
7.9,1,3,0,82,4.6,Yes,Yes,87,83,NotPlaced,85.0,92.0,87.0,4
8.2,2,2,0,89,4.6,Yes,Yes,75,69,NotPlaced,72.0,92.0,90.5,4
7.8,2,1,1,75,3.8,No,No,65,64,NotPlaced,64.5,76.0,75.5,4
8.5,2,3,2,90,4.5,Yes,Yes,75,82,Placed,78.5,90.0,90.0,7
8.4,2,3,2,89,4.4,Yes,Yes,75,88,Placed,81.5,88.00000000000001,88.5,7
8.1,1,3,2,79,4.6,No,Yes,64,80,Placed,72.0,92.0,85.5,6
7.8,0,1,0,73,4.0,No,No,56,72,NotPlaced,64.0,80.0,76.5,1
7.8,0,3,1,88,4.6,Yes,Yes,65,83,Placed,74.0,92.0,90.0,4
6.5,0,1,0,89,4.6,Yes,No,62,77,NotPlaced,69.5,92.0,90.5,1
6.7,1,1,0,73,4.5,No,Yes,60,79,Placed,69.5,90.0,81.5,2
7.5,1,1,1,69,4.0,No,Yes,61,69,NotPlaced,65.0,80.0,74.5,3
8.1,2,3,2,74,4.2,Yes,Yes,61,82,Placed,71.5,84.00000000000001,79.0,7
6.5,1,2,1,85,4.0,Yes,Yes,71,82,Placed,76.5,80.0,82.5,4
8.2,2,3,2,90,4.8,Yes,Yes,86,86,Placed,86.0,96.0,93.0,7
7.6,1,1,1,75,3.7,No,No,55,63,NotPlaced,59.0,74.0,74.5,3
8.5,2,3,2,90,4.8,Yes,Yes,81,85,Placed,83.0,96.0,93.0,7
7.6,0,2,0,77,3.7,Yes,Yes,72,80,Placed,76.0,74.0,75.5,2
7.9,1,2,0,73,4.3,No,Yes,58,65,NotPlaced,61.5,86.0,79.5,3
7.2,1,1,0,76,3.5,No,Yes,57,65,NotPlaced,61.0,70.0,73.0,2
7.9,1,1,0,76,4.2,Yes,Yes,70,60,NotPlaced,65.0,84.00000000000001,80.0,2
7.5,1,2,1,72,4.3,No,Yes,57,67,NotPlaced,62.0,86.0,79.0,4
7.6,1,2,0,65,4.8,No,Yes,62,73,Placed,67.5,96.0,80.5,3
6.9,1,2,0,73,4.2,No,No,55,57,NotPlaced,56.0,84.00000000000001,78.5,3
7.7,1,1,0,69,3.8,No,No,57,65,NotPlaced,61.0,76.0,72.5,2
7.3,0,1,1,74,3.8,No,Yes,60,65,NotPlaced,62.5,76.0,75.0,2
7.9,1,2,0,84,4.1,No,Yes,58,75,Placed,66.5,82.0,83.0,3
8.8,2,3,3,90,4.8,Yes,Yes,72,76,Placed,74.0,96.0,93.0,8
6.7,1,1,2,78,4.3,No,No,65,68,NotPlaced,66.5,86.0,82.0,4
8.4,2,3,0,79,4.6,Yes,No,57,65,NotPlaced,61.0,92.0,85.5,5
8.2,2,3,0,90,4.8,Yes,Yes,76,83,Placed,79.5,96.0,93.0,5
7.8,2,3,1,90,4.6,Yes,No,87,84,Placed,85.5,92.0,91.0,6
6.5,1,1,0,60,3.6,No,No,58,67,NotPlaced,62.5,72.0,66.0,2
7.6,1,1,0,76,4.6,No,No,73,62,NotPlaced,67.5,92.0,84.0,2
7.8,1,1,0,86,4.0,Yes,Yes,60,76,Placed,68.0,80.0,83.0,2
7.4,1,3,2,70,4.7,Yes,Yes,74,86,NotPlaced,80.0,94.0,82.0,6
7.6,1,2,0,69,4.4,No,Yes,60,68,NotPlaced,64.0,88.00000000000001,78.5,3
6.7,1,2,1,74,4.1,Yes,Yes,56,67,Placed,61.5,82.0,78.0,4
7.3,1,2,2,84,4.4,Yes,Yes,76,81,Placed,78.5,88.00000000000001,86.0,5
7.4,1,2,0,70,4.5,Yes,Yes,70,64,Placed,67.0,90.0,80.0,3
6.5,1,1,0,70,4.7,Yes,Yes,55,66,Placed,60.5,94.0,82.0,2
6.5,2,3,0,90,4.6,Yes,Yes,75,67,Placed,71.0,92.0,91.0,5
7.7,1,1,1,73,4.3,No,No,65,63,NotPlaced,64.0,86.0,79.5,3
6.6,1,2,0,78,4.4,No,No,59,70,NotPlaced,64.5,88.00000000000001,83.0,3
8.1,1,3,0,90,4.6,No,Yes,71,81,Placed,76.0,92.0,91.0,4
7.4,1,1,1,69,4.2,No,Yes,59,65,NotPlaced,62.0,84.00000000000001,76.5,3
7.9,0,1,1,74,4.4,No,No,59,65,NotPlaced,62.0,88.00000000000001,81.0,2
6.6,1,1,0,68,4.6,No,No,57,72,NotPlaced,64.5,92.0,80.0,2
8.4,2,3,2,90,4.8,Yes,No,82,81,Placed,81.5,96.0,93.0,7
6.7,0,2,0,83,4.0,No,Yes,55,66,NotPlaced,60.5,80.0,81.5,2
7.7,1,1,0,65,3.0,No,No,55,74,NotPlaced,64.5,60.0,62.5,2
6.7,1,1,0,80,3.5,No,No,57,62,NotPlaced,59.5,70.0,75.0,2
7.4,1,1,1,75,3.7,No,No,61,68,NotPlaced,64.5,74.0,74.5,3
8.7,2,3,2,90,4.6,Yes,Yes,75,86,Placed,80.5,92.0,91.0,7
8.0,2,3,0,77,4.8,Yes,Yes,77,85,NotPlaced,81.0,96.0,86.5,5
7.6,1,2,1,67,4.1,No,No,58,70,NotPlaced,64.0,82.0,74.5,4
6.9,1,3,1,78,4.4,Yes,Yes,79,78,NotPlaced,78.5,88.00000000000001,83.0,5
8.2,2,3,2,90,4.8,Yes,Yes,89,87,Placed,88.0,96.0,93.0,7
6.5,0,3,2,86,4.6,Yes,Yes,76,83,NotPlaced,79.5,92.0,89.0,5
7.7,2,1,1,80,4.7,Yes,Yes,56,85,Placed,70.5,94.0,87.0,4
7.8,1,2,0,70,3.8,Yes,Yes,59,69,NotPlaced,64.0,76.0,73.0,3
7.4,0,1,1,81,3.5,Yes,Yes,71,65,NotPlaced,68.0,70.0,75.5,2
6.8,2,1,2,83,4.7,Yes,No,79,61,NotPlaced,70.0,94.0,88.5,5
8.3,2,1,2,72,4.0,Yes,Yes,76,70,NotPlaced,73.0,80.0,76.0,5
7.2,0,1,0,73,3.7,No,No,55,62,NotPlaced,58.5,74.0,73.5,1
7.9,0,2,0,87,4.4,Yes,Yes,74,70,Placed,72.0,88.00000000000001,87.5,2
7.7,1,1,1,78,3.3,No,No,55,74,NotPlaced,64.5,65.99999999999999,72.0,3
7.4,1,1,0,69,4.4,No,No,57,66,NotPlaced,61.5,88.00000000000001,78.5,2
8.2,2,3,2,90,4.8,Yes,No,85,78,Placed,81.5,96.0,93.0,7
7.7,1,2,0,85,3.7,No,Yes,56,72,NotPlaced,64.0,74.0,79.5,3
7.4,1,2,0,80,4.2,Yes,Yes,83,80,Placed,81.5,84.00000000000001,82.0,3
8.1,2,3,2,90,4.8,Yes,Yes,84,86,Placed,85.0,96.0,93.0,7
7.3,0,2,0,81,4.2,No,Yes,56,71,NotPlaced,63.5,84.00000000000001,82.5,2
6.5,1,1,0,74,4.0,No,Yes,84,71,NotPlaced,77.5,80.0,77.0,2
8.3,0,1,3,77,4.0,No,Yes,55,67,NotPlaced,61.0,80.0,78.5,4
7.7,1,2,2,75,4.7,Yes,Yes,79,80,NotPlaced,79.5,94.0,84.5,5
8.1,0,1,0,83,4.2,Yes,Yes,71,83,NotPlaced,77.0,84.00000000000001,83.5,1
8.2,1,1,1,71,3.5,No,No,56,65,NotPlaced,60.5,70.0,70.5,3
7.5,0,1,0,66,4.3,No,No,60,68,NotPlaced,64.0,86.0,76.0,1
8.6,2,1,0,87,4.4,Yes,Yes,55,83,Placed,69.0,88.00000000000001,87.5,3
7.5,1,3,2,75,4.5,Yes,Yes,80,63,Placed,71.5,90.0,82.5,6
8.2,1,1,0,71,3.8,No,No,67,62,NotPlaced,64.5,76.0,73.5,2
6.9,1,3,1,84,4.4,Yes,Yes,73,88,Placed,80.5,88.00000000000001,86.0,5
6.5,0,1,0,76,4.3,No,No,59,66,NotPlaced,62.5,86.0,81.0,1
8.4,1,1,0,87,4.8,Yes,Yes,71,82,NotPlaced,76.5,96.0,91.5,2
8.2,1,3,1,72,3.9,No,Yes,61,73,NotPlaced,67.0,78.0,75.0,5
7.7,0,1,1,78,4.1,No,No,58,75,NotPlaced,66.5,82.0,80.0,2
8.4,2,3,2,90,4.8,Yes,Yes,79,86,Placed,82.5,96.0,93.0,7
8.4,1,3,2,90,4.6,Yes,Yes,73,84,Placed,78.5,92.0,91.0,6
7.7,2,3,2,89,4.8,Yes,Yes,82,87,Placed,84.5,96.0,92.5,7
7.7,1,3,1,84,4.7,Yes,No,59,65,NotPlaced,62.0,94.0,89.0,5
7.6,1,1,1,72,3.3,No,Yes,58,61,NotPlaced,59.5,65.99999999999999,69.0,3
6.7,1,2,0,75,4.8,Yes,Yes,55,67,Placed,61.0,96.0,85.5,3
6.5,1,2,1,76,4.4,Yes,Yes,71,73,Placed,72.0,88.00000000000001,82.0,4
7.5,1,1,0,64,3.4,No,No,56,66,NotPlaced,61.0,68.0,66.0,2
7.1,1,3,0,81,4.2,Yes,Yes,62,88,Placed,75.0,84.00000000000001,82.5,4
7.8,0,3,0,84,3.8,Yes,Yes,59,71,NotPlaced,65.0,76.0,80.0,3
6.5,1,1,3,87,4.2,Yes,Yes,80,82,Placed,81.0,84.00000000000001,85.5,5
7.5,0,3,1,76,4.4,Yes,Yes,81,83,Placed,82.0,88.00000000000001,82.0,4
8.3,2,3,2,87,4.6,Yes,Yes,78,82,Placed,80.0,92.0,89.5,7
8.1,1,1,2,90,4.8,Yes,Yes,83,72,Placed,77.5,96.0,93.0,4
7.5,2,3,2,79,4.4,Yes,Yes,70,80,Placed,75.0,88.00000000000001,83.5,7
7.4,2,1,3,66,3.9,No,No,61,57,NotPlaced,59.0,78.0,72.0,6
8.2,0,3,2,90,4.8,Yes,Yes,70,84,Placed,77.0,96.0,93.0,5
8.1,0,3,0,69,4.1,Yes,No,67,59,NotPlaced,63.0,82.0,75.5,3
8.6,1,3,0,82,4.8,Yes,Yes,87,68,NotPlaced,77.5,96.0,89.0,4
6.5,1,2,1,78,4.4,Yes,Yes,77,73,NotPlaced,75.0,88.00000000000001,83.0,4
6.5,1,2,0,70,3.7,Yes,Yes,61,69,NotPlaced,65.0,74.0,72.0,3
7.4,1,1,1,78,4.3,No,Yes,55,66,NotPlaced,60.5,86.0,82.0,3
6.9,1,2,1,78,4.5,No,Yes,68,64,Placed,66.0,90.0,84.0,4
7.7,2,2,2,84,3.9,No,Yes,86,87,Placed,86.5,78.0,81.0,6
8.1,2,3,2,90,4.8,Yes,Yes,81,85,Placed,83.0,96.0,93.0,7
7.9,2,1,2,88,3.6,No,No,73,66,NotPlaced,69.5,72.0,80.0,5
8.3,2,3,2,90,4.8,Yes,Yes,83,87,Placed,85.0,96.0,93.0,7
8.4,2,3,2,90,4.8,Yes,Yes,72,82,Placed,77.0,96.0,93.0,7
6.9,1,3,2,90,4.8,Yes,Yes,76,85,Placed,80.5,96.0,93.0,6
8.2,0,1,0,76,4.4,Yes,Yes,56,81,NotPlaced,68.5,88.00000000000001,82.0,1
8.5,1,3,0,84,4.7,Yes,Yes,58,85,Placed,71.5,94.0,89.0,4
8.4,2,3,2,90,4.8,Yes,Yes,80,84,Placed,82.0,96.0,93.0,7
7.2,2,2,2,79,4.4,Yes,Yes,83,82,Placed,82.5,88.00000000000001,83.5,6
8.6,2,3,2,89,4.8,Yes,No,79,78,Placed,78.5,96.0,92.5,7
7.6,2,2,1,90,4.7,Yes,Yes,70,70,NotPlaced,70.0,94.0,92.0,5
7.6,0,1,0,67,4.3,Yes,Yes,59,69,NotPlaced,64.0,86.0,76.5,1
7.5,0,2,0,69,3.7,No,No,58,65,NotPlaced,61.5,74.0,71.5,2
7.6,1,1,0,66,4.1,No,Yes,58,69,NotPlaced,63.5,82.0,74.0,2
6.6,1,3,2,90,4.8,Yes,Yes,67,83,NotPlaced,75.0,96.0,93.0,6
7.6,0,1,0,81,3.9,Yes,Yes,61,83,Placed,72.0,78.0,79.5,1
8.3,1,3,2,85,4.1,Yes,Yes,76,86,Placed,81.0,82.0,83.5,6
6.5,0,1,1,81,4.0,No,Yes,55,67,NotPlaced,61.0,80.0,80.5,2
8.4,2,3,2,89,4.8,Yes,Yes,73,81,NotPlaced,77.0,96.0,92.5,7
6.5,1,1,1,60,4.0,No,No,55,74,NotPlaced,64.5,80.0,70.0,3
8.1,2,3,0,90,4.8,Yes,Yes,83,88,Placed,85.5,96.0,93.0,5
7.3,0,1,0,85,4.4,No,No,57,68,NotPlaced,62.5,88.00000000000001,86.5,1
7.7,1,1,1,79,4.3,No,No,56,65,NotPlaced,60.5,86.0,82.5,3
7.5,1,1,0,77,4.2,Yes,Yes,82,74,NotPlaced,78.0,84.00000000000001,80.5,2
8.0,1,1,2,80,4.7,Yes,Yes,80,79,NotPlaced,79.5,94.0,87.0,4
7.8,0,2,0,86,4.1,Yes,Yes,85,84,NotPlaced,84.5,82.0,84.0,2
8.5,2,3,2,90,4.8,Yes,Yes,81,85,Placed,83.0,96.0,93.0,7
6.5,0,2,1,77,4.1,Yes,No,55,68,NotPlaced,61.5,82.0,79.5,3
7.8,1,1,1,87,4.2,Yes,Yes,59,86,Placed,72.5,84.00000000000001,85.5,3
7.7,1,1,0,79,4.3,No,Yes,71,85,Placed,78.0,86.0,82.5,2
7.7,0,1,0,73,3.6,No,No,55,65,NotPlaced,60.0,72.0,72.5,1
7.5,1,1,0,78,3.3,No,No,64,61,NotPlaced,62.5,65.99999999999999,72.0,2
6.5,2,1,2,86,4.7,Yes,No,65,82,Placed,73.5,94.0,90.0,5
8.3,2,3,0,77,4.1,Yes,Yes,84,64,NotPlaced,74.0,82.0,79.5,5
7.8,1,2,0,90,4.0,Yes,Yes,81,79,NotPlaced,80.0,80.0,85.0,3
8.4,2,3,2,90,4.8,Yes,Yes,79,84,Placed,81.5,96.0,93.0,7
7.6,1,2,0,70,3.9,No,Yes,55,60,NotPlaced,57.5,78.0,74.0,3
6.8,0,2,0,73,4.3,Yes,Yes,64,63,Placed,63.5,86.0,79.5,2
6.8,0,1,0,70,3.3,No,No,55,70,NotPlaced,62.5,65.99999999999999,68.0,1
6.6,1,1,1,72,4.0,No,No,58,63,NotPlaced,60.5,80.0,76.0,3
6.5,0,1,0,86,3.9,No,No,72,70,NotPlaced,71.0,78.0,82.0,1
6.5,0,1,0,79,4.2,Yes,Yes,83,74,Placed,78.5,84.00000000000001,81.5,1
7.8,1,1,0,66,4.6,No,No,57,67,NotPlaced,62.0,92.0,79.0,2
7.6,0,1,2,83,4.8,Yes,Yes,78,81,Placed,79.5,96.0,89.5,3
7.7,1,2,2,75,4.6,Yes,No,68,73,Placed,70.5,92.0,83.5,5
8.2,1,1,0,75,4.1,Yes,No,65,70,NotPlaced,67.5,82.0,78.5,2
6.5,1,1,0,85,3.7,No,No,60,74,NotPlaced,67.0,74.0,79.5,2
6.5,1,1,1,64,4.0,No,No,55,71,NotPlaced,63.0,80.0,72.0,3
8.2,2,3,2,90,4.8,Yes,Yes,84,85,Placed,84.5,96.0,93.0,7
8.1,0,3,2,83,4.6,Yes,No,68,83,Placed,75.5,92.0,87.5,5
7.9,1,2,0,90,4.8,Yes,Yes,76,80,Placed,78.0,96.0,93.0,3
7.3,1,1,1,70,3.8,No,No,56,71,NotPlaced,63.5,76.0,73.0,3
8.3,2,3,0,88,4.8,Yes,Yes,82,72,NotPlaced,77.0,96.0,92.0,5
8.4,1,3,2,88,4.5,Yes,Yes,73,82,Placed,77.5,90.0,89.0,6
7.3,1,3,0,89,3.8,No,No,79,71,NotPlaced,75.0,76.0,82.5,4
7.7,1,2,1,69,4.1,Yes,No,57,63,NotPlaced,60.0,82.0,75.5,4
8.3,1,1,0,81,4.7,No,No,75,69,NotPlaced,72.0,94.0,87.5,2
7.6,2,1,1,76,3.5,No,Yes,58,81,NotPlaced,69.5,70.0,73.0,4
8.0,1,1,2,75,3.6,Yes,Yes,55,64,NotPlaced,59.5,72.0,73.5,4
7.7,2,2,1,71,4.4,No,Yes,55,66,NotPlaced,60.5,88.00000000000001,79.5,5
7.5,0,2,1,67,4.4,No,Yes,55,68,NotPlaced,61.5,88.00000000000001,77.5,3
8.4,2,3,1,85,4.4,Yes,Yes,78,83,Placed,80.5,88.00000000000001,86.5,6
6.6,0,2,1,78,4.5,No,No,69,68,NotPlaced,68.5,90.0,84.0,3
6.6,1,1,1,85,4.0,No,Yes,57,62,Placed,59.5,80.0,82.5,3
6.5,1,1,1,66,3.7,No,Yes,55,61,NotPlaced,58.0,74.0,70.0,3
7.0,0,2,0,66,4.3,No,Yes,79,63,Placed,71.0,86.0,76.0,2
7.6,2,1,0,77,4.2,No,Yes,72,68,Placed,70.0,84.00000000000001,80.5,3
7.7,0,1,0,65,4.3,No,Yes,55,64,NotPlaced,59.5,86.0,75.5,1
6.5,0,3,0,73,4.6,Yes,Yes,75,74,Placed,74.5,92.0,82.5,3
7.7,1,2,0,79,4.1,Yes,Yes,66,72,NotPlaced,69.0,82.0,80.5,3
8.1,2,3,0,87,4.4,Yes,Yes,86,88,Placed,87.0,88.00000000000001,87.5,5
7.5,1,1,1,73,4.7,Yes,No,61,67,NotPlaced,64.0,94.0,83.5,3
8.0,2,3,2,90,4.7,Yes,Yes,82,86,Placed,84.0,94.0,92.0,7
7.7,2,1,0,65,3.8,Yes,No,88,79,NotPlaced,83.5,76.0,70.5,3
8.1,1,2,0,83,4.6,Yes,Yes,75,75,NotPlaced,75.0,92.0,87.5,3
8.2,1,2,2,74,4.4,Yes,Yes,72,81,Placed,76.5,88.00000000000001,81.0,5
7.3,1,2,2,75,4.6,Yes,Yes,77,74,Placed,75.5,92.0,83.5,5
6.7,1,2,0,76,4.8,Yes,Yes,59,66,Placed,62.5,96.0,86.0,3
8.0,1,3,3,90,4.6,Yes,Yes,72,88,Placed,80.0,92.0,91.0,7
7.3,1,1,0,69,3.9,Yes,Yes,58,60,NotPlaced,59.0,78.0,73.5,2
8.2,1,3,2,79,4.0,Yes,Yes,73,67,NotPlaced,70.0,80.0,79.5,6
8.5,2,3,0,76,4.8,Yes,Yes,85,88,Placed,86.5,96.0,86.0,5
8.1,2,3,2,90,3.7,Yes,Yes,78,77,Placed,77.5,74.0,82.0,7
7.2,0,1,1,73,3.4,No,Yes,73,70,NotPlaced,71.5,68.0,70.5,2
8.1,1,3,2,90,4.8,Yes,Yes,78,88,Placed,83.0,96.0,93.0,6
6.9,0,2,1,82,4.2,Yes,Yes,73,86,Placed,79.5,84.00000000000001,83.0,3
7.9,1,2,0,75,3.8,Yes,No,57,66,NotPlaced,61.5,76.0,75.5,3
6.5,1,2,1,62,4.4,No,Yes,60,66,NotPlaced,63.0,88.00000000000001,75.0,4
7.7,0,3,2,84,4.8,Yes,Yes,75,86,Placed,80.5,96.0,90.0,5
7.6,1,2,0,68,4.3,Yes,Yes,84,63,NotPlaced,73.5,86.0,77.0,3
8.9,2,3,2,90,4.8,Yes,Yes,82,88,Placed,85.0,96.0,93.0,7
8.0,0,3,2,90,4.7,Yes,Yes,71,88,Placed,79.5,94.0,92.0,5
7.4,1,3,2,90,4.8,Yes,Yes,79,83,Placed,81.0,96.0,93.0,6
7.4,1,1,1,70,3.2,No,Yes,58,67,NotPlaced,62.5,64.0,67.0,3
6.9,1,1,2,78,4.6,Yes,Yes,65,82,NotPlaced,73.5,92.0,85.0,4
8.1,2,1,0,82,4.4,No,No,55,73,NotPlaced,64.0,88.00000000000001,85.0,3
8.3,2,3,0,90,4.8,Yes,Yes,68,83,Placed,75.5,96.0,93.0,5
6.5,1,2,0,85,3.4,No,Yes,57,71,NotPlaced,64.0,68.0,76.5,3
7.7,2,3,1,88,4.3,No,Yes,56,83,NotPlaced,69.5,86.0,87.0,6
7.3,1,1,0,70,3.7,Yes,Yes,61,67,NotPlaced,64.0,74.0,72.0,2
7.4,0,3,2,75,4.3,Yes,Yes,88,84,Placed,86.0,86.0,80.5,5
8.2,2,3,2,89,4.8,Yes,Yes,74,87,Placed,80.5,96.0,92.5,7
7.6,1,1,0,74,4.1,No,Yes,55,64,NotPlaced,59.5,82.0,78.0,2
6.8,1,1,0,64,4.2,No,Yes,63,67,NotPlaced,65.0,84.00000000000001,74.0,2
8.4,1,3,0,87,4.1,Yes,No,55,84,NotPlaced,69.5,82.0,84.5,4
8.3,2,3,2,89,4.6,Yes,Yes,77,88,Placed,82.5,92.0,90.5,7
6.9,1,1,1,67,4.5,No,Yes,55,71,NotPlaced,63.0,90.0,78.5,3
8.2,1,2,2,86,4.2,Yes,Yes,73,73,NotPlaced,73.0,84.00000000000001,85.0,5
6.5,0,1,1,73,3.5,No,No,85,64,NotPlaced,74.5,70.0,71.5,2
7.7,1,1,1,82,4.6,Yes,Yes,66,82,NotPlaced,74.0,92.0,87.0,3
7.8,0,3,1,76,3.8,No,Yes,55,69,NotPlaced,62.0,76.0,76.0,4
8.3,1,3,1,90,4.8,Yes,Yes,83,87,Placed,85.0,96.0,93.0,5
7.5,1,3,1,79,3.8,Yes,Yes,62,63,Placed,62.5,76.0,77.5,5
7.9,1,2,0,68,3.7,No,No,55,59,NotPlaced,57.0,74.0,71.0,3
7.8,1,1,1,69,4.1,No,No,55,64,NotPlaced,59.5,82.0,75.5,3
7.6,0,1,0,63,4.4,No,Yes,61,71,Placed,66.0,88.00000000000001,75.5,1
7.4,1,3,1,61,4.8,No,No,58,73,NotPlaced,65.5,96.0,78.5,5
7.8,0,2,0,89,3.9,Yes,Yes,70,74,NotPlaced,72.0,78.0,83.5,2
7.5,0,1,1,70,4.3,No,No,64,66,NotPlaced,65.0,86.0,78.0,2
6.6,1,1,0,70,4.1,No,No,55,67,NotPlaced,61.0,82.0,76.0,2
7.6,0,1,0,61,3.8,No,Yes,55,61,NotPlaced,58.0,76.0,68.5,1
8.6,2,3,1,90,4.8,Yes,Yes,75,88,Placed,81.5,96.0,93.0,6
7.5,0,2,1,78,3.8,No,Yes,82,68,NotPlaced,75.0,76.0,77.0,3
8.1,0,3,0,84,3.3,No,No,86,65,NotPlaced,75.5,65.99999999999999,75.0,3
7.6,0,1,1,75,4.2,No,Yes,55,63,NotPlaced,59.0,84.00000000000001,79.5,2
7.7,1,1,1,60,3.6,No,No,59,58,NotPlaced,58.5,72.0,66.0,3
8.0,2,3,2,83,4.6,Yes,Yes,72,85,Placed,78.5,92.0,87.5,7
8.3,2,3,2,90,4.8,Yes,Yes,78,87,Placed,82.5,96.0,93.0,7
7.8,0,1,0,64,3.9,No,No,64,61,NotPlaced,62.5,78.0,71.0,1
8.0,1,3,0,74,3.8,No,Yes,77,68,NotPlaced,72.5,76.0,75.0,4
8.4,2,3,2,90,4.8,Yes,Yes,74,88,Placed,81.0,96.0,93.0,7
8.7,2,3,2,90,4.8,Yes,Yes,80,86,Placed,83.0,96.0,93.0,7
8.4,0,3,2,87,4.8,Yes,No,82,75,Placed,78.5,96.0,91.5,5
7.1,1,1,0,79,3.8,No,No,55,61,NotPlaced,58.0,76.0,77.5,2
8.1,1,2,0,78,4.2,Yes,Yes,84,82,Placed,83.0,84.00000000000001,81.0,3
8.4,1,3,2,90,4.7,Yes,Yes,85,88,Placed,86.5,94.0,92.0,6
8.8,0,3,2,89,4.5,Yes,Yes,77,87,Placed,82.0,90.0,89.5,5
7.5,2,2,1,75,4.2,Yes,Yes,65,86,NotPlaced,75.5,84.00000000000001,79.5,5
7.7,1,2,1,69,4.5,No,Yes,55,61,NotPlaced,58.0,90.0,79.5,4
7.5,0,2,1,81,4.1,Yes,No,56,66,NotPlaced,61.0,82.0,81.5,3
7.9,0,3,1,77,4.7,Yes,No,81,63,NotPlaced,72.0,94.0,85.5,4
7.5,1,3,0,83,4.8,Yes,Yes,73,87,Placed,80.0,96.0,89.5,4
8.6,1,3,0,87,4.7,Yes,Yes,81,88,Placed,84.5,94.0,90.5,4
8.3,0,3,2,90,4.7,Yes,Yes,76,85,Placed,80.5,94.0,92.0,5
7.6,0,2,1,69,4.8,No,No,80,71,NotPlaced,75.5,96.0,82.5,3
6.7,1,1,0,81,4.6,Yes,Yes,57,70,Placed,63.5,92.0,86.5,2
7.6,0,1,0,73,4.7,No,No,80,57,NotPlaced,68.5,94.0,83.5,1
6.5,0,1,0,81,4.1,No,Yes,64,65,NotPlaced,64.5,82.0,81.5,1
7.9,2,3,2,90,4.5,Yes,No,84,82,Placed,83.0,90.0,90.0,7
8.4,0,3,2,90,4.7,Yes,Yes,82,87,Placed,84.5,94.0,92.0,5
6.9,1,1,0,76,4.5,No,No,58,58,Placed,58.0,90.0,83.0,2
7.8,2,3,2,82,4.6,Yes,No,84,76,NotPlaced,80.0,92.0,87.0,7
7.3,1,1,0,74,4.5,No,No,67,65,NotPlaced,66.0,90.0,82.0,2
6.8,0,2,1,76,4.0,No,Yes,55,65,NotPlaced,60.0,80.0,78.0,3
7.6,0,2,0,84,4.5,Yes,Yes,69,86,Placed,77.5,90.0,87.0,2
7.4,1,1,1,82,4.3,No,Yes,86,69,NotPlaced,77.5,86.0,84.0,3
8.7,1,2,2,84,4.3,No,No,78,87,NotPlaced,82.5,86.0,85.0,5
8.0,2,1,0,74,4.6,Yes,Yes,78,79,Placed,78.5,92.0,83.0,3
7.9,0,3,2,89,4.5,No,No,63,59,Placed,61.0,90.0,89.5,5
7.8,2,3,2,90,4.8,Yes,Yes,79,87,Placed,83.0,96.0,93.0,7
7.8,1,2,0,77,4.2,No,Yes,79,70,Placed,74.5,84.00000000000001,80.5,3
6.8,1,1,1,78,4.0,No,No,65,58,NotPlaced,61.5,80.0,79.0,3
8.7,1,1,2,80,3.8,Yes,Yes,60,75,NotPlaced,67.5,76.0,78.0,4
7.7,1,2,2,86,4.8,Yes,Yes,73,86,Placed,79.5,96.0,91.0,5
7.6,1,1,1,77,4.0,No,Yes,55,74,Placed,64.5,80.0,78.5,3
7.7,1,2,0,88,4.5,No,Yes,55,69,NotPlaced,62.0,90.0,89.0,3
6.7,2,3,2,83,4.0,No,No,79,68,Placed,73.5,80.0,81.5,7
7.7,1,1,0,82,4.3,No,Yes,60,63,NotPlaced,61.5,86.0,84.0,2
8.2,0,2,2,83,4.8,Yes,Yes,78,82,Placed,80.0,96.0,89.5,4
8.2,2,2,2,82,4.7,Yes,No,75,68,Placed,71.5,94.0,88.0,6
6.9,2,3,0,80,4.4,Yes,Yes,74,67,NotPlaced,70.5,88.00000000000001,84.0,5
8.1,1,3,2,90,4.3,Yes,Yes,74,80,NotPlaced,77.0,86.0,88.0,6
8.1,1,3,3,89,4.8,Yes,Yes,66,86,Placed,76.0,96.0,92.5,7
6.7,1,2,0,74,4.0,No,Yes,56,66,NotPlaced,61.0,80.0,77.0,3
8.4,1,2,2,77,4.1,No,No,65,72,NotPlaced,68.5,82.0,79.5,5
7.9,0,2,2,85,4.2,Yes,No,74,82,NotPlaced,78.0,84.00000000000001,84.5,4
6.5,1,2,0,77,3.5,No,Yes,57,68,Placed,62.5,70.0,73.5,3
7.5,0,1,1,79,4.4,No,Yes,76,71,NotPlaced,73.5,88.00000000000001,83.5,2
8.1,2,3,2,85,4.8,Yes,Yes,80,79,Placed,79.5,96.0,90.5,7
7.3,0,1,1,66,4.7,No,No,59,66,NotPlaced,62.5,94.0,80.0,2
8.7,2,3,2,90,4.8,Yes,Yes,82,84,Placed,83.0,96.0,93.0,7
7.5,1,1,0,70,4.4,No,Yes,70,64,NotPlaced,67.0,88.00000000000001,79.0,2
8.1,1,1,0,60,3.7,Yes,No,77,66,NotPlaced,71.5,74.0,67.0,2
8.7,2,3,2,90,4.8,Yes,Yes,87,88,Placed,87.5,96.0,93.0,7
7.5,1,3,0,84,4.1,Yes,Yes,82,82,NotPlaced,82.0,82.0,83.0,4
8.7,0,3,1,88,4.8,Yes,No,77,82,Placed,79.5,96.0,92.0,4
8.0,2,3,2,90,4.5,Yes,Yes,77,88,Placed,82.5,90.0,90.0,7
8.3,0,1,1,77,3.8,Yes,Yes,78,84,NotPlaced,81.0,76.0,76.5,2
6.6,0,1,1,71,4.4,Yes,Yes,64,85,NotPlaced,74.5,88.00000000000001,79.5,2
8.3,1,3,2,90,4.8,Yes,Yes,87,88,Placed,87.5,96.0,93.0,6
7.8,0,1,0,81,4.2,No,No,63,58,NotPlaced,60.5,84.00000000000001,82.5,1
8.0,1,1,2,84,4.6,Yes,No,76,84,Placed,80.0,92.0,88.0,4
6.5,0,2,1,75,3.9,No,Yes,56,63,NotPlaced,59.5,78.0,76.5,3
7.5,1,2,0,67,4.4,Yes,No,66,84,NotPlaced,75.0,88.00000000000001,77.5,3
7.7,2,3,1,67,4.2,Yes,Yes,64,80,NotPlaced,72.0,84.00000000000001,75.5,6
8.1,2,2,0,90,4.8,Yes,Yes,76,88,NotPlaced,82.0,96.0,93.0,4
6.5,1,1,0,67,3.8,No,No,56,64,NotPlaced,60.0,76.0,71.5,2
7.1,1,1,0,70,4.1,Yes,Yes,56,65,NotPlaced,60.5,82.0,76.0,2
7.7,1,3,0,86,4.8,Yes,Yes,79,84,Placed,81.5,96.0,91.0,4
8.7,2,3,2,90,4.8,Yes,Yes,73,82,Placed,77.5,96.0,93.0,7
7.6,1,2,1,83,3.9,Yes,Yes,70,69,Placed,69.5,78.0,80.5,4
8.6,1,2,0,77,4.7,No,Yes,55,68,Placed,61.5,94.0,85.5,3
7.9,0,3,2,90,4.4,Yes,Yes,88,83,Placed,85.5,88.00000000000001,89.0,5
8.1,0,2,0,70,4.8,Yes,Yes,78,86,Placed,82.0,96.0,83.0,2
8.1,1,2,1,69,4.0,Yes,Yes,86,73,Placed,79.5,80.0,74.5,4
8.1,1,1,0,62,3.0,No,No,55,67,NotPlaced,61.0,60.0,61.0,2
8.2,2,3,2,90,4.8,Yes,No,83,82,Placed,82.5,96.0,93.0,7
8.1,2,2,2,79,4.6,Yes,Yes,79,85,NotPlaced,82.0,92.0,85.5,6
7.7,0,2,2,83,4.5,Yes,Yes,63,82,Placed,72.5,90.0,86.5,4
6.5,1,2,1,72,4.6,Yes,Yes,82,71,NotPlaced,76.5,92.0,82.0,4
8.0,2,2,2,90,4.8,Yes,Yes,75,85,Placed,80.0,96.0,93.0,6
8.4,1,3,0,83,4.8,Yes,Yes,77,85,Placed,81.0,96.0,89.5,4
6.5,1,0,0,88,4.7,Yes,Yes,74,67,Placed,70.5,94.0,91.0,1
7.3,1,1,1,60,4.1,No,No,59,65,NotPlaced,62.0,82.0,71.0,3
7.7,1,2,0,78,3.8,No,Yes,66,66,NotPlaced,66.0,76.0,77.0,3
8.5,1,3,2,88,4.8,Yes,Yes,83,85,Placed,84.0,96.0,92.0,6
6.6,1,2,2,73,3.3,Yes,Yes,64,83,Placed,73.5,65.99999999999999,69.5,5
8.5,0,3,2,87,4.7,Yes,Yes,58,76,Placed,67.0,94.0,90.5,5
6.5,1,1,0,76,3.8,No,No,55,70,NotPlaced,62.5,76.0,76.0,2
8.5,2,3,1,90,4.7,Yes,Yes,75,88,Placed,81.5,94.0,92.0,6
7.0,1,3,1,88,4.8,Yes,Yes,85,82,Placed,83.5,96.0,92.0,5
8.2,1,3,0,77,4.5,Yes,Yes,75,88,Placed,81.5,90.0,83.5,4
6.5,1,1,0,77,4.3,No,No,66,60,NotPlaced,63.0,86.0,81.5,2
7.5,1,1,1,88,4.8,No,Yes,56,66,Placed,61.0,96.0,92.0,3
7.6,1,2,2,87,4.8,Yes,Yes,90,76,NotPlaced,83.0,96.0,91.5,5
6.5,1,1,1,60,4.0,No,No,70,71,NotPlaced,70.5,80.0,70.0,3
6.6,1,2,1,69,3.6,No,Yes,55,70,NotPlaced,62.5,72.0,70.5,4
7.8,1,2,0,82,4.0,No,Yes,70,60,NotPlaced,65.0,80.0,81.0,3
8.4,2,3,2,90,4.8,Yes,No,72,85,Placed,78.5,96.0,93.0,7
7.4,1,2,2,74,4.4,Yes,Yes,84,72,NotPlaced,78.0,88.00000000000001,81.0,5
7.8,2,2,1,65,4.8,No,Yes,55,73,Placed,64.0,96.0,80.5,5
7.9,0,2,1,79,4.8,Yes,Yes,61,66,NotPlaced,63.5,96.0,87.5,3
7.4,1,1,1,68,4.5,No,No,69,68,NotPlaced,68.5,90.0,79.0,3
8.4,0,3,2,90,4.8,Yes,Yes,88,83,Placed,85.5,96.0,93.0,5
7.4,1,2,0,66,4.7,Yes,Yes,63,65,NotPlaced,64.0,94.0,80.0,3
7.8,0,1,0,61,3.8,No,No,60,71,NotPlaced,65.5,76.0,68.5,1
6.5,1,1,0,68,3.8,No,No,59,65,NotPlaced,62.0,76.0,72.0,2
7.6,1,2,0,72,4.1,No,Yes,60,64,NotPlaced,62.0,82.0,77.0,3
6.8,2,3,3,90,4.8,Yes,Yes,81,83,Placed,82.0,96.0,93.0,8
8.0,1,2,2,80,4.7,Yes,No,72,80,NotPlaced,76.0,94.0,87.0,5
7.9,0,1,2,87,4.7,Yes,Yes,89,85,NotPlaced,87.0,94.0,90.5,3
8.7,0,3,2,90,4.8,Yes,Yes,79,85,Placed,82.0,96.0,93.0,5
8.2,1,0,0,84,4.8,Yes,Yes,74,82,Placed,78.0,96.0,90.0,1
8.5,1,3,2,83,4.8,Yes,Yes,76,87,Placed,81.5,96.0,89.5,6
7.1,2,1,0,72,4.3,No,Yes,56,63,NotPlaced,59.5,86.0,79.0,3
7.8,1,2,0,71,3.7,Yes,Yes,82,64,Placed,73.0,74.0,72.5,3
8.3,0,2,2,84,4.8,Yes,Yes,87,86,Placed,86.5,96.0,90.0,4
7.6,2,1,1,82,3.9,Yes,No,71,71,NotPlaced,71.0,78.0,80.0,4
6.5,1,1,0,77,3.7,No,Yes,63,69,NotPlaced,66.0,74.0,75.5,2
7.8,1,2,2,68,4.4,No,No,55,68,NotPlaced,61.5,88.00000000000001,78.0,5
8.3,2,3,2,90,4.8,Yes,Yes,81,88,Placed,84.5,96.0,93.0,7
8.4,2,3,2,90,4.8,Yes,Yes,88,80,Placed,84.0,96.0,93.0,7
6.5,1,1,1,61,3.1,No,No,68,74,NotPlaced,71.0,62.0,61.5,3
7.5,1,2,0,87,4.5,No,No,57,72,NotPlaced,64.5,90.0,88.5,3
8.3,2,3,2,90,4.7,Yes,No,83,80,Placed,81.5,94.0,92.0,7
7.7,2,3,2,90,4.7,Yes,Yes,79,88,Placed,83.5,94.0,92.0,7
7.2,1,1,1,77,4.7,Yes,Yes,62,69,Placed,65.5,94.0,85.5,3
8.0,1,3,1,83,4.7,Yes,Yes,77,83,NotPlaced,80.0,94.0,88.5,5
6.9,1,1,0,76,4.3,No,Yes,60,64,NotPlaced,62.0,86.0,81.0,2
7.8,2,1,1,74,3.6,Yes,Yes,57,72,NotPlaced,64.5,72.0,73.0,4
8.6,1,2,2,85,3.7,Yes,Yes,81,83,NotPlaced,82.0,74.0,79.5,5
7.9,1,3,0,78,4.6,Yes,Yes,78,85,Placed,81.5,92.0,85.0,4
8.3,0,2,0,70,4.1,No,Yes,55,72,NotPlaced,63.5,82.0,76.0,2
7.8,1,2,1,78,4.8,No,Yes,55,69,NotPlaced,62.0,96.0,87.0,4
7.6,2,3,2,81,4.0,Yes,Yes,67,69,Placed,68.0,80.0,80.5,7
7.3,0,1,0,67,3.6,No,No,55,58,NotPlaced,56.5,72.0,69.5,1
7.8,1,1,0,79,4.0,No,Yes,55,70,NotPlaced,62.5,80.0,79.5,2
7.4,1,1,0,74,4.4,Yes,Yes,71,81,Placed,76.0,88.00000000000001,81.0,2
8.3,1,3,2,79,4.4,Yes,Yes,78,83,Placed,80.5,88.00000000000001,83.5,6
8.0,1,2,2,74,4.1,No,Yes,70,84,Placed,77.0,82.0,78.0,5
7.6,0,2,2,78,4.4,Yes,Yes,80,71,NotPlaced,75.5,88.00000000000001,83.0,4
8.3,0,3,0,82,4.5,Yes,Yes,73,81,Placed,77.0,90.0,86.0,3
8.5,2,3,0,90,4.8,Yes,No,74,88,Placed,81.0,96.0,93.0,5
8.1,1,1,0,90,4.7,No,Yes,70,82,NotPlaced,76.0,94.0,92.0,2
8.5,1,3,0,79,4.5,Yes,Yes,73,88,NotPlaced,80.5,90.0,84.5,4
6.8,0,1,1,79,4.2,Yes,Yes,60,82,NotPlaced,71.0,84.00000000000001,81.5,2
6.5,0,2,1,60,3.1,No,No,65,71,NotPlaced,68.0,62.0,61.0,3
8.3,0,3,1,76,4.5,Yes,No,81,67,NotPlaced,74.0,90.0,83.0,4
6.5,0,1,0,62,4.0,No,Yes,58,66,NotPlaced,62.0,80.0,71.0,1
8.0,2,3,3,90,4.6,Yes,Yes,84,81,Placed,82.5,92.0,91.0,8
7.8,1,1,0,89,4.7,Yes,Yes,79,69,NotPlaced,74.0,94.0,91.5,2
8.9,2,3,2,86,4.7,Yes,Yes,71,88,Placed,79.5,94.0,90.0,7
8.3,1,3,2,85,4.8,Yes,Yes,71,70,Placed,70.5,96.0,90.5,6
8.5,2,3,2,90,4.7,Yes,Yes,84,86,Placed,85.0,94.0,92.0,7
8.5,0,1,1,90,4.8,Yes,No,61,75,NotPlaced,68.0,96.0,93.0,2
6.5,1,1,1,62,4.1,No,Yes,63,67,NotPlaced,65.0,82.0,72.0,3
8.1,0,1,2,81,4.1,Yes,Yes,74,66,Placed,70.0,82.0,81.5,3
6.5,0,1,1,65,4.2,No,Yes,58,70,NotPlaced,64.0,84.00000000000001,74.5,2
7.7,2,3,2,89,4.8,Yes,Yes,86,79,Placed,82.5,96.0,92.5,7
8.2,1,2,0,68,4.2,No,No,57,64,NotPlaced,60.5,84.00000000000001,76.0,3
6.7,1,1,1,70,4.5,No,Yes,75,72,NotPlaced,73.5,90.0,80.0,3
7.5,0,1,1,71,3.4,No,No,66,74,NotPlaced,70.0,68.0,69.5,2
8.3,2,3,2,82,4.8,Yes,Yes,79,81,Placed,80.0,96.0,89.0,7
6.5,1,2,3,77,4.4,Yes,No,64,80,NotPlaced,72.0,88.00000000000001,82.5,6
6.5,0,2,0,71,3.4,No,Yes,55,73,NotPlaced,64.0,68.0,69.5,2
7.4,1,2,0,65,3.9,No,No,74,66,NotPlaced,70.0,78.0,71.5,3
6.5,1,2,1,76,4.3,No,No,69,62,Placed,65.5,86.0,81.0,4
7.4,0,3,2,90,4.7,Yes,Yes,83,88,Placed,85.5,94.0,92.0,5
7.7,0,1,1,66,3.4,No,No,67,64,NotPlaced,65.5,68.0,67.0,2
8.4,1,3,2,81,4.3,No,Yes,74,66,Placed,70.0,86.0,83.5,6
7.8,1,3,0,81,4.5,Yes,Yes,79,72,Placed,75.5,90.0,85.5,4
8.0,1,3,2,90,4.7,Yes,Yes,72,84,NotPlaced,78.0,94.0,92.0,6
8.3,2,3,2,90,4.8,Yes,Yes,75,80,Placed,77.5,96.0,93.0,7
8.0,1,3,0,83,4.8,No,Yes,75,83,NotPlaced,79.0,96.0,89.5,4
8.4,1,3,1,78,4.4,No,No,69,73,NotPlaced,71.0,88.00000000000001,83.0,5
8.3,2,3,2,90,4.8,Yes,Yes,88,87,Placed,87.5,96.0,93.0,7
8.4,2,3,2,84,4.8,No,Yes,73,71,Placed,72.0,96.0,90.0,7
8.5,1,3,2,86,4.6,Yes,Yes,64,83,Placed,73.5,92.0,89.0,6
8.3,1,2,2,90,4.8,Yes,Yes,90,84,Placed,87.0,96.0,93.0,5
8.5,1,2,3,90,4.8,No,Yes,70,72,NotPlaced,71.0,96.0,93.0,6
6.8,0,2,1,89,3.9,No,Yes,63,61,Placed,62.0,78.0,83.5,3
7.5,1,2,0,82,4.4,No,Yes,57,61,Placed,59.0,88.00000000000001,85.0,3
7.4,1,2,1,64,3.5,No,No,62,69,NotPlaced,65.5,70.0,67.0,4
7.8,1,1,0,73,3.2,No,Yes,57,69,NotPlaced,63.0,64.0,68.5,2
7.5,1,1,0,68,4.1,No,Yes,82,67,NotPlaced,74.5,82.0,75.0,2
6.5,2,3,0,89,4.4,Yes,Yes,77,73,Placed,75.0,88.00000000000001,88.5,5
7.5,1,2,0,79,3.8,No,No,64,70,NotPlaced,67.0,76.0,77.5,3
7.4,0,1,1,69,4.0,No,Yes,60,71,NotPlaced,65.5,80.0,74.5,2
8.0,1,2,1,83,4.0,Yes,Yes,75,68,Placed,71.5,80.0,81.5,4
8.5,2,2,2,69,4.4,No,Yes,76,81,NotPlaced,78.5,88.00000000000001,78.5,6
7.8,1,3,0,87,4.1,Yes,Yes,66,63,NotPlaced,64.5,82.0,84.5,4
6.6,0,2,0,64,4.2,No,No,55,85,NotPlaced,70.0,84.00000000000001,74.0,2
8.5,1,2,1,76,3.8,No,Yes,58,70,NotPlaced,64.0,76.0,76.0,4
6.5,1,2,1,66,4.2,No,No,55,72,NotPlaced,63.5,84.00000000000001,75.0,4
7.6,1,3,3,78,4.7,Yes,No,86,74,Placed,80.0,94.0,86.0,7
7.7,1,1,1,75,4.6,No,Yes,72,75,NotPlaced,73.5,92.0,83.5,3
8.0,2,3,0,90,4.4,Yes,Yes,72,85,Placed,78.5,88.00000000000001,89.0,5
8.0,1,3,2,86,4.8,Yes,No,84,85,Placed,84.5,96.0,91.0,6
6.8,1,2,0,75,4.5,Yes,Yes,76,80,NotPlaced,78.0,90.0,82.5,3
8.2,1,3,2,79,4.1,Yes,Yes,78,65,Placed,71.5,82.0,80.5,6
8.1,2,3,2,86,4.5,Yes,Yes,84,81,Placed,82.5,90.0,88.0,7
8.3,1,2,0,82,4.6,Yes,Yes,85,86,Placed,85.5,92.0,87.0,3
8.2,2,3,2,90,4.8,Yes,Yes,80,86,Placed,83.0,96.0,93.0,7
7.6,1,2,0,85,4.6,No,Yes,78,73,NotPlaced,75.5,92.0,88.5,3
6.5,1,2,0,76,4.2,No,Yes,55,65,NotPlaced,60.0,84.00000000000001,80.0,3
8.3,1,2,1,84,4.7,Yes,Yes,59,69,NotPlaced,64.0,94.0,89.0,4
7.4,0,1,0,85,3.9,No,Yes,68,63,NotPlaced,65.5,78.0,81.5,1
7.6,1,2,0,77,4.1,No,Yes,68,72,Placed,70.0,82.0,79.5,3
8.4,2,3,1,83,4.6,Yes,Yes,79,83,Placed,81.0,92.0,87.5,6
7.4,1,1,0,74,4.1,No,Yes,56,62,NotPlaced,59.0,82.0,78.0,2
8.0,1,1,0,77,3.9,Yes,Yes,72,68,Placed,70.0,78.0,77.5,2
8.2,0,3,2,80,4.8,Yes,Yes,80,83,Placed,81.5,96.0,88.0,5
8.2,1,2,2,89,4.3,Yes,Yes,76,83,Placed,79.5,86.0,87.5,5
8.0,0,2,2,83,4.6,Yes,Yes,82,78,NotPlaced,80.0,92.0,87.5,4
7.8,2,3,0,75,4.5,Yes,Yes,72,81,Placed,76.5,90.0,82.5,5
8.0,1,2,1,80,3.4,Yes,Yes,76,82,NotPlaced,79.0,68.0,74.0,4
6.5,2,2,2,79,4.4,No,No,80,71,Placed,75.5,88.00000000000001,83.5,6
6.5,1,1,0,62,4.0,No,No,61,74,NotPlaced,67.5,80.0,71.0,2
7.9,1,1,1,78,4.2,No,No,55,69,NotPlaced,62.0,84.00000000000001,81.0,3
6.5,0,1,0,73,3.7,No,No,72,67,NotPlaced,69.5,74.0,73.5,1
7.8,1,3,2,90,4.8,Yes,Yes,79,83,Placed,81.0,96.0,93.0,6
7.8,1,2,0,72,4.5,No,Yes,55,69,NotPlaced,62.0,90.0,81.0,3
8.0,2,3,2,87,4.5,Yes,Yes,71,85,Placed,78.0,90.0,88.5,7
8.3,0,3,2,74,4.1,Yes,Yes,70,84,NotPlaced,77.0,82.0,78.0,5
6.6,1,1,0,68,3.9,Yes,Yes,55,67,Placed,61.0,78.0,73.0,2
7.5,1,3,1,78,4.0,No,No,83,73,NotPlaced,78.0,80.0,79.0,5
7.6,1,1,1,70,4.5,No,No,62,71,NotPlaced,66.5,90.0,80.0,3
7.7,0,1,0,65,3.9,No,No,74,69,NotPlaced,71.5,78.0,71.5,1
7.4,1,2,0,80,4.3,No,Yes,65,67,NotPlaced,66.0,86.0,83.0,3
8.5,1,1,0,75,4.2,Yes,Yes,58,71,NotPlaced,64.5,84.00000000000001,79.5,2
7.5,1,2,1,67,3.3,No,Yes,55,67,NotPlaced,61.0,65.99999999999999,66.5,4
7.6,1,3,0,82,4.8,Yes,Yes,69,84,Placed,76.5,96.0,89.0,4
8.0,1,2,1,80,4.2,Yes,No,77,69,NotPlaced,73.0,84.00000000000001,82.0,4
8.7,1,3,2,80,4.7,Yes,Yes,76,82,Placed,79.0,94.0,87.0,6
6.5,0,2,0,76,3.6,No,Yes,55,66,NotPlaced,60.5,72.0,74.0,2
8.2,1,3,2,76,4.4,Yes,Yes,66,86,NotPlaced,76.0,88.00000000000001,82.0,6
6.5,1,1,0,80,4.4,No,Yes,59,69,NotPlaced,64.0,88.00000000000001,84.0,2
8.4,2,3,2,90,4.5,Yes,No,75,86,Placed,80.5,90.0,90.0,7
7.9,2,1,2,81,4.8,Yes,No,82,82,Placed,82.0,96.0,88.5,5
7.6,1,2,0,71,4.1,No,No,56,63,NotPlaced,59.5,82.0,76.5,3
7.5,1,1,1,73,4.2,Yes,Yes,64,72,NotPlaced,68.0,84.00000000000001,78.5,3
7.5,1,1,1,62,4.3,No,No,60,61,NotPlaced,60.5,86.0,74.0,3
8.4,0,1,1,67,4.1,No,No,78,58,Placed,68.0,82.0,74.5,2
8.8,0,3,0,82,4.8,Yes,Yes,63,78,Placed,70.5,96.0,89.0,3
8.0,1,3,3,90,4.8,Yes,Yes,82,84,Placed,83.0,96.0,93.0,7
8.6,2,3,2,90,4.5,Yes,Yes,84,82,Placed,83.0,90.0,90.0,7
8.4,2,3,2,90,4.8,Yes,Yes,77,77,NotPlaced,77.0,96.0,93.0,7
8.2,1,3,2,90,3.6,Yes,Yes,75,80,Placed,77.5,72.0,81.0,6
7.3,1,1,1,64,4.1,No,No,59,60,NotPlaced,59.5,82.0,73.0,3
6.5,1,2,2,75,4.1,Yes,Yes,66,70,Placed,68.0,82.0,78.5,5
7.4,1,1,1,63,3.6,No,No,65,65,NotPlaced,65.0,72.0,67.5,3
8.0,2,1,0,77,4.5,No,Yes,59,65,NotPlaced,62.0,90.0,83.5,3
7.9,1,2,0,80,4.5,No,Yes,59,66,NotPlaced,62.5,90.0,85.0,3
8.3,0,3,0,88,4.7,Yes,Yes,70,80,NotPlaced,75.0,94.0,91.0,3
7.0,1,3,1,90,4.7,Yes,Yes,74,60,NotPlaced,67.0,94.0,92.0,5
6.5,1,2,0,80,4.4,No,Yes,59,68,NotPlaced,63.5,88.00000000000001,84.0,3
8.2,1,3,0,77,4.3,No,No,55,73,NotPlaced,64.0,86.0,81.5,4
8.7,1,2,1,90,4.6,No,No,74,68,NotPlaced,71.0,92.0,91.0,4
7.5,1,1,0,76,4.5,Yes,Yes,79,88,Placed,83.5,90.0,83.0,2
7.6,1,1,0,60,4.0,No,No,56,64,NotPlaced,60.0,80.0,70.0,2
7.6,1,3,0,84,4.1,No,No,57,73,NotPlaced,65.0,82.0,83.0,4
8.3,1,3,2,89,4.7,Yes,Yes,72,80,NotPlaced,76.0,94.0,91.5,6
7.4,0,1,1,90,4.8,Yes,Yes,71,69,NotPlaced,70.0,96.0,93.0,2
7.6,1,2,0,79,4.1,No,Yes,71,62,NotPlaced,66.5,82.0,80.5,3
7.4,1,2,1,62,4.5,Yes,Yes,60,66,NotPlaced,63.0,90.0,76.0,4
7.5,0,1,1,71,4.4,Yes,Yes,79,74,NotPlaced,76.5,88.00000000000001,79.5,2
7.7,1,1,0,75,3.6,No,Yes,59,71,NotPlaced,65.0,72.0,73.5,2
6.5,2,2,1,81,4.8,No,No,61,69,NotPlaced,65.0,96.0,88.5,5
7.4,2,3,1,79,4.4,No,Yes,75,73,NotPlaced,74.0,88.00000000000001,83.5,6
7.5,1,1,0,67,4.3,No,No,61,69,NotPlaced,65.0,86.0,76.5,2
7.8,1,3,0,90,4.6,No,Yes,64,83,NotPlaced,73.5,92.0,91.0,4
8.1,1,1,0,72,4.0,No,No,85,62,NotPlaced,73.5,80.0,76.0,2
8.0,1,3,0,83,4.1,Yes,Yes,82,83,Placed,82.5,82.0,82.5,4
7.4,2,2,1,78,4.3,Yes,No,68,69,NotPlaced,68.5,86.0,82.0,5
8.6,2,3,2,86,4.1,Yes,Yes,75,85,Placed,80.0,82.0,84.0,7
7.6,1,3,1,73,3.9,Yes,No,72,73,Placed,72.5,78.0,75.5,5
8.0,0,3,2,90,4.8,Yes,Yes,79,83,Placed,81.0,96.0,93.0,5
7.6,1,3,2,90,4.3,Yes,Yes,55,86,Placed,70.5,86.0,88.0,6
7.3,1,1,1,73,4.0,No,Yes,55,67,NotPlaced,61.0,80.0,76.5,3
7.5,1,2,1,90,3.4,No,Yes,59,72,NotPlaced,65.5,68.0,79.0,4
8.0,1,3,2,84,4.7,Yes,Yes,90,86,Placed,88.0,94.0,89.0,6
8.5,0,3,3,84,4.6,No,Yes,86,70,NotPlaced,78.0,92.0,88.0,6
8.6,1,3,1,88,4.8,Yes,Yes,71,80,NotPlaced,75.5,96.0,92.0,5
6.6,1,1,0,69,4.2,Yes,Yes,55,69,NotPlaced,62.0,84.00000000000001,76.5,2
7.7,1,1,1,79,3.9,No,Yes,55,61,NotPlaced,58.0,78.0,78.5,3
8.7,2,2,1,72,4.6,Yes,Yes,77,77,NotPlaced,77.0,92.0,82.0,5
7.5,1,2,0,65,3.5,No,No,55,63,NotPlaced,59.0,70.0,67.5,3
6.7,1,1,1,76,4.6,No,No,62,68,NotPlaced,65.0,92.0,84.0,3
7.2,1,3,2,81,4.8,No,Yes,83,84,Placed,83.5,96.0,88.5,6
6.9,1,1,1,76,4.8,Yes,Yes,58,66,NotPlaced,62.0,96.0,86.0,3
8.2,2,3,2,86,4.7,Yes,Yes,84,88,Placed,86.0,94.0,90.0,7
8.5,2,3,2,84,4.6,Yes,Yes,74,83,Placed,78.5,92.0,88.0,7
8.2,0,3,0,90,4.3,Yes,Yes,79,86,NotPlaced,82.5,86.0,88.0,3
7.3,1,1,1,77,4.1,No,No,58,74,NotPlaced,66.0,82.0,79.5,3
7.6,1,2,1,71,4.1,No,Yes,61,66,NotPlaced,63.5,82.0,76.5,4
6.5,1,3,2,85,3.7,Yes,Yes,79,86,Placed,82.5,74.0,79.5,6
7.4,1,3,0,83,3.8,No,Yes,69,85,NotPlaced,77.0,76.0,79.5,4
8.0,2,3,2,90,4.8,Yes,Yes,88,83,Placed,85.5,96.0,93.0,7
8.2,2,1,2,77,4.8,Yes,Yes,60,79,NotPlaced,69.5,96.0,86.5,5
7.5,1,1,0,66,4.1,No,No,63,60,NotPlaced,61.5,82.0,74.0,2
8.1,2,2,1,90,4.7,Yes,Yes,68,88,Placed,78.0,94.0,92.0,5
6.5,1,3,0,87,4.8,No,No,65,86,NotPlaced,75.5,96.0,91.5,4
8.8,1,3,0,86,4.4,Yes,Yes,63,72,NotPlaced,67.5,88.00000000000001,87.0,4
7.4,1,2,1,73,4.5,No,No,56,69,NotPlaced,62.5,90.0,81.5,4
8.2,2,3,2,90,4.7,Yes,Yes,72,84,Placed,78.0,94.0,92.0,7
7.7,1,2,0,74,3.8,Yes,Yes,58,63,NotPlaced,60.5,76.0,75.0,3
8.5,2,3,2,86,4.8,Yes,Yes,78,87,Placed,82.5,96.0,91.0,7
8.6,1,3,1,83,4.7,Yes,Yes,78,81,Placed,79.5,94.0,88.5,5
8.6,1,2,0,86,4.1,Yes,Yes,55,82,NotPlaced,68.5,82.0,84.0,3
7.7,1,3,2,86,4.5,No,Yes,65,88,NotPlaced,76.5,90.0,88.0,6
8.2,2,3,2,90,4.2,Yes,Yes,83,77,Placed,80.0,84.00000000000001,87.0,7
6.5,1,2,1,86,4.3,Yes,Yes,84,88,Placed,86.0,86.0,86.0,4
9.0,2,3,2,88,4.8,No,Yes,72,84,Placed,78.0,96.0,92.0,7
7.5,0,2,1,73,3.6,No,No,56,71,NotPlaced,63.5,72.0,72.5,3
7.8,0,2,0,74,4.2,No,Yes,55,68,NotPlaced,61.5,84.00000000000001,79.0,2
8.3,0,3,0,88,3.4,Yes,Yes,76,87,Placed,81.5,68.0,78.0,3
6.5,2,1,1,77,4.2,Yes,Yes,58,64,NotPlaced,61.0,84.00000000000001,80.5,4
6.5,0,2,3,85,4.5,Yes,Yes,55,71,Placed,63.0,90.0,87.5,5
7.4,1,1,0,77,3.6,No,No,55,65,NotPlaced,60.0,72.0,74.5,2
8.2,2,3,2,90,4.8,Yes,Yes,76,85,Placed,80.5,96.0,93.0,7
8.5,2,3,2,90,4.8,Yes,Yes,82,88,Placed,85.0,96.0,93.0,7
8.6,2,3,2,90,4.8,Yes,Yes,65,82,Placed,73.5,96.0,93.0,7
8.5,1,1,2,72,4.0,Yes,Yes,80,82,Placed,81.0,80.0,76.0,4
7.8,1,3,2,83,4.2,Yes,Yes,78,80,NotPlaced,79.0,84.00000000000001,83.5,6
8.4,2,3,2,83,4.8,Yes,Yes,77,86,Placed,81.5,96.0,89.5,7
8.5,2,1,1,73,4.5,Yes,No,64,79,NotPlaced,71.5,90.0,81.5,4
7.7,1,1,1,70,4.3,Yes,Yes,75,70,NotPlaced,72.5,86.0,78.0,3
7.5,1,2,0,81,4.8,Yes,Yes,55,79,NotPlaced,67.0,96.0,88.5,3
6.5,1,3,1,90,4.5,No,No,74,62,NotPlaced,68.0,90.0,90.0,5
7.8,1,2,0,83,4.8,Yes,Yes,78,80,Placed,79.0,96.0,89.5,3
7.6,1,1,1,76,4.2,Yes,Yes,67,65,Placed,66.0,84.00000000000001,80.0,3
7.6,1,1,1,85,4.1,No,Yes,85,70,NotPlaced,77.5,82.0,83.5,3
6.5,0,1,0,90,4.5,Yes,Yes,56,82,NotPlaced,69.0,90.0,90.0,1
8.0,2,2,1,82,3.9,Yes,Yes,63,68,NotPlaced,65.5,78.0,80.0,5
7.5,2,1,1,65,4.0,No,Yes,56,62,NotPlaced,59.0,80.0,72.5,4
7.8,1,1,0,63,4.4,No,Yes,55,68,NotPlaced,61.5,88.00000000000001,75.5,2
6.9,0,3,2,82,4.8,Yes,Yes,85,79,Placed,82.0,96.0,89.0,5
8.6,1,3,2,88,4.6,No,Yes,72,83,Placed,77.5,92.0,90.0,6
7.0,0,3,1,67,3.6,Yes,Yes,57,82,NotPlaced,69.5,72.0,69.5,4
8.8,2,1,2,83,4.8,Yes,Yes,84,87,Placed,85.5,96.0,89.5,5
7.4,1,2,0,87,3.5,No,Yes,61,67,NotPlaced,64.0,70.0,78.5,3
6.7,1,1,1,69,4.0,No,No,55,67,NotPlaced,61.0,80.0,74.5,3
7.7,1,1,0,72,4.2,No,No,55,63,NotPlaced,59.0,84.00000000000001,78.0,2
7.4,1,1,2,68,4.3,No,Yes,61,60,NotPlaced,60.5,86.0,77.0,4
8.3,1,2,0,72,4.2,No,No,63,74,NotPlaced,68.5,84.00000000000001,78.0,3
8.2,2,3,0,87,4.7,Yes,Yes,83,88,Placed,85.5,94.0,90.5,5
8.0,1,3,1,77,4.5,Yes,Yes,71,85,NotPlaced,78.0,90.0,83.5,5
7.8,1,1,0,81,4.5,Yes,Yes,55,63,NotPlaced,59.0,90.0,85.5,2
7.6,1,1,2,77,3.9,No,Yes,55,71,NotPlaced,63.0,78.0,77.5,4
7.6,0,1,0,83,3.2,No,No,55,65,NotPlaced,60.0,64.0,73.5,1
7.4,1,3,2,83,4.5,Yes,No,84,79,Placed,81.5,90.0,86.5,6
6.5,1,1,1,79,4.1,No,No,61,67,Placed,64.0,82.0,80.5,3
7.9,1,1,1,76,4.4,Yes,Yes,65,85,NotPlaced,75.0,88.00000000000001,82.0,3
8.4,0,3,0,80,4.3,Yes,Yes,82,83,NotPlaced,82.5,86.0,83.0,3
8.7,1,2,2,74,4.1,Yes,Yes,75,87,Placed,81.0,82.0,78.0,5
8.5,2,2,2,89,4.6,Yes,Yes,55,84,Placed,69.5,92.0,90.5,6
8.0,2,3,2,90,4.8,Yes,Yes,76,86,Placed,81.0,96.0,93.0,7
7.4,1,3,0,78,4.6,Yes,Yes,74,82,NotPlaced,78.0,92.0,85.0,4
8.2,2,3,2,87,4.8,Yes,Yes,87,88,Placed,87.5,96.0,91.5,7
7.3,1,2,0,69,3.7,No,Yes,55,68,NotPlaced,61.5,74.0,71.5,3
7.5,0,3,0,78,4.7,No,No,55,70,NotPlaced,62.5,94.0,86.0,3
7.5,1,2,0,78,3.9,Yes,Yes,87,76,NotPlaced,81.5,78.0,78.0,3
7.6,0,2,0,68,3.9,No,Yes,64,61,NotPlaced,62.5,78.0,73.0,2
7.9,2,3,3,90,4.7,Yes,No,77,61,Placed,69.0,94.0,92.0,8
7.5,1,1,0,67,4.2,No,No,57,60,NotPlaced,58.5,84.00000000000001,75.5,2
7.6,1,2,2,74,4.2,No,Yes,81,68,NotPlaced,74.5,84.00000000000001,79.0,5
8.0,1,2,2,87,4.8,Yes,Yes,90,68,Placed,79.0,96.0,91.5,5
7.6,1,1,1,68,4.0,No,Yes,61,68,NotPlaced,64.5,80.0,74.0,3
8.0,2,3,2,89,4.1,Yes,Yes,75,85,Placed,80.0,82.0,85.5,7
6.5,0,1,1,84,3.6,No,No,61,63,NotPlaced,62.0,72.0,78.0,2
8.2,1,1,1,87,4.7,Yes,Yes,55,81,NotPlaced,68.0,94.0,90.5,3
7.3,1,1,0,84,3.9,No,Yes,55,69,NotPlaced,62.0,78.0,81.0,2
8.4,2,3,2,90,4.8,Yes,Yes,82,87,Placed,84.5,96.0,93.0,7
7.9,2,3,2,90,4.6,Yes,Yes,82,81,Placed,81.5,92.0,91.0,7
7.4,1,1,1,69,3.9,Yes,Yes,63,66,NotPlaced,64.5,78.0,73.5,3
6.5,0,1,1,76,4.7,Yes,No,82,64,NotPlaced,73.0,94.0,85.0,2
7.7,1,1,0,70,3.9,Yes,Yes,71,82,NotPlaced,76.5,78.0,74.0,2
8.4,0,3,2,90,4.8,Yes,Yes,83,83,Placed,83.0,96.0,93.0,5
8.0,1,2,0,61,3.6,Yes,No,59,64,NotPlaced,61.5,72.0,66.5,3
7.7,0,1,1,90,4.3,Yes,Yes,75,75,Placed,75.0,86.0,88.0,2
7.6,1,2,0,70,4.7,No,Yes,60,64,Placed,62.0,94.0,82.0,3
7.4,0,2,0,76,4.5,No,Yes,72,85,NotPlaced,78.5,90.0,83.0,2
6.8,1,2,0,75,4.2,No,Yes,77,57,NotPlaced,67.0,84.00000000000001,79.5,3
8.0,0,3,2,76,4.7,Yes,Yes,77,82,Placed,79.5,94.0,85.0,5
8.4,2,3,2,90,4.5,Yes,Yes,83,86,Placed,84.5,90.0,90.0,7
7.4,2,2,0,69,4.1,No,No,59,75,NotPlaced,67.0,82.0,75.5,4
7.8,1,3,1,75,4.4,Yes,Yes,59,72,NotPlaced,65.5,88.00000000000001,81.5,5
6.5,1,1,2,68,3.5,No,No,76,61,NotPlaced,68.5,70.0,69.0,4
8.7,0,3,2,81,4.5,Yes,Yes,80,66,Placed,73.0,90.0,85.5,5
8.4,2,1,1,88,4.8,Yes,Yes,85,84,NotPlaced,84.5,96.0,92.0,4
7.8,0,1,0,67,4.1,Yes,No,59,69,NotPlaced,64.0,82.0,74.5,1
6.7,1,1,0,63,4.6,No,No,67,66,NotPlaced,66.5,92.0,77.5,2
8.6,2,3,2,90,4.8,Yes,Yes,82,87,Placed,84.5,96.0,93.0,7
8.0,1,3,2,82,4.8,No,Yes,61,87,Placed,74.0,96.0,89.0,6
7.8,2,1,0,86,4.3,No,Yes,78,80,Placed,79.0,86.0,86.0,3
7.6,0,1,1,75,3.6,No,Yes,59,62,NotPlaced,60.5,72.0,73.5,2
8.0,1,2,3,74,4.0,Yes,Yes,78,83,Placed,80.5,80.0,77.0,6
7.2,1,1,0,82,4.0,No,Yes,82,74,Placed,78.0,80.0,81.0,2
7.9,1,3,0,83,4.8,No,No,76,82,NotPlaced,79.0,96.0,89.5,4
7.8,2,3,2,90,3.9,Yes,Yes,60,87,NotPlaced,73.5,78.0,84.0,7
8.1,0,2,3,72,3.2,Yes,Yes,73,83,Placed,78.0,64.0,68.0,5
8.4,2,3,3,83,4.7,Yes,No,69,83,NotPlaced,76.0,94.0,88.5,8
7.6,1,2,0,71,4.8,No,Yes,58,67,NotPlaced,62.5,96.0,83.5,3
8.4,2,2,0,83,4.8,Yes,No,71,66,Placed,68.5,96.0,89.5,4
7.6,1,1,0,70,4.1,No,No,61,63,NotPlaced,62.0,82.0,76.0,2
7.9,0,1,0,64,4.1,Yes,Yes,63,67,NotPlaced,65.0,82.0,73.0,1
7.6,1,2,1,86,4.4,Yes,Yes,90,79,NotPlaced,84.5,88.00000000000001,87.0,4
7.5,0,2,0,90,4.8,No,Yes,55,79,NotPlaced,67.0,96.0,93.0,2
7.6,1,1,1,84,4.1,No,No,55,66,NotPlaced,60.5,82.0,83.0,3
7.5,1,2,0,79,4.3,No,Yes,58,67,NotPlaced,62.5,86.0,82.5,3
7.9,1,1,1,89,4.0,No,Yes,81,70,NotPlaced,75.5,80.0,84.5,3
7.9,2,3,3,78,4.5,Yes,Yes,71,87,Placed,79.0,90.0,84.0,8
7.6,1,3,0,68,4.2,Yes,Yes,88,82,NotPlaced,85.0,84.00000000000001,76.0,4
8.1,1,1,0,70,4.3,Yes,No,68,61,NotPlaced,64.5,86.0,78.0,2
7.6,2,1,0,73,4.6,Yes,Yes,78,73,NotPlaced,75.5,92.0,82.5,3
7.9,2,1,2,75,3.9,Yes,No,77,80,NotPlaced,78.5,78.0,76.5,5
8.5,2,3,2,88,4.8,Yes,Yes,77,85,NotPlaced,81.0,96.0,92.0,7
7.5,2,3,0,88,4.6,Yes,Yes,72,86,NotPlaced,79.0,92.0,90.0,5
7.7,1,2,0,73,3.8,No,Yes,55,74,NotPlaced,64.5,76.0,74.5,3
7.6,1,1,2,67,3.8,No,Yes,57,70,Placed,63.5,76.0,71.5,4
8.3,2,3,2,85,4.5,Yes,Yes,87,80,Placed,83.5,90.0,87.5,7
7.4,1,2,1,72,3.3,Yes,Yes,81,69,Placed,75.0,65.99999999999999,69.0,4
8.2,1,1,1,84,3.9,Yes,Yes,61,60,Placed,60.5,78.0,81.0,3
6.6,1,1,1,77,3.0,No,No,57,68,NotPlaced,62.5,60.0,68.5,3
8.6,1,3,2,90,4.8,Yes,Yes,80,80,Placed,80.0,96.0,93.0,6
7.6,1,2,2,76,4.5,Yes,Yes,76,81,NotPlaced,78.5,90.0,83.0,5
8.6,1,3,0,83,4.8,Yes,Yes,81,86,Placed,83.5,96.0,89.5,4
7.7,1,0,0,75,4.1,Yes,Yes,71,61,Placed,66.0,82.0,78.5,1
8.0,1,2,0,72,4.8,Yes,No,87,67,NotPlaced,77.0,96.0,84.0,3
8.1,1,3,2,85,4.7,Yes,Yes,68,88,Placed,78.0,94.0,89.5,6
6.5,1,2,1,82,4.0,No,Yes,55,62,NotPlaced,58.5,80.0,81.0,4
7.7,1,3,0,86,4.1,Yes,Yes,77,58,NotPlaced,67.5,82.0,84.0,4
8.2,1,1,2,72,4.4,No,No,83,68,NotPlaced,75.5,88.00000000000001,80.0,4
7.7,2,2,2,90,4.8,Yes,Yes,79,83,Placed,81.0,96.0,93.0,6
8.6,1,2,2,90,4.6,Yes,Yes,81,87,Placed,84.0,92.0,91.0,5
8.0,0,1,0,70,3.6,No,No,56,63,NotPlaced,59.5,72.0,71.0,1
7.5,1,2,0,71,4.0,Yes,No,55,66,NotPlaced,60.5,80.0,75.5,3
7.9,1,3,2,90,4.6,Yes,Yes,81,88,Placed,84.5,92.0,91.0,6
7.4,1,1,1,66,4.0,No,Yes,55,67,NotPlaced,61.0,80.0,73.0,3
8.0,0,3,1,80,4.6,Yes,Yes,86,84,Placed,85.0,92.0,86.0,4
8.4,1,2,0,82,4.4,Yes,Yes,71,83,NotPlaced,77.0,88.00000000000001,85.0,3
7.6,1,1,0,83,4.3,No,Yes,57,71,NotPlaced,64.0,86.0,84.5,2
8.5,0,1,0,81,4.2,Yes,Yes,74,65,Placed,69.5,84.00000000000001,82.5,1
8.0,1,2,0,90,4.3,Yes,Yes,75,70,NotPlaced,72.5,86.0,88.0,3
7.8,0,2,0,80,4.1,No,Yes,60,83,Placed,71.5,82.0,81.0,2
7.7,1,1,0,67,4.0,No,No,55,69,NotPlaced,62.0,80.0,73.5,2
7.8,2,3,2,84,4.7,Yes,Yes,81,86,Placed,83.5,94.0,89.0,7
7.5,1,2,2,72,3.9,Yes,Yes,55,71,NotPlaced,63.0,78.0,75.0,5
8.3,1,3,2,90,4.8,Yes,Yes,85,86,Placed,85.5,96.0,93.0,6
8.3,1,0,0,73,4.6,Yes,Yes,70,85,Placed,77.5,92.0,82.5,1
6.9,0,2,0,79,4.1,No,Yes,63,64,NotPlaced,63.5,82.0,80.5,2
6.8,1,1,1,72,4.3,No,Yes,65,60,Placed,62.5,86.0,79.0,3
7.3,1,1,1,66,3.6,No,Yes,55,65,NotPlaced,60.0,72.0,69.0,3
8.2,2,3,2,87,4.8,Yes,Yes,77,86,Placed,81.5,96.0,91.5,7
8.1,0,2,0,81,4.8,No,Yes,88,82,NotPlaced,85.0,96.0,88.5,2
6.8,1,1,1,78,4.1,Yes,No,78,86,NotPlaced,82.0,82.0,80.0,3
7.7,1,2,0,68,3.7,No,Yes,74,71,NotPlaced,72.5,74.0,71.0,3
7.4,2,1,0,74,4.5,Yes,Yes,67,68,NotPlaced,67.5,90.0,82.0,3
8.2,2,3,2,90,4.5,Yes,Yes,90,67,Placed,78.5,90.0,90.0,7
8.0,1,3,0,89,4.5,Yes,Yes,79,78,Placed,78.5,90.0,89.5,4
6.7,2,3,2,85,4.2,Yes,Yes,64,64,NotPlaced,64.0,84.00000000000001,84.5,7
6.8,0,1,1,62,3.5,No,No,55,63,NotPlaced,59.0,70.0,66.0,2
7.7,0,2,0,81,4.2,No,Yes,75,60,NotPlaced,67.5,84.00000000000001,82.5,2
7.6,1,1,0,69,3.9,No,No,59,64,NotPlaced,61.5,78.0,73.5,2
8.1,1,1,2,76,4.0,No,Yes,71,71,NotPlaced,71.0,80.0,78.0,4
7.5,1,2,0,75,3.9,No,No,56,66,NotPlaced,61.0,78.0,76.5,3
8.4,1,3,2,85,4.8,Yes,Yes,76,82,Placed,79.0,96.0,90.5,6
7.8,0,2,1,74,4.5,No,Yes,74,81,Placed,77.5,90.0,82.0,3
6.9,0,1,1,73,3.5,No,Yes,69,63,NotPlaced,66.0,70.0,71.5,2
8.2,0,2,1,68,4.3,Yes,Yes,62,68,Placed,65.0,86.0,77.0,3
7.0,0,1,1,75,4.0,No,Yes,58,73,NotPlaced,65.5,80.0,77.5,2
6.8,1,2,2,76,3.7,Yes,Yes,55,63,NotPlaced,59.0,74.0,75.0,5
8.3,0,3,0,90,4.8,Yes,Yes,74,85,Placed,79.5,96.0,93.0,3
8.5,2,3,2,87,4.4,Yes,Yes,77,71,Placed,74.0,88.00000000000001,87.5,7
7.3,1,1,2,76,4.3,No,No,55,70,Placed,62.5,86.0,81.0,4
7.5,1,3,0,83,4.7,Yes,Yes,59,87,Placed,73.0,94.0,88.5,4
6.5,1,2,1,78,4.5,No,No,57,66,NotPlaced,61.5,90.0,84.0,4
7.2,1,1,1,73,3.6,No,No,56,65,Placed,60.5,72.0,72.5,3
8.1,1,3,2,90,4.8,Yes,Yes,86,80,Placed,83.0,96.0,93.0,6
7.4,1,1,0,90,4.4,No,Yes,58,63,NotPlaced,60.5,88.00000000000001,89.0,2
7.4,0,2,2,78,3.8,No,Yes,80,70,NotPlaced,75.0,76.0,77.0,4
8.4,2,3,2,90,4.8,Yes,Yes,69,63,Placed,66.0,96.0,93.0,7
7.5,1,3,1,84,4.8,Yes,Yes,72,67,Placed,69.5,96.0,90.0,5
6.8,0,2,2,84,4.5,No,No,67,70,NotPlaced,68.5,90.0,87.0,4
8.4,1,2,2,72,4.6,Yes,Yes,70,67,NotPlaced,68.5,92.0,82.0,5
8.4,1,3,2,90,4.8,Yes,Yes,85,88,Placed,86.5,96.0,93.0,6
7.6,1,2,0,90,4.8,Yes,Yes,77,86,Placed,81.5,96.0,93.0,3
8.2,0,1,1,85,4.7,Yes,No,81,66,NotPlaced,73.5,94.0,89.5,2
8.3,1,3,1,72,4.3,Yes,Yes,55,67,NotPlaced,61.0,86.0,79.0,5
6.9,1,2,1,60,4.8,Yes,Yes,69,69,NotPlaced,69.0,96.0,78.0,4
8.7,1,3,0,87,4.8,Yes,Yes,65,82,NotPlaced,73.5,96.0,91.5,4
7.5,1,1,1,72,4.4,No,Yes,60,69,NotPlaced,64.5,88.00000000000001,80.0,3
7.6,1,2,0,86,4.2,No,Yes,58,65,NotPlaced,61.5,84.00000000000001,85.0,3
7.6,2,3,0,78,3.7,Yes,Yes,72,84,Placed,78.0,74.0,76.0,5
8.5,2,1,1,80,3.6,Yes,No,83,68,NotPlaced,75.5,72.0,76.0,4
6.9,2,3,3,80,4.8,Yes,No,82,86,Placed,84.0,96.0,88.0,8
8.0,1,3,2,90,4.8,No,Yes,85,88,Placed,86.5,96.0,93.0,6
8.2,2,3,2,90,4.1,Yes,Yes,73,69,Placed,71.0,82.0,86.0,7
8.2,1,3,2,89,4.5,Yes,Yes,84,88,Placed,86.0,90.0,89.5,6
8.4,1,2,2,86,4.8,No,Yes,87,85,Placed,86.0,96.0,91.0,5
8.2,1,3,2,90,4.8,Yes,Yes,75,81,Placed,78.0,96.0,93.0,6
7.5,0,1,0,77,4.3,No,Yes,61,69,NotPlaced,65.0,86.0,81.5,1
8.4,1,3,2,90,4.8,Yes,Yes,87,83,Placed,85.0,96.0,93.0,6
8.3,2,3,2,90,4.8,Yes,Yes,68,88,Placed,78.0,96.0,93.0,7
8.4,0,2,2,86,4.7,Yes,Yes,66,87,NotPlaced,76.5,94.0,90.0,4
7.5,1,2,0,77,4.8,No,Yes,55,59,NotPlaced,57.0,96.0,86.5,3
7.6,1,1,2,73,4.2,Yes,No,64,76,NotPlaced,70.0,84.00000000000001,78.5,4
7.6,2,2,2,79,4.8,Yes,Yes,76,82,Placed,79.0,96.0,87.5,6
8.3,1,2,0,76,4.4,Yes,Yes,82,84,Placed,83.0,88.00000000000001,82.0,3
7.5,1,1,0,68,4.8,No,Yes,63,69,NotPlaced,66.0,96.0,82.0,2
7.4,1,1,0,66,3.8,Yes,Yes,62,65,NotPlaced,63.5,76.0,71.0,2
8.3,0,1,1,69,4.1,Yes,Yes,60,66,NotPlaced,63.0,82.0,75.5,2
8.4,1,3,2,90,4.7,Yes,Yes,81,88,Placed,84.5,94.0,92.0,6
7.1,1,1,0,74,4.7,Yes,No,78,70,NotPlaced,74.0,94.0,84.0,2
8.4,0,2,0,81,3.8,Yes,Yes,65,65,Placed,65.0,76.0,78.5,2
8.1,0,3,2,87,4.8,Yes,No,90,83,Placed,86.5,96.0,91.5,5
7.4,1,1,3,74,4.1,No,Yes,61,63,NotPlaced,62.0,82.0,78.0,5
7.8,1,1,2,62,3.9,No,No,60,62,NotPlaced,61.0,78.0,70.0,4
8.2,2,3,0,81,4.7,Yes,No,79,61,NotPlaced,70.0,94.0,87.5,5
7.4,1,3,2,87,4.4,No,Yes,78,72,NotPlaced,75.0,88.00000000000001,87.5,6
6.6,1,1,1,83,3.9,Yes,No,70,66,NotPlaced,68.0,78.0,80.5,3
6.7,0,2,0,82,4.3,No,Yes,55,62,NotPlaced,58.5,86.0,84.0,2
6.5,0,1,1,73,3.8,No,Yes,55,71,NotPlaced,63.0,76.0,74.5,2
8.0,0,1,1,67,4.1,Yes,Yes,62,61,Placed,61.5,82.0,74.5,2
7.9,1,3,0,78,4.2,No,Yes,55,74,Placed,64.5,84.00000000000001,81.0,4
6.5,2,3,2,81,3.3,No,Yes,83,76,Placed,79.5,65.99999999999999,73.5,7
8.7,2,3,2,90,4.8,Yes,Yes,81,80,Placed,80.5,96.0,93.0,7
8.8,2,3,2,85,4.7,Yes,No,86,86,Placed,86.0,94.0,89.5,7
6.6,1,1,0,60,4.2,No,Yes,62,67,NotPlaced,64.5,84.00000000000001,72.0,2
7.4,1,2,0,73,3.3,No,Yes,57,66,NotPlaced,61.5,65.99999999999999,69.5,3
8.8,1,1,0,69,4.7,Yes,Yes,70,83,NotPlaced,76.5,94.0,81.5,2
7.3,2,2,1,85,4.8,No,No,56,69,NotPlaced,62.5,96.0,90.5,5
8.5,2,3,2,90,4.7,No,Yes,76,82,Placed,79.0,94.0,92.0,7
7.9,2,2,1,88,4.5,Yes,Yes,83,73,Placed,78.0,90.0,89.0,5
6.6,1,3,2,76,4.5,Yes,Yes,74,84,Placed,79.0,90.0,83.0,6
8.2,2,2,0,72,4.8,No,Yes,72,64,NotPlaced,68.0,96.0,84.0,4
7.5,1,2,1,76,4.2,No,Yes,55,71,NotPlaced,63.0,84.00000000000001,80.0,4
7.7,1,1,0,73,4.0,Yes,Yes,65,75,Placed,70.0,80.0,76.5,2
8.2,2,3,2,90,4.8,Yes,Yes,85,83,Placed,84.0,96.0,93.0,7
7.5,1,2,1,77,4.6,Yes,Yes,84,65,NotPlaced,74.5,92.0,84.5,4
7.1,1,1,1,87,4.2,No,No,75,70,NotPlaced,72.5,84.00000000000001,85.5,3
7.7,1,2,0,84,4.7,No,Yes,72,61,NotPlaced,66.5,94.0,89.0,3
7.3,1,1,0,68,4.3,No,No,55,72,NotPlaced,63.5,86.0,77.0,2
7.9,0,1,0,69,3.8,No,Yes,66,61,NotPlaced,63.5,76.0,72.5,1
8.2,0,2,2,90,4.8,Yes,Yes,77,83,Placed,80.0,96.0,93.0,4
6.8,1,1,0,80,4.3,No,Yes,55,76,Placed,65.5,86.0,83.0,2
7.3,1,1,0,62,4.1,No,No,57,73,NotPlaced,65.0,82.0,72.0,2
7.9,2,3,2,90,4.7,Yes,Yes,75,74,Placed,74.5,94.0,92.0,7
8.4,2,3,2,90,4.8,Yes,Yes,81,88,Placed,84.5,96.0,93.0,7
8.6,2,3,2,79,4.8,Yes,Yes,75,86,Placed,80.5,96.0,87.5,7
8.5,1,1,0,80,4.6,No,No,61,69,NotPlaced,65.0,92.0,86.0,2
7.8,2,3,0,81,4.5,Yes,Yes,77,81,NotPlaced,79.0,90.0,85.5,5
7.3,0,3,2,90,4.1,Yes,Yes,80,80,Placed,80.0,82.0,86.0,5
7.6,0,1,1,65,4.2,Yes,Yes,58,65,NotPlaced,61.5,84.00000000000001,74.5,2
8.5,0,2,2,86,4.8,No,Yes,55,69,Placed,62.0,96.0,91.0,4
8.5,2,3,2,90,4.8,Yes,Yes,79,80,Placed,79.5,96.0,93.0,7
8.4,2,3,2,90,4.5,Yes,Yes,84,85,NotPlaced,84.5,90.0,90.0,7
7.7,0,1,1,72,3.8,Yes,Yes,63,68,NotPlaced,65.5,76.0,74.0,2
7.7,0,2,0,80,4.3,No,Yes,75,67,NotPlaced,71.0,86.0,83.0,2
7.4,2,1,2,90,4.7,Yes,Yes,81,88,NotPlaced,84.5,94.0,92.0,5
6.6,1,1,0,72,4.1,Yes,No,58,64,Placed,61.0,82.0,77.0,2
7.4,1,0,1,67,3.6,No,No,55,63,NotPlaced,59.0,72.0,69.5,2
7.9,2,1,0,77,4.3,Yes,No,77,84,NotPlaced,80.5,86.0,81.5,3
8.6,2,3,2,84,4.5,Yes,Yes,81,85,Placed,83.0,90.0,87.0,7
7.5,1,1,1,69,3.7,No,No,55,63,NotPlaced,59.0,74.0,71.5,3
6.7,1,1,0,70,3.6,No,No,64,69,NotPlaced,66.5,72.0,71.0,2
7.8,1,3,2,90,4.1,Yes,No,70,86,NotPlaced,78.0,82.0,86.0,6
7.7,1,1,0,82,3.7,No,Yes,55,81,Placed,68.0,74.0,78.0,2
7.6,1,1,0,89,4.2,No,Yes,55,68,NotPlaced,61.5,84.00000000000001,86.5,2
6.6,1,1,0,87,4.8,No,No,56,65,NotPlaced,60.5,96.0,91.5,2
6.7,2,1,2,77,4.1,No,Yes,58,57,NotPlaced,57.5,82.0,79.5,5
7.5,1,1,1,65,3.7,Yes,Yes,55,61,NotPlaced,58.0,74.0,69.5,3
8.4,1,3,1,80,4.4,Yes,Yes,74,80,NotPlaced,77.0,88.00000000000001,84.0,5
7.6,1,3,0,80,4.7,No,No,77,70,NotPlaced,73.5,94.0,87.0,4
7.5,1,2,0,62,3.9,No,No,71,72,NotPlaced,71.5,78.0,70.0,3
8.4,2,2,0,80,4.0,Yes,No,71,84,NotPlaced,77.5,80.0,80.0,4
7.5,1,1,0,80,4.7,No,No,56,82,Placed,69.0,94.0,87.0,2
7.9,1,2,1,86,4.6,Yes,Yes,82,62,Placed,72.0,92.0,89.0,4
6.5,0,1,0,76,4.6,Yes,Yes,79,67,NotPlaced,73.0,92.0,84.0,1
8.3,1,3,2,90,4.8,Yes,Yes,76,88,Placed,82.0,96.0,93.0,6
8.1,1,3,2,86,4.6,Yes,Yes,88,84,Placed,86.0,92.0,89.0,6
7.6,0,1,0,69,3.4,No,No,60,74,NotPlaced,67.0,68.0,68.5,1
8.4,2,3,2,90,4.8,Yes,Yes,85,78,Placed,81.5,96.0,93.0,7
8.0,0,1,0,81,3.1,No,No,65,59,NotPlaced,62.0,62.0,71.5,1
8.1,1,2,0,89,4.8,Yes,Yes,77,83,NotPlaced,80.0,96.0,92.5,3
8.5,0,2,1,89,4.8,Yes,Yes,56,72,Placed,64.0,96.0,92.5,3
8.9,2,1,2,90,4.7,Yes,Yes,75,84,Placed,79.5,94.0,92.0,5
7.3,1,1,1,80,4.7,No,No,55,67,NotPlaced,61.0,94.0,87.0,3
7.0,2,1,0,75,3.8,Yes,Yes,69,67,Placed,68.0,76.0,75.5,3
6.8,1,1,1,65,4.5,No,Yes,55,62,NotPlaced,58.5,90.0,77.5,3
7.4,0,1,0,72,3.6,No,No,60,71,NotPlaced,65.5,72.0,72.0,1
8.5,1,3,1,89,4.6,Yes,Yes,78,82,NotPlaced,80.0,92.0,90.5,5
7.9,2,1,3,70,4.0,Yes,Yes,67,81,Placed,74.0,80.0,75.0,6
8.5,1,2,0,85,4.3,No,Yes,55,83,Placed,69.0,86.0,85.5,3
7.6,0,2,2,76,4.2,Yes,Yes,78,84,NotPlaced,81.0,84.00000000000001,80.0,4
7.8,2,3,2,90,4.6,Yes,Yes,79,88,Placed,83.5,92.0,91.0,7
7.3,1,1,1,67,3.4,No,No,55,68,NotPlaced,61.5,68.0,67.5,3
8.5,1,3,3,88,4.4,Yes,Yes,75,83,Placed,79.0,88.00000000000001,88.0,7
8.5,2,2,2,90,4.8,Yes,Yes,84,71,Placed,77.5,96.0,93.0,6
6.5,0,1,2,63,3.9,No,No,59,70,NotPlaced,64.5,78.0,70.5,3
7.4,1,3,2,83,4.8,No,Yes,68,88,Placed,78.0,96.0,89.5,6
7.6,1,2,0,75,3.9,Yes,Yes,57,62,NotPlaced,59.5,78.0,76.5,3
7.5,1,3,2,78,4.6,Yes,Yes,74,84,Placed,79.0,92.0,85.0,6
8.5,2,2,3,67,4.6,Yes,No,58,80,NotPlaced,69.0,92.0,79.5,7
7.5,1,2,0,74,4.3,No,No,55,65,NotPlaced,60.0,86.0,80.0,3
6.5,1,1,1,72,4.4,No,No,58,67,NotPlaced,62.5,88.00000000000001,80.0,3
7.7,0,3,0,83,4.2,Yes,Yes,71,82,NotPlaced,76.5,84.00000000000001,83.5,3
7.5,0,1,0,80,4.5,Yes,Yes,79,73,NotPlaced,76.0,90.0,85.0,1
7.6,1,3,0,72,4.0,Yes,No,66,74,NotPlaced,70.0,80.0,76.0,4
8.2,2,3,2,90,4.8,Yes,Yes,73,83,Placed,78.0,96.0,93.0,7
6.5,0,1,1,60,3.2,No,No,62,74,NotPlaced,68.0,64.0,62.0,2
6.9,0,1,0,73,3.0,No,No,62,62,NotPlaced,62.0,60.0,66.5,1
8.6,2,3,2,90,4.8,Yes,Yes,75,78,Placed,76.5,96.0,93.0,7
6.8,1,1,0,82,4.2,No,No,59,72,NotPlaced,65.5,84.00000000000001,83.0,2
8.4,1,1,1,82,4.3,Yes,Yes,60,82,NotPlaced,71.0,86.0,84.0,3
6.7,1,2,0,90,4.7,Yes,Yes,55,82,Placed,68.5,94.0,92.0,3
7.5,1,1,2,78,4.4,No,Yes,76,74,NotPlaced,75.0,88.00000000000001,83.0,4
8.1,1,1,1,78,4.3,No,Yes,58,63,NotPlaced,60.5,86.0,82.0,3
8.3,1,3,1,81,4.3,Yes,Yes,79,88,NotPlaced,83.5,86.0,83.5,5
6.5,0,1,0,72,4.6,No,No,79,58,NotPlaced,68.5,92.0,82.0,1
7.2,1,2,3,78,4.5,Yes,Yes,70,74,NotPlaced,72.0,90.0,84.0,6
8.5,1,3,2,84,4.6,Yes,Yes,74,85,Placed,79.5,92.0,88.0,6
7.2,1,1,1,66,3.8,Yes,No,67,67,NotPlaced,67.0,76.0,71.0,3
6.5,1,1,0,77,3.9,Yes,No,67,71,NotPlaced,69.0,78.0,77.5,2
6.5,1,1,1,79,3.8,No,Yes,60,69,NotPlaced,64.5,76.0,77.5,3
6.5,0,2,0,79,3.6,No,Yes,72,70,NotPlaced,71.0,72.0,75.5,2
6.5,1,2,0,73,3.6,Yes,Yes,84,72,NotPlaced,78.0,72.0,72.5,3
7.0,1,2,0,72,4.1,No,Yes,71,73,NotPlaced,72.0,82.0,77.0,3
8.4,1,3,1,83,4.2,Yes,Yes,85,81,Placed,83.0,84.00000000000001,83.5,5
7.9,1,3,0,83,4.6,Yes,Yes,81,68,Placed,74.5,92.0,87.5,4
8.5,2,3,1,90,4.7,Yes,Yes,72,77,Placed,74.5,94.0,92.0,6
8.4,1,3,2,77,4.5,Yes,Yes,82,80,Placed,81.0,90.0,83.5,6
6.5,1,2,0,84,4.7,No,Yes,55,60,NotPlaced,57.5,94.0,89.0,3
6.5,1,2,1,73,4.1,No,Yes,65,68,NotPlaced,66.5,82.0,77.5,4
7.6,1,2,0,80,3.7,No,Yes,69,63,NotPlaced,66.0,74.0,77.0,3
8.4,1,3,2,86,4.7,Yes,Yes,80,84,Placed,82.0,94.0,90.0,6
8.3,0,1,2,84,4.8,Yes,Yes,83,82,Placed,82.5,96.0,90.0,3
7.6,1,2,0,73,4.4,No,Yes,56,66,Placed,61.0,88.00000000000001,80.5,3
7.7,1,1,1,66,3.3,No,No,55,62,NotPlaced,58.5,65.99999999999999,66.0,3
7.2,1,2,0,69,4.5,No,Yes,56,67,Placed,61.5,90.0,79.5,3
8.3,2,2,2,77,4.0,Yes,Yes,84,81,Placed,82.5,80.0,78.5,6
8.6,1,3,1,85,4.6,Yes,Yes,71,84,Placed,77.5,92.0,88.5,5
8.4,2,3,2,90,4.8,Yes,Yes,75,84,Placed,79.5,96.0,93.0,7
6.7,1,1,0,86,4.8,No,Yes,55,64,Placed,59.5,96.0,91.0,2
7.3,0,1,0,81,4.2,No,Yes,59,60,NotPlaced,59.5,84.00000000000001,82.5,1
8.5,2,3,2,90,4.8,Yes,Yes,83,85,Placed,84.0,96.0,93.0,7
7.3,1,1,0,78,3.7,No,No,55,70,NotPlaced,62.5,74.0,76.0,2
7.5,1,2,2,72,4.1,Yes,Yes,66,70,NotPlaced,68.0,82.0,77.0,5
8.6,2,3,2,90,4.7,Yes,Yes,85,82,Placed,83.5,94.0,92.0,7
8.8,1,3,3,90,4.8,Yes,Yes,75,84,NotPlaced,79.5,96.0,93.0,7
7.5,0,2,0,80,4.4,No,Yes,65,68,NotPlaced,66.5,88.00000000000001,84.0,2
8.5,2,1,2,83,4.3,Yes,Yes,65,84,NotPlaced,74.5,86.0,84.5,5
7.9,2,3,2,90,4.8,Yes,Yes,81,87,Placed,84.0,96.0,93.0,7
6.6,1,1,1,71,4.0,No,Yes,55,63,NotPlaced,59.0,80.0,75.5,3
8.5,2,3,2,90,4.7,Yes,Yes,80,84,Placed,82.0,94.0,92.0,7
6.8,1,1,0,73,4.3,No,No,63,68,NotPlaced,65.5,86.0,79.5,2
8.6,1,2,2,76,4.4,Yes,No,79,84,NotPlaced,81.5,88.00000000000001,82.0,5
6.5,1,1,1,79,4.2,Yes,Yes,82,69,Placed,75.5,84.00000000000001,81.5,3
6.5,1,1,0,69,4.3,No,Yes,55,68,NotPlaced,61.5,86.0,77.5,2
6.5,0,3,0,71,3.8,No,Yes,63,66,NotPlaced,64.5,76.0,73.5,3
8.4,0,3,0,86,4.6,Yes,Yes,90,83,Placed,86.5,92.0,89.0,3
6.5,0,1,0,68,3.6,No,Yes,60,75,NotPlaced,67.5,72.0,70.0,1
8.2,0,3,2,78,4.8,Yes,No,61,71,Placed,66.0,96.0,87.0,5
7.5,1,1,0,69,4.3,No,No,60,71,NotPlaced,65.5,86.0,77.5,2
7.4,0,1,1,69,3.5,No,Yes,57,85,NotPlaced,71.0,70.0,69.5,2
8.3,2,2,0,78,4.1,No,Yes,60,83,Placed,71.5,82.0,80.0,4
7.7,0,3,0,87,4.7,Yes,Yes,81,60,Placed,70.5,94.0,90.5,3
7.4,1,1,2,84,4.7,Yes,Yes,80,75,Placed,77.5,94.0,89.0,4
8.4,1,2,0,78,4.2,Yes,Yes,69,70,NotPlaced,69.5,84.00000000000001,81.0,3
7.6,1,3,2,84,4.2,Yes,Yes,75,83,NotPlaced,79.0,84.00000000000001,84.0,6
7.9,0,3,1,77,4.0,Yes,Yes,55,61,NotPlaced,58.0,80.0,78.5,4
7.6,1,1,0,75,3.6,No,Yes,55,68,NotPlaced,61.5,72.0,73.5,2
7.6,0,2,0,79,4.6,No,Yes,76,72,NotPlaced,74.0,92.0,85.5,2
6.6,1,2,1,62,3.4,No,Yes,58,62,NotPlaced,60.0,68.0,65.0,4
8.1,1,3,2,89,4.8,Yes,Yes,75,82,Placed,78.5,96.0,92.5,6
7.4,1,2,1,71,4.3,Yes,Yes,67,73,NotPlaced,70.0,86.0,78.5,4
7.7,2,3,2,90,4.8,Yes,Yes,81,85,Placed,83.0,96.0,93.0,7
6.5,1,1,1,72,3.3,No,Yes,55,62,NotPlaced,58.5,65.99999999999999,69.0,3
8.1,2,3,2,90,4.7,Yes,Yes,76,88,Placed,82.0,94.0,92.0,7
7.6,2,2,1,84,4.8,Yes,Yes,90,84,NotPlaced,87.0,96.0,90.0,5
7.9,0,1,2,77,4.8,Yes,Yes,83,82,Placed,82.5,96.0,86.5,3
8.5,1,3,2,88,4.8,Yes,Yes,83,83,NotPlaced,83.0,96.0,92.0,6
8.1,2,3,2,82,4.7,Yes,Yes,83,86,Placed,84.5,94.0,88.0,7
8.4,2,3,0,86,4.7,Yes,Yes,84,83,Placed,83.5,94.0,90.0,5
8.8,2,3,2,90,4.8,Yes,Yes,77,81,Placed,79.0,96.0,93.0,7
7.6,1,3,0,80,4.8,Yes,Yes,73,78,Placed,75.5,96.0,88.0,4
8.3,2,3,2,90,4.8,Yes,Yes,80,88,Placed,84.0,96.0,93.0,7
8.2,0,1,1,68,3.8,Yes,No,79,83,Placed,81.0,76.0,72.0,2
6.5,0,1,0,72,4.1,No,No,56,68,NotPlaced,62.0,82.0,77.0,1
7.7,2,3,0,71,3.8,No,No,73,74,NotPlaced,73.5,76.0,73.5,5
7.9,1,2,1,70,4.3,No,Yes,58,71,NotPlaced,64.5,86.0,78.0,4
8.1,2,3,2,85,4.6,Yes,Yes,82,85,Placed,83.5,92.0,88.5,7
8.6,1,3,0,90,4.8,Yes,Yes,87,81,Placed,84.0,96.0,93.0,4
7.7,0,2,1,72,4.4,No,Yes,58,66,NotPlaced,62.0,88.00000000000001,80.0,3
8.6,0,3,2,90,4.8,Yes,Yes,77,83,Placed,80.0,96.0,93.0,5
8.1,1,2,0,81,4.2,No,No,55,70,NotPlaced,62.5,84.00000000000001,82.5,3
6.5,1,1,0,70,4.2,No,Yes,63,72,NotPlaced,67.5,84.00000000000001,77.0,2
8.2,1,2,2,80,4.4,Yes,Yes,68,87,Placed,77.5,88.00000000000001,84.0,5
8.4,2,3,2,90,4.4,Yes,Yes,74,88,Placed,81.0,88.00000000000001,89.0,7
8.4,2,3,2,90,4.8,Yes,Yes,81,81,Placed,81.0,96.0,93.0,7
8.6,1,3,3,78,4.7,Yes,Yes,76,87,Placed,81.5,94.0,86.0,7
6.5,1,1,1,74,3.8,No,No,69,64,NotPlaced,66.5,76.0,75.0,3
7.5,2,1,1,82,4.7,No,No,76,68,NotPlaced,72.0,94.0,88.0,4
8.3,1,1,3,76,4.2,No,Yes,56,83,NotPlaced,69.5,84.00000000000001,80.0,5
8.0,0,3,2,87,4.5,Yes,Yes,83,81,Placed,82.0,90.0,88.5,5
7.6,2,1,0,90,4.8,No,Yes,68,74,NotPlaced,71.0,96.0,93.0,3
8.0,0,3,1,86,4.3,Yes,Yes,75,66,Placed,70.5,86.0,86.0,4
8.5,1,1,2,90,4.7,Yes,Yes,75,88,Placed,81.5,94.0,92.0,4
8.4,2,1,1,79,4.3,Yes,Yes,74,68,Placed,71.0,86.0,82.5,4
8.2,0,3,0,90,4.5,Yes,No,88,77,NotPlaced,82.5,90.0,90.0,3
7.9,0,3,2,89,4.7,Yes,Yes,78,82,Placed,80.0,94.0,91.5,5
6.5,0,2,2,77,4.6,No,Yes,72,83,NotPlaced,77.5,92.0,84.5,4
8.1,0,1,0,68,4.2,No,No,55,59,NotPlaced,57.0,84.00000000000001,76.0,1
7.3,0,1,0,64,3.7,No,No,62,72,NotPlaced,67.0,74.0,69.0,1
8.5,0,1,2,83,4.2,Yes,No,79,73,Placed,76.0,84.00000000000001,83.5,3
8.3,1,3,2,87,4.8,Yes,Yes,79,85,Placed,82.0,96.0,91.5,6
7.7,0,3,0,83,4.5,Yes,Yes,80,82,NotPlaced,81.0,90.0,86.5,3
9.0,0,3,2,86,4.8,Yes,Yes,79,86,Placed,82.5,96.0,91.0,5
7.0,1,2,1,78,4.0,No,No,55,71,NotPlaced,63.0,80.0,79.0,4
7.5,1,1,1,71,4.5,No,No,55,69,NotPlaced,62.0,90.0,80.5,3
7.1,0,1,1,69,4.8,No,No,65,66,NotPlaced,65.5,96.0,82.5,2
8.2,1,2,2,71,4.4,Yes,Yes,73,87,Placed,80.0,88.00000000000001,79.5,5
8.1,2,3,2,82,4.2,Yes,Yes,72,82,NotPlaced,77.0,84.00000000000001,83.0,7
7.3,0,1,1,84,4.7,No,No,55,68,NotPlaced,61.5,94.0,89.0,2
8.4,1,3,1,79,4.0,Yes,Yes,80,83,NotPlaced,81.5,80.0,79.5,5
7.5,1,2,2,89,4.8,Yes,Yes,70,84,Placed,77.0,96.0,92.5,5
7.5,1,3,1,84,4.0,Yes,No,74,70,Placed,72.0,80.0,82.0,5
7.4,1,3,0,85,4.6,No,No,62,65,NotPlaced,63.5,92.0,88.5,4
6.5,1,1,1,76,4.2,No,Yes,63,67,NotPlaced,65.0,84.00000000000001,80.0,3
6.8,1,3,2,83,4.7,Yes,No,64,80,NotPlaced,72.0,94.0,88.5,6
8.6,1,3,2,87,4.1,Yes,Yes,80,86,Placed,83.0,82.0,84.5,6
6.8,0,1,0,84,4.1,Yes,Yes,62,86,Placed,74.0,82.0,83.0,1
7.5,1,1,1,77,3.8,No,Yes,63,65,NotPlaced,64.0,76.0,76.5,3
8.4,1,3,2,85,4.2,Yes,Yes,89,88,Placed,88.5,84.00000000000001,84.5,6
6.7,2,1,2,82,4.6,Yes,Yes,82,70,NotPlaced,76.0,92.0,87.0,5
8.5,1,2,0,87,4.7,No,Yes,55,70,Placed,62.5,94.0,90.5,3
8.2,0,3,0,86,4.0,Yes,Yes,67,80,Placed,73.5,80.0,83.0,3
6.5,1,1,1,79,4.4,Yes,Yes,74,71,NotPlaced,72.5,88.00000000000001,83.5,3
8.1,1,3,2,90,4.5,Yes,Yes,76,82,Placed,79.0,90.0,90.0,6
7.0,0,1,0,69,4.5,Yes,No,62,67,NotPlaced,64.5,90.0,79.5,1
7.5,0,1,1,72,3.5,No,Yes,55,65,NotPlaced,60.0,70.0,71.0,2
7.9,1,1,0,80,3.8,No,No,55,72,NotPlaced,63.5,76.0,78.0,2
6.9,0,1,0,70,4.3,No,No,57,63,NotPlaced,60.0,86.0,78.0,1
8.8,1,3,2,90,4.8,Yes,Yes,81,88,Placed,84.5,96.0,93.0,6
8.4,2,3,2,90,4.8,Yes,Yes,82,80,NotPlaced,81.0,96.0,93.0,7
8.3,1,3,2,87,4.4,Yes,Yes,76,83,Placed,79.5,88.00000000000001,87.5,6
6.7,1,3,1,76,4.4,Yes,Yes,84,83,Placed,83.5,88.00000000000001,82.0,5
7.4,1,1,1,77,4.1,No,No,55,64,NotPlaced,59.5,82.0,79.5,3
7.4,2,3,2,75,4.2,No,Yes,80,66,NotPlaced,73.0,84.00000000000001,79.5,7
6.7,1,1,0,74,3.9,Yes,Yes,74,66,NotPlaced,70.0,78.0,76.0,2
7.7,1,2,1,81,4.8,Yes,Yes,81,82,Placed,81.5,96.0,88.5,4
7.5,0,1,1,67,4.4,No,Yes,80,60,NotPlaced,70.0,88.00000000000001,77.5,2
6.5,1,1,0,77,3.9,Yes,Yes,78,67,NotPlaced,72.5,78.0,77.5,2
6.5,1,2,1,89,4.6,No,Yes,75,73,NotPlaced,74.0,92.0,90.5,4
8.5,1,3,1,82,4.7,Yes,Yes,80,70,Placed,75.0,94.0,88.0,5
7.9,1,2,2,90,4.2,Yes,Yes,81,86,Placed,83.5,84.00000000000001,87.0,5
7.2,1,1,1,67,4.3,No,No,74,72,NotPlaced,73.0,86.0,76.5,3
7.4,2,2,1,74,3.8,No,Yes,55,69,NotPlaced,62.0,76.0,75.0,5
8.6,1,2,0,80,4.2,No,No,55,68,NotPlaced,61.5,84.00000000000001,82.0,3
8.5,0,3,2,90,4.7,Yes,Yes,81,81,Placed,81.0,94.0,92.0,5
8.4,2,2,3,90,4.6,Yes,Yes,77,83,Placed,80.0,92.0,91.0,7
7.5,1,1,1,79,3.2,No,Yes,61,65,NotPlaced,63.0,64.0,71.5,3
7.8,1,2,0,75,4.5,No,Yes,55,71,Placed,63.0,90.0,82.5,3
8.1,2,3,2,90,4.8,Yes,Yes,81,87,Placed,84.0,96.0,93.0,7
8.6,2,3,2,79,4.8,Yes,Yes,78,78,Placed,78.0,96.0,87.5,7
7.6,1,3,1,86,4.6,Yes,Yes,67,62,NotPlaced,64.5,92.0,89.0,5
7.5,1,3,3,68,4.1,Yes,Yes,67,71,NotPlaced,69.0,82.0,75.0,7
7.3,1,1,0,84,4.5,No,Yes,55,75,NotPlaced,65.0,90.0,87.0,2
6.5,1,2,1,74,3.2,No,No,59,68,NotPlaced,63.5,64.0,69.0,4
6.6,0,1,0,61,3.8,No,No,66,61,NotPlaced,63.5,76.0,68.5,1
7.8,1,1,1,83,4.0,No,Yes,67,69,Placed,68.0,80.0,81.5,3
7.5,1,1,1,60,3.0,No,No,60,69,NotPlaced,64.5,60.0,60.0,3
8.4,2,2,2,77,4.8,Yes,Yes,71,84,Placed,77.5,96.0,86.5,6
7.1,2,3,2,88,4.5,Yes,Yes,75,70,Placed,72.5,90.0,89.0,7
8.0,2,3,1,73,4.4,Yes,Yes,81,68,NotPlaced,74.5,88.00000000000001,80.5,6
7.2,1,3,2,80,4.6,No,No,79,84,Placed,81.5,92.0,86.0,6
8.1,1,2,2,84,4.3,Yes,Yes,75,84,NotPlaced,79.5,86.0,85.0,5
6.6,1,2,0,60,4.7,Yes,Yes,55,69,NotPlaced,62.0,94.0,77.0,3
8.6,2,2,1,74,4.0,No,No,59,63,NotPlaced,61.0,80.0,77.0,5
6.8,1,1,1,71,4.3,No,Yes,60,62,NotPlaced,61.0,86.0,78.5,3
7.3,1,1,0,70,3.9,No,No,61,64,NotPlaced,62.5,78.0,74.0,2
7.9,1,2,1,86,4.8,No,Yes,70,60,NotPlaced,65.0,96.0,91.0,4
7.5,1,1,0,71,4.0,No,No,60,57,NotPlaced,58.5,80.0,75.5,2
8.2,2,3,2,90,4.7,Yes,Yes,83,78,Placed,80.5,94.0,92.0,7
6.5,1,2,1,71,4.3,No,Yes,55,70,NotPlaced,62.5,86.0,78.5,4
8.0,1,2,0,86,4.8,Yes,Yes,67,73,NotPlaced,70.0,96.0,91.0,3
8.1,1,3,1,68,4.7,No,Yes,59,68,NotPlaced,63.5,94.0,81.0,5
8.4,2,3,2,79,4.4,Yes,No,80,79,NotPlaced,79.5,88.00000000000001,83.5,7
6.5,1,3,0,64,4.6,No,No,71,64,NotPlaced,67.5,92.0,78.0,4
8.4,1,3,0,87,4.3,Yes,Yes,59,81,NotPlaced,70.0,86.0,86.5,4
8.4,1,3,0,81,4.8,Yes,Yes,85,88,Placed,86.5,96.0,88.5,4
8.4,2,3,1,80,4.6,Yes,Yes,75,79,NotPlaced,77.0,92.0,86.0,6
7.9,0,3,1,90,4.4,Yes,Yes,82,87,Placed,84.5,88.00000000000001,89.0,4
6.8,1,2,0,67,3.2,No,No,55,68,NotPlaced,61.5,64.0,65.5,3
7.3,1,3,0,90,4.7,Yes,Yes,76,88,NotPlaced,82.0,94.0,92.0,4
7.7,1,1,0,72,4.2,No,No,55,66,NotPlaced,60.5,84.00000000000001,78.0,2
7.3,1,1,0,66,3.8,No,No,60,73,NotPlaced,66.5,76.0,71.0,2
8.5,2,3,0,89,4.8,Yes,Yes,82,70,Placed,76.0,96.0,92.5,5
8.1,1,3,2,88,4.4,No,Yes,55,88,Placed,71.5,88.00000000000001,88.0,6
8.0,2,3,2,90,4.8,Yes,Yes,82,83,Placed,82.5,96.0,93.0,7
8.8,0,1,2,90,4.8,Yes,Yes,82,82,NotPlaced,82.0,96.0,93.0,3
8.1,2,3,2,90,4.7,Yes,Yes,82,85,Placed,83.5,94.0,92.0,7
7.6,2,3,0,78,4.8,Yes,Yes,74,87,Placed,80.5,96.0,87.0,5
8.4,2,3,0,90,4.8,Yes,Yes,70,88,Placed,79.0,96.0,93.0,5
7.9,1,3,1,75,4.6,Yes,Yes,80,81,NotPlaced,80.5,92.0,83.5,5
8.3,2,2,2,90,4.7,Yes,No,73,81,NotPlaced,77.0,94.0,92.0,6
8.5,2,2,2,65,4.4,Yes,Yes,57,81,NotPlaced,69.0,88.00000000000001,76.5,6
8.4,2,3,2,90,4.8,Yes,Yes,76,88,Placed,82.0,96.0,93.0,7
8.6,2,3,2,89,4.8,Yes,Yes,79,85,NotPlaced,82.0,96.0,92.5,7
7.7,1,3,1,76,4.0,No,No,65,61,NotPlaced,63.0,80.0,78.0,5
7.6,1,1,0,83,4.0,No,No,55,60,NotPlaced,57.5,80.0,81.5,2
8.2,2,3,2,81,4.8,Yes,Yes,83,82,Placed,82.5,96.0,88.5,7
8.0,2,3,0,90,4.3,No,Yes,83,83,Placed,83.0,86.0,88.0,5
6.5,1,1,0,78,4.5,Yes,Yes,55,77,NotPlaced,66.0,90.0,84.0,2
7.7,0,2,0,80,4.3,No,Yes,55,68,NotPlaced,61.5,86.0,83.0,2
8.3,2,3,2,90,4.8,Yes,Yes,74,88,Placed,81.0,96.0,93.0,7
7.3,1,2,0,81,3.7,Yes,Yes,68,85,NotPlaced,76.5,74.0,77.5,3
6.5,0,3,0,72,4.1,No,Yes,70,64,NotPlaced,67.0,82.0,77.0,3
7.5,1,2,0,79,4.7,No,No,69,67,NotPlaced,68.0,94.0,86.5,3
7.8,1,2,0,78,4.8,No,Yes,57,74,NotPlaced,65.5,96.0,87.0,3
7.3,1,2,0,66,4.6,No,Yes,59,72,NotPlaced,65.5,92.0,79.0,3
7.6,0,1,0,88,4.3,No,Yes,56,62,NotPlaced,59.0,86.0,87.0,1
8.1,1,1,1,79,3.4,No,Yes,78,66,NotPlaced,72.0,68.0,73.5,3
7.9,2,3,2,90,4.8,Yes,Yes,78,87,Placed,82.5,96.0,93.0,7
7.6,1,1,0,68,4.3,No,No,62,68,NotPlaced,65.0,86.0,77.0,2
8.2,2,3,1,85,4.6,No,Yes,78,66,Placed,72.0,92.0,88.5,6
7.6,2,3,0,90,4.8,Yes,No,74,85,NotPlaced,79.5,96.0,93.0,5
8.1,2,2,0,84,4.8,Yes,Yes,76,87,Placed,81.5,96.0,90.0,4
6.6,1,1,0,75,4.8,No,No,62,65,NotPlaced,63.5,96.0,85.5,2
8.3,1,2,2,90,4.8,Yes,Yes,70,88,Placed,79.0,96.0,93.0,5
6.5,1,2,0,68,4.4,No,Yes,72,70,Placed,71.0,88.00000000000001,78.0,3
6.5,1,1,1,79,4.2,No,No,85,71,NotPlaced,78.0,84.00000000000001,81.5,3
8.1,1,3,2,78,4.7,Yes,Yes,75,88,NotPlaced,81.5,94.0,86.0,6
6.5,1,2,1,63,4.0,Yes,No,56,66,NotPlaced,61.0,80.0,71.5,4
8.3,2,1,0,80,4.7,Yes,Yes,84,86,Placed,85.0,94.0,87.0,3
7.3,0,3,2,89,4.5,Yes,Yes,80,86,Placed,83.0,90.0,89.5,5
7.6,1,3,2,79,4.3,No,Yes,70,87,NotPlaced,78.5,86.0,82.5,6
6.7,1,1,1,82,4.3,No,Yes,55,65,NotPlaced,60.0,86.0,84.0,3
8.3,1,2,1,84,4.3,Yes,Yes,64,71,NotPlaced,67.5,86.0,85.0,4
7.5,0,1,0,72,4.1,No,No,55,69,NotPlaced,62.0,82.0,77.0,1
7.6,1,1,1,75,4.1,No,No,55,70,NotPlaced,62.5,82.0,78.5,3
8.0,2,3,2,89,4.8,Yes,Yes,83,83,Placed,83.0,96.0,92.5,7
8.6,1,1,2,87,3.9,Yes,Yes,84,84,Placed,84.0,78.0,82.5,4
8.4,2,2,2,86,4.8,Yes,Yes,72,83,Placed,77.5,96.0,91.0,6
6.5,1,1,0,67,3.5,No,No,63,63,NotPlaced,63.0,70.0,68.5,2
8.2,1,3,3,82,4.0,Yes,Yes,80,84,NotPlaced,82.0,80.0,81.0,7
7.8,1,1,1,82,3.9,No,Yes,74,73,NotPlaced,73.5,78.0,80.0,3
6.7,1,1,0,76,4.2,No,Yes,55,66,NotPlaced,60.5,84.00000000000001,80.0,2
6.8,0,1,1,70,3.0,No,No,55,60,NotPlaced,57.5,60.0,65.0,2
8.3,2,3,2,90,4.8,Yes,Yes,76,84,Placed,80.0,96.0,93.0,7
7.5,1,1,1,72,4.6,Yes,No,62,63,NotPlaced,62.5,92.0,82.0,3
7.4,1,1,1,77,3.9,No,Yes,59,69,NotPlaced,64.0,78.0,77.5,3
6.6,1,2,1,68,4.7,No,No,56,66,NotPlaced,61.0,94.0,81.0,4
8.4,1,3,0,82,4.1,No,Yes,74,86,NotPlaced,80.0,82.0,82.0,4
6.7,1,2,1,64,3.8,No,Yes,82,64,NotPlaced,73.0,76.0,70.0,4
7.8,2,3,2,83,4.8,No,Yes,74,83,NotPlaced,78.5,96.0,89.5,7
8.7,2,3,2,81,4.8,Yes,Yes,87,85,Placed,86.0,96.0,88.5,7
6.6,1,1,0,71,4.5,Yes,No,90,64,NotPlaced,77.0,90.0,80.5,2
8.4,2,3,2,90,4.6,Yes,Yes,74,85,Placed,79.5,92.0,91.0,7
8.1,0,1,0,71,4.0,Yes,Yes,60,69,NotPlaced,64.5,80.0,75.5,1
7.8,0,3,2,85,4.3,Yes,No,89,63,NotPlaced,76.0,86.0,85.5,5
8.2,2,3,2,90,4.8,Yes,Yes,85,83,Placed,84.0,96.0,93.0,7
7.6,1,3,0,82,3.8,Yes,Yes,78,65,NotPlaced,71.5,76.0,79.0,4
7.7,1,1,1,71,4.4,Yes,Yes,66,73,NotPlaced,69.5,88.00000000000001,79.5,3
7.6,1,2,2,65,4.8,Yes,No,58,72,NotPlaced,65.0,96.0,80.5,5
8.4,1,3,0,82,4.8,Yes,Yes,75,81,Placed,78.0,96.0,89.0,4
7.7,1,3,1,84,3.9,No,Yes,55,78,NotPlaced,66.5,78.0,81.0,5
6.6,0,3,0,86,4.8,No,No,79,66,NotPlaced,72.5,96.0,91.0,3
7.2,1,1,1,62,4.0,No,No,74,63,NotPlaced,68.5,80.0,71.0,3
7.5,0,2,1,69,4.5,No,Yes,55,60,NotPlaced,57.5,90.0,79.5,3
6.5,1,1,1,68,4.6,No,No,58,63,NotPlaced,60.5,92.0,80.0,3
8.3,2,3,0,85,4.7,Yes,Yes,73,87,NotPlaced,80.0,94.0,89.5,5
8.9,1,3,2,83,4.6,Yes,Yes,71,84,Placed,77.5,92.0,87.5,6
7.3,1,1,1,68,3.3,No,Yes,55,67,NotPlaced,61.0,65.99999999999999,67.0,3
7.8,1,1,0,77,4.1,No,Yes,64,67,NotPlaced,65.5,82.0,79.5,2
7.5,1,1,0,68,3.7,No,No,57,63,NotPlaced,60.0,74.0,71.0,2
8.6,1,1,3,81,4.7,No,Yes,72,86,Placed,79.0,94.0,87.5,5
7.5,0,2,0,63,4.5,Yes,Yes,56,62,Placed,59.0,90.0,76.5,2
8.6,2,3,1,90,4.8,Yes,Yes,58,71,Placed,64.5,96.0,93.0,6
6.9,1,1,0,67,4.1,Yes,Yes,62,71,NotPlaced,66.5,82.0,74.5,2
8.3,1,3,2,90,4.8,Yes,Yes,79,84,Placed,81.5,96.0,93.0,6
7.9,0,1,1,73,4.1,No,Yes,79,80,NotPlaced,79.5,82.0,77.5,2
8.2,1,2,2,90,4.7,Yes,Yes,83,87,NotPlaced,85.0,94.0,92.0,5
7.9,1,1,0,72,3.6,No,No,55,68,NotPlaced,61.5,72.0,72.0,2
6.5,1,2,2,70,4.1,No,No,68,68,NotPlaced,68.0,82.0,76.0,5
7.7,1,1,0,67,3.6,No,No,57,64,NotPlaced,60.5,72.0,69.5,2
8.1,2,1,0,86,4.3,Yes,Yes,72,80,NotPlaced,76.0,86.0,86.0,3
8.2,2,3,2,83,3.8,Yes,Yes,73,69,NotPlaced,71.0,76.0,79.5,7
8.0,1,2,0,85,4.3,Yes,Yes,69,81,NotPlaced,75.0,86.0,85.5,3
7.9,1,3,2,88,4.5,Yes,No,90,69,Placed,79.5,90.0,89.0,6
8.5,1,3,2,90,4.8,Yes,Yes,87,85,Placed,86.0,96.0,93.0,6
6.7,1,1,0,71,4.3,No,Yes,57,60,Placed,58.5,86.0,78.5,2
7.3,0,1,1,80,4.5,No,Yes,55,69,NotPlaced,62.0,90.0,85.0,2
8.1,1,3,2,90,4.8,Yes,Yes,84,88,Placed,86.0,96.0,93.0,6
9.1,2,1,3,84,4.8,Yes,Yes,81,85,Placed,83.0,96.0,90.0,6
8.6,1,3,2,89,4.6,Yes,Yes,75,83,Placed,79.0,92.0,90.5,6
6.7,2,1,1,77,4.5,Yes,Yes,64,62,NotPlaced,63.0,90.0,83.5,4
7.9,1,2,0,66,4.5,No,Yes,60,63,NotPlaced,61.5,90.0,78.0,3
8.3,1,3,2,74,4.7,Yes,Yes,78,84,NotPlaced,81.0,94.0,84.0,6
8.6,1,3,2,82,4.8,Yes,Yes,85,86,Placed,85.5,96.0,89.0,6
7.1,1,1,0,74,4.6,Yes,No,55,75,NotPlaced,65.0,92.0,83.0,2
7.3,1,1,0,77,4.3,Yes,Yes,66,68,NotPlaced,67.0,86.0,81.5,2
7.7,1,3,2,85,4.8,Yes,Yes,80,86,Placed,83.0,96.0,90.5,6
8.5,1,3,0,74,4.3,Yes,Yes,78,62,Placed,70.0,86.0,80.0,4
7.5,1,2,1,76,3.4,No,No,55,65,NotPlaced,60.0,68.0,72.0,4
6.5,0,2,1,72,3.9,No,Yes,59,60,NotPlaced,59.5,78.0,75.0,3
7.0,2,2,1,74,4.3,No,Yes,55,83,NotPlaced,69.0,86.0,80.0,5
7.8,1,3,1,90,4.4,Yes,Yes,85,82,Placed,83.5,88.00000000000001,89.0,5
8.4,2,3,2,89,4.6,Yes,Yes,74,86,Placed,80.0,92.0,90.5,7
6.7,2,1,1,75,4.6,No,No,61,67,NotPlaced,64.0,92.0,83.5,4
8.6,0,3,2,85,4.7,Yes,Yes,78,80,Placed,79.0,94.0,89.5,5
8.1,1,2,2,84,4.5,Yes,Yes,78,84,Placed,81.0,90.0,87.0,5
7.8,2,3,2,90,4.8,Yes,Yes,88,80,Placed,84.0,96.0,93.0,7
6.5,1,1,1,83,4.7,No,No,55,71,NotPlaced,63.0,94.0,88.5,3
8.6,0,3,1,81,4.6,Yes,Yes,74,85,Placed,79.5,92.0,86.5,4
8.1,1,3,2,70,4.7,No,Yes,65,75,Placed,70.0,94.0,82.0,6
8.5,2,3,2,86,4.7,Yes,No,76,80,NotPlaced,78.0,94.0,90.0,7
6.5,0,2,1,80,3.9,No,No,55,65,NotPlaced,60.0,78.0,79.0,3
8.3,1,2,1,74,4.2,Yes,Yes,76,81,NotPlaced,78.5,84.00000000000001,79.0,4
7.6,2,3,0,90,4.8,Yes,Yes,79,67,Placed,73.0,96.0,93.0,5
6.8,1,1,2,84,4.5,Yes,Yes,69,88,NotPlaced,78.5,90.0,87.0,4
8.1,0,2,0,75,4.3,Yes,Yes,60,72,NotPlaced,66.0,86.0,80.5,2
8.2,2,3,2,90,4.8,Yes,Yes,79,84,Placed,81.5,96.0,93.0,7
7.8,2,3,3,82,4.3,Yes,Yes,88,84,NotPlaced,86.0,86.0,84.0,8
7.7,0,1,1,77,3.3,No,No,56,68,NotPlaced,62.0,65.99999999999999,71.5,2
8.7,1,2,1,90,4.6,Yes,Yes,75,88,Placed,81.5,92.0,91.0,4
7.8,0,2,1,65,4.3,Yes,No,56,67,Placed,61.5,86.0,75.5,3
8.3,1,2,2,83,4.2,Yes,Yes,55,88,Placed,71.5,84.00000000000001,83.5,5
6.8,1,1,1,84,4.2,No,No,55,69,NotPlaced,62.0,84.00000000000001,84.0,3
7.4,1,1,0,77,4.2,No,Yes,55,70,NotPlaced,62.5,84.00000000000001,80.5,2
8.6,2,3,2,88,4.5,Yes,Yes,82,85,NotPlaced,83.5,90.0,89.0,7
6.5,1,1,1,60,3.4,No,No,55,68,NotPlaced,61.5,68.0,64.0,3
8.4,1,3,2,80,4.4,Yes,Yes,61,79,NotPlaced,70.0,88.00000000000001,84.0,6
8.3,2,3,2,86,4.8,Yes,Yes,78,86,Placed,82.0,96.0,91.0,7
7.6,1,2,1,75,4.3,Yes,Yes,80,67,Placed,73.5,86.0,80.5,4
7.5,1,2,0,67,4.2,No,No,55,64,NotPlaced,59.5,84.00000000000001,75.5,3
6.5,2,3,0,84,4.8,No,Yes,62,84,NotPlaced,73.0,96.0,90.0,5
6.5,0,1,1,90,3.7,No,Yes,64,71,NotPlaced,67.5,74.0,82.0,2
8.1,1,1,1,77,4.6,Yes,Yes,73,87,NotPlaced,80.0,92.0,84.5,3
6.7,1,2,1,85,4.4,No,Yes,55,71,NotPlaced,63.0,88.00000000000001,86.5,4
7.1,1,2,0,72,4.4,Yes,No,69,69,NotPlaced,69.0,88.00000000000001,80.0,3
8.4,2,3,2,90,4.7,Yes,Yes,78,83,Placed,80.5,94.0,92.0,7
7.6,0,3,0,90,4.7,No,Yes,73,77,NotPlaced,75.0,94.0,92.0,3
6.5,1,1,0,79,4.4,No,Yes,55,69,NotPlaced,62.0,88.00000000000001,83.5,2
8.2,1,3,2,85,4.4,Yes,Yes,76,88,Placed,82.0,88.00000000000001,86.5,6
6.5,1,1,1,64,3.4,No,No,56,61,NotPlaced,58.5,68.0,66.0,3
8.2,1,2,1,90,4.8,Yes,No,82,63,NotPlaced,72.5,96.0,93.0,4
8.7,2,3,2,90,4.8,Yes,Yes,89,86,Placed,87.5,96.0,93.0,7
8.3,2,3,2,89,4.1,Yes,Yes,77,77,Placed,77.0,82.0,85.5,7
7.9,1,2,2,83,4.5,Yes,No,69,87,Placed,78.0,90.0,86.5,5
6.7,0,2,1,79,3.3,No,No,73,69,NotPlaced,71.0,65.99999999999999,72.5,3
7.6,0,1,0,69,4.7,No,No,56,67,NotPlaced,61.5,94.0,81.5,1
8.2,2,3,2,90,4.8,Yes,Yes,78,88,Placed,83.0,96.0,93.0,7
6.5,1,2,1,82,4.4,No,Yes,55,69,NotPlaced,62.0,88.00000000000001,85.0,4
8.3,1,2,1,81,4.0,Yes,Yes,55,63,NotPlaced,59.0,80.0,80.5,4
8.3,1,3,1,73,4.5,Yes,Yes,83,66,Placed,74.5,90.0,81.5,5
6.5,2,3,0,88,4.5,No,No,79,62,NotPlaced,70.5,90.0,89.0,5
7.6,1,2,1,73,4.3,Yes,Yes,56,67,NotPlaced,61.5,86.0,79.5,4
6.5,1,1,1,71,4.1,No,No,56,70,NotPlaced,63.0,82.0,76.5,3
6.5,1,1,0,79,4.4,No,Yes,55,69,NotPlaced,62.0,88.00000000000001,83.5,2
8.1,2,2,2,90,4.6,No,No,88,79,NotPlaced,83.5,92.0,91.0,6
7.6,2,2,2,81,4.3,No,Yes,85,82,NotPlaced,83.5,86.0,83.5,6
8.3,2,3,2,87,4.7,No,Yes,71,85,Placed,78.0,94.0,90.5,7
7.5,0,1,1,62,3.7,No,No,55,65,NotPlaced,60.0,74.0,68.0,2
7.7,1,3,2,78,4.1,Yes,Yes,77,82,Placed,79.5,82.0,80.0,6
7.7,0,2,2,72,4.8,Yes,No,85,67,NotPlaced,76.0,96.0,84.0,4
8.8,2,3,2,90,4.8,Yes,Yes,84,88,Placed,86.0,96.0,93.0,7
6.5,1,2,1,80,4.8,No,No,83,65,NotPlaced,74.0,96.0,88.0,4
7.3,1,2,3,85,4.3,Yes,Yes,81,87,NotPlaced,84.0,86.0,85.5,6
6.5,0,1,0,80,4.3,No,No,61,60,NotPlaced,60.5,86.0,83.0,1
7.7,1,3,2,83,4.8,Yes,Yes,82,82,Placed,82.0,96.0,89.5,6
8.7,1,3,2,72,4.8,Yes,Yes,84,72,Placed,78.0,96.0,84.0,6
7.6,1,3,0,75,4.0,No,Yes,55,73,NotPlaced,64.0,80.0,77.5,4
7.8,1,1,0,74,3.8,No,No,61,68,NotPlaced,64.5,76.0,75.0,2
8.0,1,3,2,88,3.9,No,No,88,71,Placed,79.5,78.0,83.0,6
7.8,1,3,1,80,4.2,No,Yes,71,87,NotPlaced,79.0,84.00000000000001,82.0,5
7.4,1,1,1,79,4.0,Yes,No,55,70,Placed,62.5,80.0,79.5,3
7.3,1,3,0,87,4.3,No,Yes,55,86,Placed,70.5,86.0,86.5,4
8.0,2,3,3,84,4.0,Yes,Yes,75,60,NotPlaced,67.5,80.0,82.0,8
7.3,1,1,1,66,4.4,No,No,60,64,NotPlaced,62.0,88.00000000000001,77.0,3
7.4,1,2,1,66,4.3,No,No,78,70,NotPlaced,74.0,86.0,76.0,4
8.3,1,2,2,87,4.3,Yes,Yes,81,88,Placed,84.5,86.0,86.5,5
8.3,1,3,1,83,4.1,No,Yes,66,82,NotPlaced,74.0,82.0,82.5,5
8.9,0,2,1,79,4.6,No,No,62,75,NotPlaced,68.5,92.0,85.5,3
7.9,1,1,0,68,3.9,No,No,62,74,NotPlaced,68.0,78.0,73.0,2
7.5,1,1,0,73,4.0,No,No,74,70,NotPlaced,72.0,80.0,76.5,2
8.3,1,2,0,78,4.4,Yes,Yes,57,81,NotPlaced,69.0,88.00000000000001,83.0,3
7.6,2,1,2,79,4.4,No,Yes,57,70,NotPlaced,63.5,88.00000000000001,83.5,5
6.5,0,1,1,64,4.5,Yes,Yes,70,87,NotPlaced,78.5,90.0,77.0,2
7.6,0,1,0,71,4.0,No,Yes,58,66,NotPlaced,62.0,80.0,75.5,1
8.3,1,2,2,78,4.4,Yes,Yes,76,85,Placed,80.5,88.00000000000001,83.0,5
8.4,2,3,2,90,4.8,Yes,Yes,78,83,Placed,80.5,96.0,93.0,7
7.8,2,3,2,90,4.5,Yes,Yes,82,82,Placed,82.0,90.0,90.0,7
8.2,1,1,1,76,3.5,No,Yes,85,63,Placed,74.0,70.0,73.0,3
8.6,1,3,0,77,4.0,No,Yes,55,70,NotPlaced,62.5,80.0,78.5,4
7.4,0,1,1,82,4.5,No,Yes,55,69,NotPlaced,62.0,90.0,86.0,2
7.4,1,2,2,77,4.6,Yes,Yes,66,83,Placed,74.5,92.0,84.5,5
8.4,2,2,2,78,4.1,No,Yes,83,80,Placed,81.5,82.0,80.0,6
8.5,2,3,2,85,4.8,Yes,Yes,87,83,Placed,85.0,96.0,90.5,7
6.5,1,1,1,76,3.9,Yes,Yes,68,62,NotPlaced,65.0,78.0,77.0,3
8.3,2,3,2,87,4.8,Yes,Yes,83,86,Placed,84.5,96.0,91.5,7
7.3,1,2,1,70,4.0,No,No,55,73,NotPlaced,64.0,80.0,75.0,4
7.7,1,1,0,67,4.4,No,Yes,81,73,NotPlaced,77.0,88.00000000000001,77.5,2
8.2,2,2,2,76,4.3,Yes,Yes,76,66,Placed,71.0,86.0,81.0,6
8.1,2,3,2,89,4.8,Yes,Yes,88,67,NotPlaced,77.5,96.0,92.5,7
6.5,1,1,0,70,4.1,Yes,Yes,58,58,NotPlaced,58.0,82.0,76.0,2
8.8,2,3,2,90,4.6,Yes,Yes,85,83,Placed,84.0,92.0,91.0,7
8.6,2,3,2,90,4.8,Yes,Yes,71,81,Placed,76.0,96.0,93.0,7
6.5,1,2,1,79,3.9,No,Yes,55,70,NotPlaced,62.5,78.0,78.5,4
8.1,0,1,0,70,3.6,Yes,Yes,65,63,NotPlaced,64.0,72.0,71.0,1
6.9,1,2,1,68,3.8,Yes,Yes,70,66,NotPlaced,68.0,76.0,72.0,4
8.7,2,3,2,89,4.5,Yes,Yes,63,87,Placed,75.0,90.0,89.5,7
7.2,1,1,1,63,3.9,No,No,61,67,NotPlaced,64.0,78.0,70.5,3
6.5,1,1,0,78,3.9,No,Yes,57,70,NotPlaced,63.5,78.0,78.0,2
6.5,1,3,0,83,4.8,Yes,No,87,81,NotPlaced,84.0,96.0,89.5,4
8.2,1,3,2,83,4.3,Yes,No,83,63,NotPlaced,73.0,86.0,84.5,6
7.9,2,3,2,90,4.7,Yes,Yes,88,65,Placed,76.5,94.0,92.0,7
8.7,2,3,2,86,4.8,Yes,Yes,81,84,Placed,82.5,96.0,91.0,7
7.7,0,3,2,90,4.5,No,Yes,86,86,Placed,86.0,90.0,90.0,5
8.0,0,2,2,75,3.8,Yes,No,76,82,NotPlaced,79.0,76.0,75.5,4
7.7,1,1,1,90,4.1,No,Yes,75,71,Placed,73.0,82.0,86.0,3
6.5,2,3,2,79,3.7,Yes,Yes,57,68,Placed,62.5,74.0,76.5,7
6.5,1,2,0,73,4.5,No,Yes,79,63,NotPlaced,71.0,90.0,81.5,3
7.9,1,3,2,82,4.4,Yes,Yes,80,88,NotPlaced,84.0,88.00000000000001,85.0,6
8.2,1,1,0,75,4.5,No,No,60,87,NotPlaced,73.5,90.0,82.5,2
8.3,1,3,2,74,4.4,Yes,Yes,82,82,Placed,82.0,88.00000000000001,81.0,6
8.7,1,3,1,71,4.8,Yes,Yes,76,81,Placed,78.5,96.0,83.5,5
7.7,1,1,1,68,4.2,No,Yes,74,74,NotPlaced,74.0,84.00000000000001,76.0,3
8.3,2,3,2,90,4.8,Yes,Yes,80,87,Placed,83.5,96.0,93.0,7
7.7,1,1,0,81,4.3,No,No,60,70,Placed,65.0,86.0,83.5,2
6.6,0,2,2,77,4.2,No,Yes,55,66,NotPlaced,60.5,84.00000000000001,80.5,4
7.7,1,1,2,69,4.7,No,Yes,72,63,NotPlaced,67.5,94.0,81.5,4
7.1,1,1,1,72,3.9,No,No,57,57,NotPlaced,57.0,78.0,75.0,3
6.5,1,1,0,74,3.6,No,Yes,58,67,NotPlaced,62.5,72.0,73.0,2
8.1,1,2,0,90,4.6,Yes,Yes,84,86,Placed,85.0,92.0,91.0,3
6.7,2,1,1,69,3.8,No,Yes,62,61,NotPlaced,61.5,76.0,72.5,4
7.4,1,2,1,66,3.5,No,No,55,65,NotPlaced,60.0,70.0,68.0,4
7.6,1,2,0,65,4.8,Yes,Yes,73,85,NotPlaced,79.0,96.0,80.5,3
8.4,2,3,0,90,4.7,Yes,Yes,78,83,Placed,80.5,94.0,92.0,5
7.8,1,1,0,78,4.4,Yes,No,56,66,NotPlaced,61.0,88.00000000000001,83.0,2
8.5,1,3,2,90,4.8,Yes,Yes,79,86,Placed,82.5,96.0,93.0,6
7.6,1,1,1,60,4.4,No,Yes,59,70,NotPlaced,64.5,88.00000000000001,74.0,3
7.7,1,1,0,81,3.9,No,Yes,76,68,NotPlaced,72.0,78.0,79.5,2
8.8,2,3,2,90,4.8,Yes,Yes,84,80,Placed,82.0,96.0,93.0,7
7.7,1,1,1,82,3.8,No,No,55,71,NotPlaced,63.0,76.0,79.0,3
7.6,1,1,1,81,4.5,No,Yes,63,67,NotPlaced,65.0,90.0,85.5,3
7.9,2,1,1,80,4.7,Yes,Yes,85,84,Placed,84.5,94.0,87.0,4
8.7,2,3,1,90,4.8,Yes,Yes,72,83,NotPlaced,77.5,96.0,93.0,6
6.7,1,1,0,75,4.1,No,No,64,59,NotPlaced,61.5,82.0,78.5,2
7.0,1,2,1,83,4.8,Yes,Yes,58,64,NotPlaced,61.0,96.0,89.5,4
7.6,1,1,0,62,4.2,No,Yes,55,80,NotPlaced,67.5,84.00000000000001,73.0,2
7.0,1,3,2,75,4.4,Yes,Yes,74,63,Placed,68.5,88.00000000000001,81.5,6
7.4,1,2,1,75,4.3,No,Yes,55,66,NotPlaced,60.5,86.0,80.5,4
7.1,1,1,2,71,4.2,No,Yes,57,71,NotPlaced,64.0,84.00000000000001,77.5,4
8.1,2,3,0,66,4.2,Yes,No,63,58,NotPlaced,60.5,84.00000000000001,75.0,5
7.6,1,1,1,62,3.8,No,Yes,74,68,NotPlaced,71.0,76.0,69.0,3
8.3,1,3,2,89,4.8,Yes,Yes,86,86,Placed,86.0,96.0,92.5,6
6.8,1,1,0,69,4.0,No,No,55,63,NotPlaced,59.0,80.0,74.5,2
7.4,0,1,1,67,3.4,No,No,62,64,NotPlaced,63.0,68.0,67.5,2
7.2,1,2,1,72,4.4,No,Yes,63,74,NotPlaced,68.5,88.00000000000001,80.0,4
7.9,1,3,1,82,4.1,No,Yes,55,69,NotPlaced,62.0,82.0,82.0,5
8.1,1,2,1,85,4.7,No,Yes,55,80,NotPlaced,67.5,94.0,89.5,4
7.7,1,2,2,85,4.8,Yes,Yes,87,86,Placed,86.5,96.0,90.5,5
7.4,1,1,0,68,3.5,No,No,61,70,NotPlaced,65.5,70.0,69.0,2
6.6,0,1,2,79,4.2,Yes,No,69,84,Placed,76.5,84.00000000000001,81.5,3
7.6,1,2,0,80,3.8,Yes,Yes,55,66,NotPlaced,60.5,76.0,78.0,3
8.0,1,2,2,73,4.4,No,No,83,61,NotPlaced,72.0,88.00000000000001,80.5,5
6.9,1,1,1,65,4.4,No,Yes,62,71,NotPlaced,66.5,88.00000000000001,76.5,3
8.3,1,3,1,87,4.4,Yes,Yes,59,83,Placed,71.0,88.00000000000001,87.5,5
8.6,1,3,1,85,4.8,Yes,No,73,86,NotPlaced,79.5,96.0,90.5,5
7.4,1,1,1,70,3.7,No,No,55,68,NotPlaced,61.5,74.0,72.0,3
6.9,0,2,0,63,4.3,No,No,69,68,NotPlaced,68.5,86.0,74.5,2
7.3,0,1,0,75,3.9,No,Yes,57,63,NotPlaced,60.0,78.0,76.5,1
8.5,1,2,2,79,4.3,Yes,Yes,82,84,Placed,83.0,86.0,82.5,5
7.7,0,2,0,77,4.6,Yes,Yes,71,72,NotPlaced,71.5,92.0,84.5,2
7.6,0,1,1,71,3.9,No,Yes,66,65,NotPlaced,65.5,78.0,74.5,2
7.2,1,1,0,76,4.0,No,Yes,65,68,NotPlaced,66.5,80.0,78.0,2
8.2,2,1,1,75,3.7,Yes,Yes,68,84,NotPlaced,76.0,74.0,74.5,4
7.5,1,2,0,81,4.0,Yes,Yes,71,88,Placed,79.5,80.0,80.5,3
8.0,2,3,2,88,4.6,Yes,Yes,81,87,Placed,84.0,92.0,90.0,7
7.6,0,3,0,82,4.4,Yes,No,84,80,NotPlaced,82.0,88.00000000000001,85.0,3
8.3,1,2,0,78,4.5,No,Yes,63,60,NotPlaced,61.5,90.0,84.0,3
7.4,1,2,2,77,3.7,Yes,Yes,79,88,NotPlaced,83.5,74.0,75.5,5
7.8,1,2,1,77,4.6,Yes,Yes,71,76,Placed,73.5,92.0,84.5,4
7.5,0,1,0,66,4.2,No,No,58,65,NotPlaced,61.5,84.00000000000001,75.0,1
8.7,2,3,2,90,4.8,Yes,Yes,90,80,Placed,85.0,96.0,93.0,7
8.2,0,3,0,90,4.4,Yes,Yes,86,78,Placed,82.0,88.00000000000001,89.0,3
7.6,1,3,0,81,4.7,Yes,Yes,79,82,Placed,80.5,94.0,87.5,4
7.8,1,1,1,79,3.8,No,No,55,74,Placed,64.5,76.0,77.5,3
8.1,1,2,2,83,4.5,No,Yes,77,82,NotPlaced,79.5,90.0,86.5,5
8.0,1,3,2,90,4.8,Yes,Yes,71,82,NotPlaced,76.5,96.0,93.0,6
8.3,2,2,2,76,4.6,No,Yes,55,71,Placed,63.0,92.0,84.0,6
6.5,1,1,0,70,4.4,No,Yes,74,72,NotPlaced,73.0,88.00000000000001,79.0,2
7.9,0,3,0,87,3.9,Yes,Yes,78,82,NotPlaced,80.0,78.0,82.5,3
7.7,0,3,0,88,4.8,Yes,Yes,73,77,Placed,75.0,96.0,92.0,3
8.1,2,3,2,86,4.7,Yes,Yes,84,84,Placed,84.0,94.0,90.0,7
7.4,1,1,0,77,4.5,No,Yes,69,73,NotPlaced,71.0,90.0,83.5,2
7.9,2,3,2,90,4.8,Yes,No,71,62,Placed,66.5,96.0,93.0,7
6.6,0,1,0,73,4.3,Yes,Yes,58,68,NotPlaced,63.0,86.0,79.5,1
6.5,0,1,0,71,3.9,No,Yes,66,66,NotPlaced,66.0,78.0,74.5,1
7.4,1,3,1,71,4.4,Yes,No,63,76,NotPlaced,69.5,88.00000000000001,79.5,5
8.1,1,2,0,77,4.8,Yes,Yes,80,87,Placed,83.5,96.0,86.5,3
6.5,0,1,0,70,4.2,Yes,No,64,81,NotPlaced,72.5,84.00000000000001,77.0,1
8.1,2,3,2,89,4.8,Yes,No,79,83,Placed,81.0,96.0,92.5,7
7.3,0,3,0,83,4.3,Yes,No,73,74,NotPlaced,73.5,86.0,84.5,3
8.1,1,1,0,68,4.4,No,No,58,86,Placed,72.0,88.00000000000001,78.0,2
6.5,1,1,0,88,4.0,Yes,Yes,58,70,Placed,64.0,80.0,84.0,2
6.8,0,1,0,72,4.0,Yes,Yes,80,65,Placed,72.5,80.0,76.0,1
7.8,1,1,0,90,4.3,No,Yes,69,84,Placed,76.5,86.0,88.0,2
8.3,1,2,0,83,4.2,Yes,No,79,84,NotPlaced,81.5,84.00000000000001,83.5,3
7.8,0,3,0,81,4.2,Yes,Yes,67,66,NotPlaced,66.5,84.00000000000001,82.5,3
7.7,1,2,0,82,4.1,No,No,55,65,NotPlaced,60.0,82.0,82.0,3
7.9,1,1,1,67,3.3,Yes,Yes,71,68,NotPlaced,69.5,65.99999999999999,66.5,3
6.5,0,3,2,84,4.4,Yes,Yes,68,72,Placed,70.0,88.00000000000001,86.0,5
8.4,0,3,2,81,4.8,Yes,Yes,84,84,NotPlaced,84.0,96.0,88.5,5
6.5,2,1,1,76,4.8,Yes,No,74,69,NotPlaced,71.5,96.0,86.0,4
8.1,2,3,3,85,4.8,Yes,No,57,82,NotPlaced,69.5,96.0,90.5,8
8.0,1,1,0,70,4.3,No,No,62,64,NotPlaced,63.0,86.0,78.0,2
8.3,1,2,1,77,4.6,Yes,Yes,82,80,Placed,81.0,92.0,84.5,4
6.8,1,2,0,67,4.1,No,Yes,57,65,NotPlaced,61.0,82.0,74.5,3
7.4,0,2,0,74,4.1,No,Yes,64,63,Placed,63.5,82.0,78.0,2
7.6,1,1,0,80,3.6,No,No,55,67,NotPlaced,61.0,72.0,76.0,2
7.3,1,1,0,61,3.3,No,No,55,67,NotPlaced,61.0,65.99999999999999,63.49999999999999,2
7.7,1,1,0,69,4.4,No,No,55,69,NotPlaced,62.0,88.00000000000001,78.5,2
7.8,1,3,1,88,4.0,No,Yes,72,83,NotPlaced,77.5,80.0,84.0,5
8.4,0,2,3,82,4.4,Yes,Yes,77,88,Placed,82.5,88.00000000000001,85.0,5
7.9,1,3,2,88,4.8,Yes,Yes,77,88,NotPlaced,82.5,96.0,92.0,6
6.8,1,2,0,80,3.8,No,Yes,77,80,Placed,78.5,76.0,78.0,3
8.4,2,3,2,90,4.8,Yes,Yes,77,88,Placed,82.5,96.0,93.0,7
7.9,1,2,1,77,4.3,No,No,55,63,Placed,59.0,86.0,81.5,4
8.2,1,1,1,68,3.7,Yes,No,68,62,NotPlaced,65.0,74.0,71.0,3
7.6,1,1,0,73,4.3,No,Yes,68,64,NotPlaced,66.0,86.0,79.5,2
7.6,1,2,0,76,4.8,Yes,Yes,71,79,NotPlaced,75.0,96.0,86.0,3
8.3,1,2,0,69,4.4,No,Yes,55,63,NotPlaced,59.0,88.00000000000001,78.5,3
8.5,1,3,2,90,4.8,Yes,Yes,80,85,Placed,82.5,96.0,93.0,6
7.4,1,1,0,64,3.7,No,No,56,59,NotPlaced,57.5,74.0,69.0,2
8.1,2,2,0,78,4.8,Yes,No,58,79,NotPlaced,68.5,96.0,87.0,4
8.0,2,3,2,79,4.3,Yes,No,64,69,NotPlaced,66.5,86.0,82.5,7
7.6,0,1,0,75,4.3,Yes,Yes,55,66,NotPlaced,60.5,86.0,80.5,1
7.6,2,3,1,89,4.5,Yes,No,72,84,Placed,78.0,90.0,89.5,6
8.4,0,1,2,76,3.4,No,Yes,77,85,Placed,81.0,68.0,72.0,3
8.1,2,3,2,85,4.5,No,Yes,55,75,Placed,65.0,90.0,87.5,7
8.3,1,3,3,90,4.8,Yes,Yes,67,85,Placed,76.0,96.0,93.0,7
7.5,1,3,0,85,4.6,Yes,Yes,80,69,Placed,74.5,92.0,88.5,4
8.2,2,3,2,81,4.5,Yes,Yes,74,88,Placed,81.0,90.0,85.5,7
8.4,1,2,0,76,4.7,Yes,Yes,55,65,NotPlaced,60.0,94.0,85.0,3
8.6,2,3,2,90,4.7,Yes,Yes,75,88,Placed,81.5,94.0,92.0,7
7.5,0,2,1,74,4.5,Yes,Yes,77,73,Placed,75.0,90.0,82.0,3
8.7,2,3,2,90,4.8,Yes,Yes,74,81,NotPlaced,77.5,96.0,93.0,7
8.2,1,3,1,86,4.3,Yes,Yes,71,85,Placed,78.0,86.0,86.0,5
7.6,0,2,0,79,3.8,No,Yes,55,63,NotPlaced,59.0,76.0,77.5,2
7.7,1,1,1,68,3.8,No,No,57,69,NotPlaced,63.0,76.0,72.0,3
6.5,1,2,1,69,4.1,No,Yes,72,60,NotPlaced,66.0,82.0,75.5,4
8.4,2,3,0,74,4.3,Yes,Yes,74,84,NotPlaced,79.0,86.0,80.0,5
6.8,0,1,1,63,3.7,Yes,No,63,65,NotPlaced,64.0,74.0,68.5,2
7.5,1,2,2,82,4.1,Yes,Yes,83,69,NotPlaced,76.0,82.0,82.0,5
7.9,1,1,0,76,3.3,Yes,No,81,77,NotPlaced,79.0,65.99999999999999,71.0,2
8.6,1,3,2,87,4.8,Yes,Yes,75,85,Placed,80.0,96.0,91.5,6
7.8,0,3,2,89,4.7,Yes,Yes,72,88,Placed,80.0,94.0,91.5,5
7.5,2,2,0,70,4.4,No,Yes,55,62,NotPlaced,58.5,88.00000000000001,79.0,4
8.1,2,3,2,89,4.5,Yes,Yes,81,81,NotPlaced,81.0,90.0,89.5,7
6.7,1,1,1,67,4.7,No,Yes,81,64,Placed,72.5,94.0,80.5,3
8.1,2,3,2,90,4.5,Yes,Yes,80,88,Placed,84.0,90.0,90.0,7
6.5,0,2,1,79,4.3,No,No,57,71,NotPlaced,64.0,86.0,82.5,3
8.3,1,3,2,83,4.6,Yes,No,69,87,Placed,78.0,92.0,87.5,6
6.6,0,1,0,79,4.4,No,Yes,55,64,NotPlaced,59.5,88.00000000000001,83.5,1
7.8,0,3,2,82,4.5,No,Yes,60,63,Placed,61.5,90.0,86.0,5
7.5,0,1,0,60,3.8,No,No,55,67,NotPlaced,61.0,76.0,68.0,1
7.5,1,2,0,76,3.4,No,Yes,79,71,NotPlaced,75.0,68.0,72.0,3
8.2,2,1,2,74,3.9,No,No,79,64,NotPlaced,71.5,78.0,76.0,5
8.3,2,3,3,90,4.8,Yes,Yes,90,83,Placed,86.5,96.0,93.0,8
8.4,1,1,0,84,4.7,Yes,No,62,63,NotPlaced,62.5,94.0,89.0,2
8.3,2,1,1,79,4.2,Yes,No,78,74,NotPlaced,76.0,84.00000000000001,81.5,4
8.5,2,3,2,84,4.8,Yes,Yes,70,85,Placed,77.5,96.0,90.0,7
8.4,2,2,0,74,4.3,Yes,No,60,73,Placed,66.5,86.0,80.0,4
7.1,1,1,0,79,4.6,No,No,62,72,NotPlaced,67.0,92.0,85.5,2
7.6,2,2,3,86,4.8,Yes,Yes,85,84,Placed,84.5,96.0,91.0,7
8.8,1,3,0,88,4.4,No,Yes,71,82,NotPlaced,76.5,88.00000000000001,88.0,4
8.3,1,3,2,90,4.5,Yes,Yes,56,71,Placed,63.5,90.0,90.0,6
8.4,2,3,2,90,4.8,Yes,Yes,84,88,Placed,86.0,96.0,93.0,7
8.2,0,3,2,90,4.7,Yes,No,82,86,Placed,84.0,94.0,92.0,5
8.1,2,2,1,75,3.8,No,No,55,64,NotPlaced,59.5,76.0,75.5,5
6.5,1,1,0,74,3.5,No,No,74,62,NotPlaced,68.0,70.0,72.0,2
7.6,1,1,0,77,4.4,No,No,55,65,NotPlaced,60.0,88.00000000000001,82.5,2
8.3,1,3,0,76,3.8,Yes,Yes,77,66,Placed,71.5,76.0,76.0,4
7.1,1,2,0,89,4.7,No,No,78,69,NotPlaced,73.5,94.0,91.5,3
7.5,0,1,1,67,3.6,Yes,No,55,60,NotPlaced,57.5,72.0,69.5,2
7.7,0,3,1,68,4.4,Yes,No,62,62,NotPlaced,62.0,88.00000000000001,78.0,4
8.3,2,3,2,79,4.7,Yes,Yes,85,65,Placed,75.0,94.0,86.5,7
6.5,1,1,0,69,3.4,No,No,66,66,NotPlaced,66.0,68.0,68.5,2
8.4,1,3,0,76,4.7,Yes,Yes,72,74,Placed,73.0,94.0,85.0,4
8.1,2,1,1,90,4.4,No,No,70,84,Placed,77.0,88.00000000000001,89.0,4
7.6,2,2,2,90,4.1,Yes,Yes,82,80,Placed,81.0,82.0,86.0,6
8.3,1,3,2,90,4.8,Yes,Yes,75,80,Placed,77.5,96.0,93.0,6
7.4,2,2,0,81,4.7,Yes,Yes,74,65,NotPlaced,69.5,94.0,87.5,4
7.7,1,2,1,69,4.8,Yes,Yes,61,70,Placed,65.5,96.0,82.5,4
7.6,1,1,0,83,3.7,Yes,Yes,69,82,NotPlaced,75.5,74.0,78.5,2
7.6,1,1,1,73,4.1,No,No,55,67,NotPlaced,61.0,82.0,77.5,3
8.8,2,3,2,90,4.8,Yes,Yes,84,83,Placed,83.5,96.0,93.0,7
7.7,1,3,0,89,4.8,Yes,Yes,71,71,Placed,71.0,96.0,92.5,4
7.3,0,1,2,75,4.5,Yes,Yes,73,79,Placed,76.0,90.0,82.5,3
6.7,0,1,1,66,3.9,No,Yes,55,61,NotPlaced,58.0,78.0,72.0,2
6.5,1,1,0,75,3.5,No,No,55,67,NotPlaced,61.0,70.0,72.5,2
6.6,1,1,0,76,4.4,No,No,57,62,NotPlaced,59.5,88.00000000000001,82.0,2
7.1,0,1,0,69,4.2,No,Yes,57,71,Placed,64.0,84.00000000000001,76.5,1
8.6,1,2,2,80,4.8,Yes,Yes,73,80,NotPlaced,76.5,96.0,88.0,5
8.3,2,3,2,90,4.6,Yes,Yes,70,84,Placed,77.0,92.0,91.0,7
8.1,1,3,2,78,4.8,Yes,Yes,78,84,NotPlaced,81.0,96.0,87.0,6
7.6,0,1,1,77,3.4,No,No,58,67,NotPlaced,62.5,68.0,72.5,2
7.4,1,3,1,89,3.6,Yes,Yes,68,83,NotPlaced,75.5,72.0,80.5,5
7.5,1,2,1,71,4.0,Yes,Yes,72,63,NotPlaced,67.5,80.0,75.5,4
8.2,2,3,2,82,4.5,Yes,Yes,72,88,Placed,80.0,90.0,86.0,7
8.5,1,1,1,71,3.8,No,Yes,63,87,NotPlaced,75.0,76.0,73.5,3
8.4,2,3,2,90,4.6,Yes,Yes,83,88,Placed,85.5,92.0,91.0,7
7.4,1,1,0,75,4.3,No,No,60,64,NotPlaced,62.0,86.0,80.5,2
6.6,1,1,1,68,4.1,Yes,Yes,77,69,NotPlaced,73.0,82.0,75.0,3
8.6,2,3,2,84,4.7,Yes,Yes,71,82,Placed,76.5,94.0,89.0,7
8.2,2,3,2,89,4.8,Yes,Yes,84,86,Placed,85.0,96.0,92.5,7
7.8,1,2,1,89,4.8,Yes,Yes,70,73,NotPlaced,71.5,96.0,92.5,4
7.4,1,1,1,75,4.2,Yes,Yes,64,64,NotPlaced,64.0,84.00000000000001,79.5,3
8.2,1,3,2,90,4.7,Yes,Yes,83,82,Placed,82.5,94.0,92.0,6
8.3,2,2,0,76,3.9,No,No,83,80,NotPlaced,81.5,78.0,77.0,4
8.5,1,3,0,90,4.1,Yes,Yes,81,85,Placed,83.0,82.0,86.0,4
6.5,1,1,2,90,4.8,Yes,No,75,80,NotPlaced,77.5,96.0,93.0,4
8.4,1,2,2,88,4.1,Yes,Yes,66,86,Placed,76.0,82.0,85.0,5
8.7,1,1,0,83,4.3,No,No,66,70,Placed,68.0,86.0,84.5,2
8.1,0,2,1,79,4.4,No,No,68,66,Placed,67.0,88.00000000000001,83.5,3
6.6,0,1,0,88,4.3,No,Yes,55,72,NotPlaced,63.5,86.0,87.0,1
7.2,1,1,2,74,4.7,No,No,55,78,NotPlaced,66.5,94.0,84.0,4
7.4,1,2,0,78,3.9,No,Yes,73,72,NotPlaced,72.5,78.0,78.0,3
7.5,1,1,1,68,3.8,No,No,56,63,NotPlaced,59.5,76.0,72.0,3
8.2,1,3,2,88,4.4,Yes,No,74,84,NotPlaced,79.0,88.00000000000001,88.0,6
7.4,1,1,1,66,4.2,No,Yes,56,62,NotPlaced,59.0,84.00000000000001,75.0,3
7.7,0,2,0,70,3.6,No,Yes,57,66,NotPlaced,61.5,72.0,71.0,2
8.3,0,3,2,90,4.8,Yes,Yes,83,84,Placed,83.5,96.0,93.0,5
6.5,1,2,0,83,4.5,No,No,69,71,NotPlaced,70.0,90.0,86.5,3
7.5,1,1,1,64,4.3,No,No,55,71,NotPlaced,63.0,86.0,75.0,3
8.1,2,3,2,82,4.3,No,Yes,55,66,NotPlaced,60.5,86.0,84.0,7
8.7,1,3,1,88,4.6,Yes,Yes,76,80,Placed,78.0,92.0,90.0,5
8.3,1,3,2,85,4.2,Yes,Yes,73,83,Placed,78.0,84.00000000000001,84.5,6
6.5,0,2,0,69,3.6,No,Yes,55,75,NotPlaced,65.0,72.0,70.5,2
8.3,2,3,2,90,4.8,Yes,Yes,87,67,Placed,77.0,96.0,93.0,7
7.1,1,3,2,76,4.8,Yes,Yes,78,80,Placed,79.0,96.0,86.0,6
6.5,0,1,1,74,4.1,No,No,55,64,NotPlaced,59.5,82.0,78.0,2
6.9,1,3,1,79,4.2,Yes,Yes,73,71,NotPlaced,72.0,84.00000000000001,81.5,5
6.5,1,1,1,76,4.6,Yes,Yes,60,73,NotPlaced,66.5,92.0,84.0,3
7.5,0,1,0,75,3.7,No,No,61,70,NotPlaced,65.5,74.0,74.5,1
7.5,1,1,0,75,3.7,No,No,57,66,NotPlaced,61.5,74.0,74.5,2
7.9,1,1,0,87,4.4,No,Yes,58,70,Placed,64.0,88.00000000000001,87.5,2
7.5,1,2,1,60,3.4,Yes,Yes,78,84,NotPlaced,81.0,68.0,64.0,4
8.3,1,3,2,90,4.7,Yes,Yes,65,87,NotPlaced,76.0,94.0,92.0,6
8.2,0,3,2,90,4.8,Yes,Yes,78,87,Placed,82.5,96.0,93.0,5
7.6,1,1,1,83,4.2,Yes,Yes,68,86,Placed,77.0,84.00000000000001,83.5,3
8.5,0,3,2,90,4.7,Yes,Yes,70,86,Placed,78.0,94.0,92.0,5
8.6,2,2,2,90,4.8,Yes,Yes,78,83,Placed,80.5,96.0,93.0,6
8.5,1,3,2,90,4.3,Yes,Yes,72,87,Placed,79.5,86.0,88.0,6
6.5,1,2,1,70,3.9,No,No,56,68,NotPlaced,62.0,78.0,74.0,4
8.9,1,3,0,84,4.5,Yes,Yes,72,84,Placed,78.0,90.0,87.0,4
7.3,1,1,1,66,3.8,No,Yes,59,70,NotPlaced,64.5,76.0,71.0,3
7.9,1,2,1,87,4.4,Yes,No,58,83,NotPlaced,70.5,88.00000000000001,87.5,4
7.3,1,1,1,77,3.8,No,Yes,68,69,NotPlaced,68.5,76.0,76.5,3
6.5,1,1,1,78,3.6,No,Yes,86,67,NotPlaced,76.5,72.0,75.0,3
7.9,2,3,2,89,4.8,Yes,Yes,61,82,Placed,71.5,96.0,92.5,7
7.8,1,2,2,77,4.8,Yes,Yes,85,87,Placed,86.0,96.0,86.5,5
6.7,1,1,0,63,4.0,No,Yes,55,65,NotPlaced,60.0,80.0,71.5,2
8.3,2,3,2,70,4.2,Yes,Yes,82,68,NotPlaced,75.0,84.00000000000001,77.0,7
7.0,1,2,1,78,4.8,Yes,Yes,55,68,NotPlaced,61.5,96.0,87.0,4
8.3,1,3,2,90,4.8,No,Yes,79,87,Placed,83.0,96.0,93.0,6
6.5,1,1,1,68,3.4,No,No,60,69,NotPlaced,64.5,68.0,68.0,3
6.8,1,1,1,72,4.8,No,Yes,62,67,NotPlaced,64.5,96.0,84.0,3
6.5,0,1,0,86,4.5,No,No,63,69,NotPlaced,66.0,90.0,88.0,1
6.5,1,2,1,88,4.5,Yes,Yes,72,87,Placed,79.5,90.0,89.0,4
8.0,0,3,2,87,3.8,No,No,73,63,Placed,68.0,76.0,81.5,5
7.5,1,1,1,66,4.0,No,No,58,65,NotPlaced,61.5,80.0,73.0,3
8.1,1,1,0,77,4.8,Yes,No,57,63,Placed,60.0,96.0,86.5,2
7.4,0,1,0,60,3.0,No,No,55,70,NotPlaced,62.5,60.0,60.0,1
6.5,2,1,1,83,3.6,Yes,Yes,76,67,NotPlaced,71.5,72.0,77.5,4
6.5,1,2,2,90,4.5,Yes,Yes,55,70,Placed,62.5,90.0,90.0,5
7.6,1,1,1,70,4.4,Yes,Yes,78,63,NotPlaced,70.5,88.00000000000001,79.0,3
6.5,1,2,1,80,4.2,No,No,55,65,NotPlaced,60.0,84.00000000000001,82.0,4
7.9,1,3,1,84,4.1,Yes,Yes,74,62,Placed,68.0,82.0,83.0,5
8.2,1,2,0,75,4.5,Yes,Yes,55,62,Placed,58.5,90.0,82.5,3
6.8,0,1,0,67,3.6,No,No,55,62,NotPlaced,58.5,72.0,69.5,1
8.4,0,2,1,87,4.4,No,Yes,72,68,Placed,70.0,88.00000000000001,87.5,3
7.9,2,3,3,82,4.6,Yes,Yes,83,86,Placed,84.5,92.0,87.0,8
7.0,1,1,1,78,4.7,No,No,55,69,NotPlaced,62.0,94.0,86.0,3
7.7,1,2,0,77,4.3,Yes,Yes,61,83,Placed,72.0,86.0,81.5,3
7.4,0,2,0,71,3.8,No,No,55,64,NotPlaced,59.5,76.0,73.5,2
8.4,2,3,2,87,4.5,Yes,Yes,77,86,Placed,81.5,90.0,88.5,7
6.5,1,2,0,72,4.1,No,No,55,70,NotPlaced,62.5,82.0,77.0,3
7.6,1,1,1,67,4.5,No,No,55,74,NotPlaced,64.5,90.0,78.5,3
7.1,1,1,0,77,4.1,No,Yes,74,66,NotPlaced,70.0,82.0,79.5,2
7.5,1,1,2,68,4.6,Yes,No,62,70,NotPlaced,66.0,92.0,80.0,4
6.5,1,1,0,75,3.9,No,No,59,82,NotPlaced,70.5,78.0,76.5,2
7.9,1,2,0,84,4.6,Yes,No,73,84,Placed,78.5,92.0,88.0,3
6.5,1,1,1,83,3.8,Yes,No,72,72,Placed,72.0,76.0,79.5,3
8.1,2,3,3,90,4.6,Yes,Yes,77,85,Placed,81.0,92.0,91.0,8
8.3,1,3,2,90,4.5,Yes,Yes,75,79,Placed,77.0,90.0,90.0,6
8.7,1,3,2,86,4.7,Yes,Yes,67,86,NotPlaced,76.5,94.0,90.0,6
7.5,0,2,0,74,3.7,No,Yes,55,72,NotPlaced,63.5,74.0,74.0,2
7.7,2,1,0,85,4.4,Yes,No,66,75,Placed,70.5,88.00000000000001,86.5,3
6.8,1,1,0,76,4.3,No,No,67,65,NotPlaced,66.0,86.0,81.0,2
8.5,1,3,1,82,4.7,Yes,Yes,76,88,Placed,82.0,94.0,88.0,5
7.9,0,2,0,70,4.7,Yes,Yes,77,85,Placed,81.0,94.0,82.0,2
7.4,1,1,0,85,3.7,No,No,57,67,NotPlaced,62.0,74.0,79.5,2
8.1,1,2,0,79,4.1,Yes,Yes,85,68,Placed,76.5,82.0,80.5,3
8.5,0,1,0,74,4.3,No,Yes,68,83,NotPlaced,75.5,86.0,80.0,1
6.6,1,3,2,90,4.3,Yes,Yes,82,80,Placed,81.0,86.0,88.0,6
8.4,2,2,2,83,4.5,Yes,Yes,84,86,Placed,85.0,90.0,86.5,6
7.3,0,2,1,71,4.4,No,No,68,69,NotPlaced,68.5,88.00000000000001,79.5,3
8.5,2,3,2,90,4.8,Yes,Yes,74,88,Placed,81.0,96.0,93.0,7
8.5,2,3,2,88,4.8,Yes,Yes,82,87,Placed,84.5,96.0,92.0,7
8.4,2,3,2,86,4.4,Yes,Yes,72,61,Placed,66.5,88.00000000000001,87.0,7
8.2,2,3,2,90,4.7,Yes,No,75,85,Placed,80.0,94.0,92.0,7
8.1,1,3,1,76,4.2,No,Yes,73,84,Placed,78.5,84.00000000000001,80.0,5
7.4,1,1,2,85,4.4,Yes,No,75,67,Placed,71.0,88.00000000000001,86.5,4
7.7,0,1,0,81,4.8,Yes,No,55,70,NotPlaced,62.5,96.0,88.5,1
7.4,1,1,1,68,3.9,Yes,Yes,62,63,NotPlaced,62.5,78.0,73.0,3
8.2,1,2,2,90,4.8,Yes,Yes,74,86,Placed,80.0,96.0,93.0,5
8.2,2,3,2,87,4.6,Yes,No,87,86,Placed,86.5,92.0,89.5,7
7.6,0,3,0,90,4.8,Yes,Yes,85,83,Placed,84.0,96.0,93.0,3
7.5,2,2,0,73,3.3,No,No,55,62,NotPlaced,58.5,65.99999999999999,69.5,4
8.4,2,1,2,86,4.4,Yes,Yes,83,81,Placed,82.0,88.00000000000001,87.0,5
8.0,1,2,0,87,3.6,No,Yes,55,61,NotPlaced,58.0,72.0,79.5,3
8.5,2,3,2,85,4.4,Yes,Yes,74,83,NotPlaced,78.5,88.00000000000001,86.5,7
7.3,0,3,0,77,4.6,Yes,Yes,87,88,NotPlaced,87.5,92.0,84.5,3
8.3,1,2,0,80,4.8,Yes,Yes,73,83,Placed,78.0,96.0,88.0,3
8.6,0,1,0,77,4.1,No,Yes,60,71,NotPlaced,65.5,82.0,79.5,1
7.5,1,1,1,70,3.6,No,Yes,55,64,NotPlaced,59.5,72.0,71.0,3
8.8,2,1,2,83,4.8,Yes,Yes,84,83,Placed,83.5,96.0,89.5,5
8.3,2,3,2,84,4.8,Yes,Yes,77,82,Placed,79.5,96.0,90.0,7
6.6,0,1,3,75,3.9,No,No,56,73,NotPlaced,64.5,78.0,76.5,4
7.9,2,3,2,90,4.6,Yes,Yes,82,81,Placed,81.5,92.0,91.0,7
6.7,1,1,0,75,4.1,Yes,Yes,70,68,NotPlaced,69.0,82.0,78.5,2
8.0,1,2,1,82,4.4,No,Yes,81,65,Placed,73.0,88.00000000000001,85.0,4
7.4,2,2,2,87,4.0,Yes,Yes,79,84,Placed,81.5,80.0,83.5,6
7.7,2,2,1,74,4.6,No,No,61,64,NotPlaced,62.5,92.0,83.0,5
7.1,1,3,2,86,4.8,Yes,Yes,61,85,NotPlaced,73.0,96.0,91.0,6
8.5,2,3,2,88,4.6,Yes,No,68,87,Placed,77.5,92.0,90.0,7
6.5,0,1,1,70,4.2,No,No,70,65,NotPlaced,67.5,84.00000000000001,77.0,2
7.2,2,1,1,78,4.3,Yes,Yes,90,63,Placed,76.5,86.0,82.0,4
7.9,0,1,0,80,4.5,Yes,Yes,58,81,Placed,69.5,90.0,85.0,1
7.5,1,3,0,71,4.0,No,No,64,85,NotPlaced,74.5,80.0,75.5,4
7.7,2,3,2,86,4.6,Yes,Yes,61,84,Placed,72.5,92.0,89.0,7
6.9,0,3,2,78,4.3,Yes,Yes,84,73,Placed,78.5,86.0,82.0,5
7.6,1,2,0,80,4.4,No,No,61,72,NotPlaced,66.5,88.00000000000001,84.0,3
8.7,1,3,0,77,3.5,Yes,Yes,56,58,Placed,57.0,70.0,73.5,4
8.5,2,1,2,77,4.5,Yes,Yes,66,71,Placed,68.5,90.0,83.5,5
8.2,1,2,0,87,4.2,Yes,Yes,73,84,NotPlaced,78.5,84.00000000000001,85.5,3
8.1,2,3,2,78,3.4,Yes,Yes,83,81,Placed,82.0,68.0,73.0,7
7.9,1,3,2,90,4.7,Yes,Yes,83,82,Placed,82.5,94.0,92.0,6
7.8,2,3,2,90,4.8,Yes,Yes,68,87,Placed,77.5,96.0,93.0,7
8.0,2,1,0,82,4.6,Yes,Yes,61,79,Placed,70.0,92.0,87.0,3
8.3,1,2,1,71,4.0,Yes,Yes,55,61,NotPlaced,58.0,80.0,75.5,4
8.6,1,2,3,75,4.5,Yes,Yes,56,85,Placed,70.5,90.0,82.5,6
7.6,0,1,0,64,3.7,No,No,62,68,NotPlaced,65.0,74.0,69.0,1
7.5,1,1,1,72,4.0,No,Yes,63,62,NotPlaced,62.5,80.0,76.0,3
6.6,1,1,0,73,4.6,No,No,66,72,NotPlaced,69.0,92.0,82.5,2
8.1,2,2,1,86,4.4,Yes,Yes,57,65,Placed,61.0,88.00000000000001,87.0,5
7.7,2,3,0,83,4.6,Yes,No,80,75,NotPlaced,77.5,92.0,87.5,5
8.1,1,3,2,90,4.6,Yes,Yes,72,88,Placed,80.0,92.0,91.0,6
8.0,1,3,2,85,4.8,Yes,Yes,76,83,Placed,79.5,96.0,90.5,6
8.1,2,1,1,87,4.1,Yes,Yes,55,69,NotPlaced,62.0,82.0,84.5,4
7.6,1,2,1,90,4.5,Yes,Yes,68,86,NotPlaced,77.0,90.0,90.0,4
8.4,2,1,2,87,4.5,Yes,No,63,82,Placed,72.5,90.0,88.5,5
6.6,0,1,1,81,3.5,No,Yes,55,70,NotPlaced,62.5,70.0,75.5,2
6.7,1,1,0,76,4.6,Yes,No,79,65,Placed,72.0,92.0,84.0,2
8.3,0,3,2,78,4.1,Yes,Yes,65,65,Placed,65.0,82.0,80.0,5
8.3,1,2,1,80,4.7,Yes,Yes,74,81,NotPlaced,77.5,94.0,87.0,4
7.0,1,2,0,89,4.6,Yes,No,83,82,NotPlaced,82.5,92.0,90.5,3
6.7,1,3,0,74,4.5,Yes,Yes,72,63,NotPlaced,67.5,90.0,82.0,4
8.4,1,3,2,83,4.8,Yes,Yes,65,71,Placed,68.0,96.0,89.5,6
8.1,0,3,2,89,4.8,Yes,Yes,72,85,Placed,78.5,96.0,92.5,5
7.3,0,1,0,75,3.7,No,No,60,70,NotPlaced,65.0,74.0,74.5,1
8.2,0,3,2,79,3.9,No,Yes,81,65,NotPlaced,73.0,78.0,78.5,5
7.7,1,3,0,90,4.3,Yes,Yes,80,78,Placed,79.0,86.0,88.0,4
8.5,1,3,2,75,4.1,Yes,Yes,76,77,Placed,76.5,82.0,78.5,6
6.8,1,2,0,78,3.8,No,Yes,77,66,NotPlaced,71.5,76.0,77.0,3
7.9,2,3,2,85,4.4,Yes,Yes,86,76,Placed,81.0,88.00000000000001,86.5,7
8.5,0,3,0,83,4.8,Yes,Yes,78,86,NotPlaced,82.0,96.0,89.5,3
7.6,1,1,0,66,3.2,No,No,55,63,NotPlaced,59.0,64.0,65.0,2
7.3,1,3,0,87,4.6,Yes,No,55,70,NotPlaced,62.5,92.0,89.5,4
7.5,0,1,0,67,4.5,No,No,87,70,NotPlaced,78.5,90.0,78.5,1
8.2,0,3,2,86,3.9,Yes,Yes,75,84,NotPlaced,79.5,78.0,82.0,5
8.0,1,1,0,81,4.6,Yes,Yes,85,87,NotPlaced,86.0,92.0,86.5,2
7.8,1,3,2,90,4.8,Yes,Yes,86,70,Placed,78.0,96.0,93.0,6
8.6,1,3,2,79,4.3,Yes,Yes,88,80,Placed,84.0,86.0,82.5,6
8.2,2,3,2,75,4.2,Yes,Yes,75,81,Placed,78.0,84.00000000000001,79.5,7
8.3,2,3,2,89,4.7,Yes,Yes,84,82,Placed,83.0,94.0,91.5,7
7.4,0,1,0,66,4.2,No,No,63,73,NotPlaced,68.0,84.00000000000001,75.0,1
8.5,0,3,2,90,4.8,Yes,Yes,70,88,Placed,79.0,96.0,93.0,5
7.4,1,3,1,83,4.3,Yes,Yes,55,61,Placed,58.0,86.0,84.5,5
8.4,2,3,3,90,4.7,Yes,Yes,85,80,Placed,82.5,94.0,92.0,8
7.3,1,1,0,76,4.3,No,Yes,63,69,NotPlaced,66.0,86.0,81.0,2
7.0,0,1,1,67,4.1,No,Yes,69,81,NotPlaced,75.0,82.0,74.5,2
6.7,0,2,1,73,4.2,No,Yes,63,62,NotPlaced,62.5,84.00000000000001,78.5,3
7.6,1,2,0,65,4.3,Yes,Yes,71,62,NotPlaced,66.5,86.0,75.5,3
7.5,1,2,3,76,3.7,No,Yes,55,67,NotPlaced,61.0,74.0,75.0,6
7.3,0,2,0,79,3.8,No,Yes,83,81,NotPlaced,82.0,76.0,77.5,2
7.3,0,1,0,60,3.2,No,No,55,62,NotPlaced,58.5,64.0,62.0,1
7.7,0,1,1,60,4.7,No,No,59,62,NotPlaced,60.5,94.0,77.0,2
8.2,2,3,2,87,4.6,Yes,Yes,81,86,Placed,83.5,92.0,89.5,7
8.0,1,2,1,73,4.4,Yes,Yes,84,75,Placed,79.5,88.00000000000001,80.5,4
7.6,1,1,1,75,4.1,Yes,Yes,55,68,NotPlaced,61.5,82.0,78.5,3
7.8,1,2,2,77,4.3,No,No,81,83,NotPlaced,82.0,86.0,81.5,5
8.5,2,3,2,90,4.8,Yes,Yes,77,88,Placed,82.5,96.0,93.0,7
7.0,1,2,0,89,4.1,Yes,No,70,68,NotPlaced,69.0,82.0,85.5,3
7.7,0,2,1,81,4.1,Yes,Yes,69,85,NotPlaced,77.0,82.0,81.5,3
7.7,1,1,0,70,4.8,No,Yes,55,67,NotPlaced,61.0,96.0,83.0,2
7.0,1,2,0,68,4.0,No,Yes,55,74,NotPlaced,64.5,80.0,74.0,3
8.2,2,3,2,90,4.7,Yes,Yes,74,87,Placed,80.5,94.0,92.0,7
7.4,1,1,1,67,3.3,No,No,55,63,NotPlaced,59.0,65.99999999999999,66.5,3
8.3,2,3,2,88,4.7,Yes,Yes,75,85,NotPlaced,80.0,94.0,91.0,7
8.5,2,3,2,90,4.8,Yes,Yes,81,80,Placed,80.5,96.0,93.0,7
6.7,0,3,2,88,4.7,Yes,Yes,82,82,Placed,82.0,94.0,91.0,5
7.4,1,1,0,70,3.7,No,Yes,61,72,NotPlaced,66.5,74.0,72.0,2
8.2,1,3,0,84,4.7,Yes,Yes,71,81,Placed,76.0,94.0,89.0,4
7.7,2,2,3,83,4.3,Yes,Yes,75,80,NotPlaced,77.5,86.0,84.5,7
8.2,1,3,2,90,4.8,Yes,Yes,85,84,Placed,84.5,96.0,93.0,6
8.7,2,3,2,89,4.8,Yes,Yes,77,83,Placed,80.0,96.0,92.5,7
8.2,1,1,0,77,4.1,Yes,Yes,79,65,NotPlaced,72.0,82.0,79.5,2
7.6,1,1,1,71,4.2,No,No,57,75,NotPlaced,66.0,84.00000000000001,77.5,3
7.9,2,3,2,89,4.4,Yes,Yes,89,86,Placed,87.5,88.00000000000001,88.5,7
6.7,1,1,0,89,4.6,No,No,55,68,NotPlaced,61.5,92.0,90.5,2
7.8,0,2,0,78,4.8,Yes,Yes,75,86,Placed,80.5,96.0,87.0,2
8.3,2,3,2,90,4.8,Yes,Yes,81,84,Placed,82.5,96.0,93.0,7
8.3,1,2,2,89,4.8,Yes,Yes,81,62,Placed,71.5,96.0,92.5,5
7.7,0,2,0,76,4.7,Yes,No,67,81,Placed,74.0,94.0,85.0,2
7.6,1,2,2,70,4.5,Yes,No,55,72,NotPlaced,63.5,90.0,80.0,5
7.0,1,1,2,75,4.4,Yes,No,59,68,NotPlaced,63.5,88.00000000000001,81.5,4
6.5,1,1,0,67,3.9,No,No,58,74,NotPlaced,66.0,78.0,72.5,2
7.6,1,3,2,83,4.5,Yes,Yes,68,73,NotPlaced,70.5,90.0,86.5,6
6.7,1,1,0,81,4.1,No,No,55,64,NotPlaced,59.5,82.0,81.5,2
7.9,2,3,2,86,4.8,Yes,Yes,71,84,NotPlaced,77.5,96.0,91.0,7
7.5,0,1,0,70,3.8,No,No,56,69,NotPlaced,62.5,76.0,73.0,1
7.8,2,3,0,89,4.5,Yes,Yes,77,82,Placed,79.5,90.0,89.5,5
7.5,1,2,1,82,4.7,No,Yes,55,72,NotPlaced,63.5,94.0,88.0,4
8.4,2,3,2,89,4.4,Yes,Yes,78,84,NotPlaced,81.0,88.00000000000001,88.5,7
7.8,0,3,0,78,4.4,No,No,74,79,Placed,76.5,88.00000000000001,83.0,3
7.7,2,3,2,87,4.8,Yes,Yes,77,86,Placed,81.5,96.0,91.5,7
6.5,0,1,0,81,4.2,No,No,55,69,NotPlaced,62.0,84.00000000000001,82.5,1
8.3,0,3,0,84,4.4,Yes,No,72,83,Placed,77.5,88.00000000000001,86.0,3
7.7,1,1,1,79,4.0,Yes,Yes,84,65,NotPlaced,74.5,80.0,79.5,3
6.5,1,2,0,69,4.0,No,No,58,72,NotPlaced,65.0,80.0,74.5,3
8.5,2,3,2,90,4.8,Yes,Yes,68,87,Placed,77.5,96.0,93.0,7
8.3,2,3,2,90,4.8,Yes,No,85,83,Placed,84.0,96.0,93.0,7
7.6,1,1,0,65,3.1,No,No,58,69,NotPlaced,63.5,62.0,63.5,2
8.7,1,3,2,90,4.8,Yes,Yes,80,83,Placed,81.5,96.0,93.0,6
7.3,1,1,0,66,4.3,No,Yes,55,68,NotPlaced,61.5,86.0,76.0,2
6.5,0,1,0,79,4.3,No,No,66,62,NotPlaced,64.0,86.0,82.5,1
8.7,2,3,3,90,4.6,Yes,Yes,77,87,Placed,82.0,92.0,91.0,8
6.7,1,2,2,83,4.8,Yes,No,65,80,Placed,72.5,96.0,89.5,5
8.1,1,2,2,83,4.4,Yes,Yes,85,66,Placed,75.5,88.00000000000001,85.5,5
7.2,1,1,3,75,3.5,No,No,67,66,NotPlaced,66.5,70.0,72.5,5
7.6,1,1,0,70,3.8,No,Yes,55,63,NotPlaced,59.0,76.0,73.0,2
6.5,1,3,0,76,4.4,Yes,No,55,67,NotPlaced,61.0,88.00000000000001,82.0,4
8.0,0,1,1,81,4.0,No,No,55,73,NotPlaced,64.0,80.0,80.5,2
7.9,1,1,1,63,4.2,No,No,60,62,NotPlaced,61.0,84.00000000000001,73.5,3
7.6,1,2,0,75,3.5,No,Yes,61,76,NotPlaced,68.5,70.0,72.5,3
7.7,0,1,0,81,4.3,Yes,Yes,76,71,NotPlaced,73.5,86.0,83.5,1
7.5,1,3,0,86,4.5,Yes,Yes,90,67,Placed,78.5,90.0,88.0,4
7.2,1,1,0,70,3.7,No,No,55,58,NotPlaced,56.5,74.0,72.0,2
8.4,2,3,2,90,4.8,Yes,Yes,76,85,Placed,80.5,96.0,93.0,7
8.6,1,3,1,88,4.8,Yes,Yes,80,81,Placed,80.5,96.0,92.0,5
7.8,1,1,2,65,4.1,No,No,55,66,NotPlaced,60.5,82.0,73.5,4
7.7,1,1,1,69,4.0,Yes,Yes,79,85,NotPlaced,82.0,80.0,74.5,3
7.8,2,3,2,90,4.8,Yes,Yes,84,87,Placed,85.5,96.0,93.0,7
8.2,1,2,2,77,4.4,Yes,Yes,75,81,Placed,78.0,88.00000000000001,82.5,5
6.7,1,1,1,83,4.3,No,No,55,63,NotPlaced,59.0,86.0,84.5,3
8.6,2,3,2,90,4.8,Yes,Yes,81,79,Placed,80.0,96.0,93.0,7
7.8,2,3,2,90,4.5,Yes,Yes,74,85,Placed,79.5,90.0,90.0,7
6.8,1,1,1,60,3.9,No,No,62,63,NotPlaced,62.5,78.0,69.0,3
8.0,2,3,2,89,4.8,Yes,Yes,76,87,Placed,81.5,96.0,92.5,7
8.4,0,3,0,84,4.2,Yes,Yes,75,82,Placed,78.5,84.00000000000001,84.0,3
7.6,1,2,0,71,4.5,No,Yes,55,64,Placed,59.5,90.0,80.5,3
8.2,2,3,2,90,4.8,Yes,Yes,70,84,Placed,77.0,96.0,93.0,7
8.1,2,3,1,81,4.8,Yes,Yes,74,83,NotPlaced,78.5,96.0,88.5,6
7.4,0,1,1,76,4.3,No,Yes,55,62,NotPlaced,58.5,86.0,81.0,2
8.4,1,1,0,90,4.7,Yes,Yes,83,85,Placed,84.0,94.0,92.0,2
8.2,1,3,0,80,4.7,Yes,Yes,75,82,Placed,78.5,94.0,87.0,4
8.4,1,1,0,74,4.3,Yes,Yes,72,88,NotPlaced,80.0,86.0,80.0,2
8.2,1,1,0,79,4.5,Yes,Yes,81,63,Placed,72.0,90.0,84.5,2
8.6,2,3,0,71,4.2,Yes,Yes,79,86,Placed,82.5,84.00000000000001,77.5,5
8.6,1,3,0,89,4.7,Yes,Yes,72,85,Placed,78.5,94.0,91.5,4
6.5,0,1,0,61,3.7,No,No,55,75,NotPlaced,65.0,74.0,67.5,1
6.6,1,1,0,64,3.2,Yes,Yes,55,62,NotPlaced,58.5,64.0,64.0,2
6.8,0,2,1,71,4.0,No,No,58,70,NotPlaced,64.0,80.0,75.5,3
8.4,1,1,2,83,4.5,Yes,Yes,68,83,NotPlaced,75.5,90.0,86.5,4
7.6,0,1,2,71,3.9,No,Yes,61,67,NotPlaced,64.0,78.0,74.5,3
7.7,1,1,1,66,4.1,No,Yes,58,61,NotPlaced,59.5,82.0,74.0,3
7.5,1,1,0,70,4.8,No,No,61,72,NotPlaced,66.5,96.0,83.0,2
8.2,0,3,2,81,4.3,Yes,No,88,84,NotPlaced,86.0,86.0,83.5,5
8.5,1,3,2,82,4.8,Yes,Yes,76,82,Placed,79.0,96.0,89.0,6
7.8,1,1,0,74,4.5,No,No,55,62,NotPlaced,58.5,90.0,82.0,2
7.5,2,2,1,90,4.2,Yes,Yes,82,74,NotPlaced,78.0,84.00000000000001,87.0,5
7.2,0,2,1,86,4.2,Yes,Yes,55,70,NotPlaced,62.5,84.00000000000001,85.0,3
8.4,2,1,2,78,4.1,Yes,Yes,55,64,NotPlaced,59.5,82.0,80.0,5
8.7,2,2,2,73,4.1,No,Yes,58,66,NotPlaced,62.0,82.0,77.5,6
6.6,1,1,1,80,4.4,No,Yes,77,68,NotPlaced,72.5,88.00000000000001,84.0,3
8.0,2,3,0,82,4.8,No,Yes,80,84,Placed,82.0,96.0,89.0,5
7.7,1,2,0,82,4.1,No,Yes,74,74,NotPlaced,74.0,82.0,82.0,3
6.9,1,2,0,79,4.2,Yes,Yes,77,63,NotPlaced,70.0,84.00000000000001,81.5,3
6.8,1,2,0,82,4.0,No,Yes,76,87,NotPlaced,81.5,80.0,81.0,3
6.5,2,3,2,86,4.4,Yes,Yes,76,81,NotPlaced,78.5,88.00000000000001,87.0,7
8.3,1,1,0,78,3.7,No,Yes,55,66,NotPlaced,60.5,74.0,76.0,2
7.2,0,1,0,66,3.3,No,No,55,67,NotPlaced,61.0,65.99999999999999,66.0,1
6.6,1,2,0,68,3.6,No,No,60,57,NotPlaced,58.5,72.0,70.0,3
8.5,1,3,0,86,4.6,Yes,No,90,64,Placed,77.0,92.0,89.0,4
7.5,1,1,1,79,4.4,Yes,Yes,55,67,NotPlaced,61.0,88.00000000000001,83.5,3
8.2,2,1,2,90,4.8,Yes,No,73,70,NotPlaced,71.5,96.0,93.0,5
8.1,2,3,0,86,3.5,Yes,Yes,75,83,Placed,79.0,70.0,78.0,5
7.8,2,3,2,90,4.8,Yes,Yes,90,79,Placed,84.5,96.0,93.0,7
8.3,2,3,2,90,4.8,Yes,Yes,81,86,Placed,83.5,96.0,93.0,7
8.4,2,3,0,90,4.5,Yes,Yes,87,83,Placed,85.0,90.0,90.0,5
7.1,2,1,1,77,4.4,No,Yes,75,82,Placed,78.5,88.00000000000001,82.5,4
7.6,1,3,0,70,4.8,No,Yes,59,73,NotPlaced,66.0,96.0,83.0,4
8.5,2,3,2,90,4.7,Yes,Yes,85,82,Placed,83.5,94.0,92.0,7
7.7,1,1,1,67,4.4,No,No,56,64,NotPlaced,60.0,88.00000000000001,77.5,3
8.6,2,3,2,90,4.8,Yes,Yes,71,80,Placed,75.5,96.0,93.0,7
8.1,1,3,0,77,4.3,No,Yes,71,69,NotPlaced,70.0,86.0,81.5,4
8.5,2,3,2,90,4.8,Yes,Yes,79,83,Placed,81.0,96.0,93.0,7
8.5,2,3,0,88,4.7,Yes,Yes,74,86,Placed,80.0,94.0,91.0,5
8.3,0,1,2,75,4.2,No,Yes,73,69,NotPlaced,71.0,84.00000000000001,79.5,3
8.3,2,3,2,90,4.5,Yes,Yes,63,82,NotPlaced,72.5,90.0,90.0,7
7.4,1,1,1,81,3.5,No,Yes,55,64,NotPlaced,59.5,70.0,75.5,3
7.4,0,1,0,70,3.2,No,Yes,55,57,NotPlaced,56.0,64.0,67.0,1
8.0,2,3,0,85,4.7,Yes,No,70,88,Placed,79.0,94.0,89.5,5
6.5,0,1,0,72,3.7,Yes,Yes,63,66,NotPlaced,64.5,74.0,73.0,1
7.7,1,2,0,77,4.3,No,Yes,55,68,NotPlaced,61.5,86.0,81.5,3
7.5,1,2,1,73,4.2,Yes,Yes,76,71,NotPlaced,73.5,84.00000000000001,78.5,4
7.4,1,2,1,82,4.0,No,No,58,62,NotPlaced,60.0,80.0,81.0,4
7.2,2,1,3,84,3.9,No,Yes,72,68,NotPlaced,70.0,78.0,81.0,6
7.5,0,1,0,75,4.1,Yes,Yes,72,65,Placed,68.5,82.0,78.5,1
8.4,1,1,3,89,4.4,Yes,Yes,72,71,Placed,71.5,88.00000000000001,88.5,5
6.7,1,1,1,60,3.3,No,Yes,62,69,Placed,65.5,65.99999999999999,62.99999999999999,3
8.1,1,2,1,90,4.7,Yes,Yes,71,72,NotPlaced,71.5,94.0,92.0,4
6.5,1,1,0,83,3.9,No,Yes,70,69,NotPlaced,69.5,78.0,80.5,2
7.7,0,1,0,77,4.1,No,Yes,77,71,Placed,74.0,82.0,79.5,1
8.6,1,3,0,88,4.8,Yes,Yes,80,82,Placed,81.0,96.0,92.0,4
7.8,1,1,0,82,4.6,Yes,Yes,55,77,Placed,66.0,92.0,87.0,2
7.3,2,3,2,90,4.0,Yes,No,85,87,Placed,86.0,80.0,85.0,7
6.9,0,3,0,85,4.8,No,No,58,58,NotPlaced,58.0,96.0,90.5,3
7.9,1,3,1,80,4.3,Yes,Yes,74,88,NotPlaced,81.0,86.0,83.0,5
7.8,0,2,2,85,4.7,Yes,Yes,85,87,Placed,86.0,94.0,89.5,4
7.8,0,1,2,76,4.3,Yes,No,55,69,NotPlaced,62.0,86.0,81.0,3
8.5,0,3,0,81,4.1,No,No,73,75,NotPlaced,74.0,82.0,81.5,3
6.9,2,1,2,90,4.8,Yes,Yes,82,85,Placed,83.5,96.0,93.0,5
6.8,0,1,2,77,3.6,No,Yes,57,64,NotPlaced,60.5,72.0,74.5,3
7.8,1,3,0,74,4.2,Yes,No,62,84,NotPlaced,73.0,84.00000000000001,79.0,4
7.9,1,2,1,82,4.5,No,Yes,67,66,NotPlaced,66.5,90.0,86.0,4
8.2,1,1,2,79,4.2,No,No,78,70,NotPlaced,74.0,84.00000000000001,81.5,4
7.9,1,1,0,78,3.9,Yes,Yes,82,62,NotPlaced,72.0,78.0,78.0,2
7.3,2,2,0,66,4.1,Yes,Yes,60,70,NotPlaced,65.0,82.0,74.0,4
6.5,1,1,0,85,3.6,No,No,55,72,NotPlaced,63.5,72.0,78.5,2
8.3,2,3,0,90,4.6,Yes,Yes,75,71,NotPlaced,73.0,92.0,91.0,5
8.2,2,2,2,87,4.4,Yes,Yes,78,83,Placed,80.5,88.00000000000001,87.5,6
7.6,1,2,0,82,4.3,No,Yes,64,71,NotPlaced,67.5,86.0,84.0,3
7.8,1,2,1,81,4.6,Yes,Yes,82,84,NotPlaced,83.0,92.0,86.5,4
6.9,2,3,1,77,4.3,Yes,Yes,55,81,Placed,68.0,86.0,81.5,6
8.0,2,1,2,89,4.8,Yes,No,85,88,NotPlaced,86.5,96.0,92.5,5
6.7,0,3,2,90,4.8,Yes,Yes,76,88,Placed,82.0,96.0,93.0,5
8.3,0,3,0,87,4.6,Yes,Yes,76,81,Placed,78.5,92.0,89.5,3
7.6,1,1,1,79,4.3,No,Yes,55,58,NotPlaced,56.5,86.0,82.5,3
7.3,0,1,1,69,4.6,No,No,58,65,NotPlaced,61.5,92.0,80.5,2
7.2,1,2,1,75,4.6,Yes,Yes,79,74,NotPlaced,76.5,92.0,83.5,4
7.5,1,1,1,78,3.9,No,No,55,64,NotPlaced,59.5,78.0,78.0,3
6.6,1,2,0,83,4.2,No,Yes,82,71,NotPlaced,76.5,84.00000000000001,83.5,3
6.5,1,3,1,73,4.2,No,Yes,59,67,NotPlaced,63.0,84.00000000000001,78.5,5
6.5,2,1,2,68,4.2,No,No,74,63,NotPlaced,68.5,84.00000000000001,76.0,5
6.7,1,2,0,73,4.0,No,Yes,58,68,Placed,63.0,80.0,76.5,3
7.9,1,3,0,75,4.1,Yes,No,75,74,NotPlaced,74.5,82.0,78.5,4
8.3,2,3,2,90,4.4,Yes,Yes,85,85,Placed,85.0,88.00000000000001,89.0,7
8.2,1,3,2,90,4.8,Yes,Yes,88,85,Placed,86.5,96.0,93.0,6
6.5,1,2,1,78,3.8,No,No,55,62,NotPlaced,58.5,76.0,77.0,4
7.6,1,1,1,70,4.7,No,Yes,55,69,NotPlaced,62.0,94.0,82.0,3
8.5,2,3,1,68,4.0,Yes,Yes,73,70,NotPlaced,71.5,80.0,74.0,6
7.9,2,3,2,82,4.6,Yes,No,72,87,NotPlaced,79.5,92.0,87.0,7
7.6,2,1,2,77,4.2,No,No,75,66,NotPlaced,70.5,84.00000000000001,80.5,5
7.4,1,1,1,71,4.4,Yes,Yes,68,66,NotPlaced,67.0,88.00000000000001,79.5,3
8.2,1,2,3,68,4.4,Yes,Yes,75,82,Placed,78.5,88.00000000000001,78.0,6
6.6,1,2,2,83,4.6,Yes,Yes,82,70,NotPlaced,76.0,92.0,87.5,5
8.4,2,3,2,85,4.7,Yes,Yes,75,88,NotPlaced,81.5,94.0,89.5,7
8.3,0,3,2,81,4.6,Yes,Yes,80,75,Placed,77.5,92.0,86.5,5
7.5,1,1,0,71,4.1,Yes,Yes,55,70,NotPlaced,62.5,82.0,76.5,2
7.4,1,2,0,84,4.5,Yes,Yes,61,66,NotPlaced,63.5,90.0,87.0,3
8.1,2,3,1,90,4.4,Yes,Yes,79,83,Placed,81.0,88.00000000000001,89.0,6
7.9,1,3,0,78,4.4,No,No,61,66,NotPlaced,63.5,88.00000000000001,83.0,4
6.6,1,3,0,83,4.8,Yes,Yes,76,84,Placed,80.0,96.0,89.5,4
7.9,2,3,0,81,4.6,Yes,Yes,82,79,NotPlaced,80.5,92.0,86.5,5
8.5,2,3,1,70,3.9,Yes,Yes,60,71,NotPlaced,65.5,78.0,74.0,6
8.2,1,1,3,83,4.0,Yes,Yes,74,83,Placed,78.5,80.0,81.5,5
7.0,1,1,0,65,4.6,Yes,Yes,58,58,NotPlaced,58.0,92.0,78.5,2
7.1,2,3,0,80,4.3,Yes,Yes,82,84,Placed,83.0,86.0,83.0,5
7.6,2,1,1,74,3.7,Yes,Yes,63,70,NotPlaced,66.5,74.0,74.0,4
8.4,2,3,2,90,4.7,Yes,Yes,73,88,Placed,80.5,94.0,92.0,7
8.2,1,1,1,74,3.7,No,Yes,60,61,Placed,60.5,74.0,74.0,3
8.2,1,3,2,90,4.8,Yes,No,79,85,Placed,82.0,96.0,93.0,6
8.3,2,3,1,83,4.1,Yes,Yes,81,66,NotPlaced,73.5,82.0,82.5,6
7.4,1,1,1,70,3.8,No,No,56,71,NotPlaced,63.5,76.0,73.0,3
7.8,1,2,0,83,4.8,Yes,Yes,77,68,Placed,72.5,96.0,89.5,3
8.4,1,1,1,67,3.5,No,Yes,55,64,NotPlaced,59.5,70.0,68.5,3
6.5,1,2,1,69,3.7,No,No,66,66,NotPlaced,66.0,74.0,71.5,4
8.4,2,3,2,90,4.8,Yes,Yes,77,85,Placed,81.0,96.0,93.0,7
8.4,2,1,2,90,4.8,Yes,Yes,79,83,Placed,81.0,96.0,93.0,5
8.4,1,1,0,80,4.6,Yes,Yes,77,82,NotPlaced,79.5,92.0,86.0,2
7.8,0,1,1,79,4.7,Yes,Yes,82,75,Placed,78.5,94.0,86.5,2
7.3,1,2,0,82,4.6,Yes,Yes,71,70,NotPlaced,70.5,92.0,87.0,3
6.6,1,1,0,78,3.7,No,Yes,73,68,NotPlaced,70.5,74.0,76.0,2
8.5,1,3,2,88,4.7,Yes,Yes,74,88,Placed,81.0,94.0,91.0,6
8.2,1,2,2,89,4.8,Yes,Yes,83,85,Placed,84.0,96.0,92.5,5
8.4,2,3,2,90,4.8,Yes,Yes,78,76,Placed,77.0,96.0,93.0,7
8.2,2,3,2,85,4.8,Yes,No,82,78,NotPlaced,80.0,96.0,90.5,7
7.7,1,3,2,90,4.5,Yes,Yes,81,86,Placed,83.5,90.0,90.0,6
7.5,1,3,1,78,4.0,No,No,75,66,NotPlaced,70.5,80.0,79.0,5
8.8,2,3,2,90,4.8,Yes,Yes,80,83,Placed,81.5,96.0,93.0,7
8.4,2,1,2,85,4.1,Yes,Yes,81,66,Placed,73.5,82.0,83.5,5
6.5,1,1,0,83,3.6,No,Yes,55,70,NotPlaced,62.5,72.0,77.5,2
7.3,1,1,0,79,4.0,No,Yes,67,81,NotPlaced,74.0,80.0,79.5,2
7.5,1,2,0,86,4.8,Yes,Yes,55,71,NotPlaced,63.0,96.0,91.0,3
7.9,1,3,0,69,4.0,Yes,Yes,62,70,Placed,66.0,80.0,74.5,4
7.5,1,3,0,79,4.4,Yes,No,65,64,Placed,64.5,88.00000000000001,83.5,4
7.9,2,3,0,81,3.6,Yes,No,89,86,Placed,87.5,72.0,76.5,5
7.9,0,1,0,79,4.5,No,No,62,69,Placed,65.5,90.0,84.5,1
7.8,0,1,2,76,4.3,Yes,Yes,60,73,NotPlaced,66.5,86.0,81.0,3
8.4,0,3,2,90,4.8,Yes,No,80,82,Placed,81.0,96.0,93.0,5
8.7,2,3,0,84,4.1,Yes,No,79,83,NotPlaced,81.0,82.0,83.0,5
8.1,0,3,0,86,4.3,Yes,No,67,57,NotPlaced,62.0,86.0,86.0,3
7.8,1,2,0,70,4.3,No,Yes,63,63,NotPlaced,63.0,86.0,78.0,3
7.4,0,1,2,79,4.4,Yes,No,55,68,Placed,61.5,88.00000000000001,83.5,3
8.6,1,3,0,85,4.2,Yes,Yes,68,83,Placed,75.5,84.00000000000001,84.5,4
7.3,1,2,1,83,3.9,Yes,Yes,74,66,Placed,70.0,78.0,80.5,4
7.4,1,3,1,81,4.7,No,Yes,69,74,NotPlaced,71.5,94.0,87.5,5
8.2,1,2,1,70,4.4,Yes,Yes,69,82,Placed,75.5,88.00000000000001,79.0,4
7.2,0,2,1,71,3.6,No,No,55,68,NotPlaced,61.5,72.0,71.5,3
8.6,2,3,2,84,4.8,Yes,Yes,72,86,Placed,79.0,96.0,90.0,7
8.0,2,3,2,90,4.8,Yes,Yes,89,88,Placed,88.5,96.0,93.0,7
8.7,2,3,2,90,4.4,Yes,Yes,69,85,Placed,77.0,88.00000000000001,89.0,7
7.3,1,1,0,67,4.3,No,Yes,55,63,NotPlaced,59.0,86.0,76.5,2
7.3,1,3,1,78,4.5,Yes,Yes,79,78,NotPlaced,78.5,90.0,84.0,5
8.0,1,3,0,90,3.7,No,Yes,57,66,Placed,61.5,74.0,82.0,4
8.2,0,1,0,81,4.4,Yes,No,63,77,Placed,70.0,88.00000000000001,84.5,1
7.3,1,1,0,76,4.3,No,No,55,66,NotPlaced,60.5,86.0,81.0,2
8.6,2,3,2,90,4.8,Yes,Yes,75,88,Placed,81.5,96.0,93.0,7
8.7,2,1,3,82,4.5,Yes,Yes,76,73,Placed,74.5,90.0,86.0,6
8.0,1,1,0,68,4.0,Yes,Yes,65,71,NotPlaced,68.0,80.0,74.0,2
8.2,1,1,1,79,4.8,Yes,Yes,55,67,NotPlaced,61.0,96.0,87.5,3
8.2,2,3,2,85,4.4,Yes,Yes,72,80,Placed,76.0,88.00000000000001,86.5,7
7.1,1,1,1,69,3.4,No,Yes,55,65,NotPlaced,60.0,68.0,68.5,3
7.6,0,3,0,71,3.9,Yes,Yes,57,75,NotPlaced,66.0,78.0,74.5,3
7.6,0,2,0,60,3.9,No,No,55,64,NotPlaced,59.5,78.0,69.0,2
8.2,0,3,0,84,4.7,Yes,No,62,65,Placed,63.5,94.0,89.0,3
7.6,1,2,1,84,4.4,No,Yes,68,70,NotPlaced,69.0,88.00000000000001,86.0,4
8.4,2,3,0,89,4.1,Yes,Yes,88,71,Placed,79.5,82.0,85.5,5
7.5,1,1,0,60,3.7,No,Yes,55,60,NotPlaced,57.5,74.0,67.0,2
7.5,1,2,1,73,4.8,Yes,No,60,77,NotPlaced,68.5,96.0,84.5,4
7.7,1,1,0,60,3.7,No,Yes,66,63,NotPlaced,64.5,74.0,67.0,2
6.7,0,1,1,79,3.6,Yes,No,74,70,NotPlaced,72.0,72.0,75.5,2
8.1,1,3,2,90,4.6,Yes,Yes,70,76,Placed,73.0,92.0,91.0,6
7.6,0,1,0,72,4.0,No,No,56,68,NotPlaced,62.0,80.0,76.0,1
8.7,1,1,2,80,3.6,No,Yes,58,73,Placed,65.5,72.0,76.0,4
8.7,1,1,1,70,4.1,No,No,68,60,NotPlaced,64.0,82.0,76.0,3
7.5,1,2,0,68,4.2,Yes,Yes,57,75,NotPlaced,66.0,84.00000000000001,76.0,3
7.2,1,2,0,73,4.2,No,Yes,61,63,NotPlaced,62.0,84.00000000000001,78.5,3
8.0,1,3,2,80,4.8,Yes,Yes,73,87,Placed,80.0,96.0,88.0,6
8.2,1,2,0,79,4.8,Yes,Yes,78,69,NotPlaced,73.5,96.0,87.5,3
6.7,0,1,1,84,4.3,No,Yes,56,82,NotPlaced,69.0,86.0,85.0,2
7.6,0,2,0,68,4.6,No,No,59,65,NotPlaced,62.0,92.0,80.0,2
7.9,1,3,2,82,4.7,Yes,Yes,83,82,Placed,82.5,94.0,88.0,6
7.6,0,3,0,86,3.7,Yes,Yes,85,80,Placed,82.5,74.0,80.0,3
7.8,1,3,0,90,4.0,Yes,Yes,84,79,Placed,81.5,80.0,85.0,4
8.2,0,1,1,89,4.7,Yes,Yes,81,74,NotPlaced,77.5,94.0,91.5,2
7.4,0,1,0,66,3.7,No,No,55,70,NotPlaced,62.5,74.0,70.0,1
7.4,2,3,0,78,4.8,Yes,Yes,78,71,Placed,74.5,96.0,87.0,5
8.7,0,3,0,85,4.5,Yes,Yes,77,65,Placed,71.0,90.0,87.5,3
7.6,1,3,2,84,4.0,Yes,Yes,77,82,Placed,79.5,80.0,82.0,6
8.3,1,3,2,90,4.8,Yes,Yes,71,84,Placed,77.5,96.0,93.0,6
7.2,1,2,1,79,3.2,No,No,57,72,NotPlaced,64.5,64.0,71.5,4
7.7,1,3,2,78,3.9,Yes,Yes,59,65,NotPlaced,62.0,78.0,78.0,6
7.9,0,1,1,77,4.2,No,No,55,63,NotPlaced,59.0,84.00000000000001,80.5,2
8.0,1,3,2,85,4.6,Yes,Yes,71,86,Placed,78.5,92.0,88.5,6
7.0,1,1,1,75,4.2,Yes,Yes,61,64,NotPlaced,62.5,84.00000000000001,79.5,3
8.5,1,1,0,85,4.4,Yes,Yes,71,86,Placed,78.5,88.00000000000001,86.5,2
7.6,1,1,0,74,3.3,No,No,56,69,NotPlaced,62.5,65.99999999999999,70.0,2
7.0,1,1,0,62,4.2,Yes,Yes,69,77,NotPlaced,73.0,84.00000000000001,73.0,2
6.6,0,1,2,68,4.1,No,No,60,65,NotPlaced,62.5,82.0,75.0,3
7.5,1,1,0,72,3.7,No,Yes,56,68,NotPlaced,62.0,74.0,73.0,2
7.4,1,1,0,84,4.1,No,No,55,70,NotPlaced,62.5,82.0,83.0,2
7.5,1,3,2,83,4.3,Yes,Yes,75,81,NotPlaced,78.0,86.0,84.5,6
7.5,1,3,2,78,4.6,Yes,Yes,72,86,Placed,79.0,92.0,85.0,6
8.4,1,3,2,90,4.8,Yes,Yes,85,68,Placed,76.5,96.0,93.0,6
8.2,2,3,2,90,4.8,Yes,Yes,77,83,Placed,80.0,96.0,93.0,7
7.5,2,3,2,90,4.8,Yes,Yes,84,88,Placed,86.0,96.0,93.0,7
8.4,2,3,2,84,4.7,Yes,Yes,77,85,Placed,81.0,94.0,89.0,7
8.1,1,2,0,79,4.5,Yes,Yes,65,76,NotPlaced,70.5,90.0,84.5,3
7.6,0,1,2,83,4.7,No,Yes,77,69,Placed,73.0,94.0,88.5,3
8.2,1,3,2,90,4.7,Yes,Yes,69,84,Placed,76.5,94.0,92.0,6
6.5,1,1,0,68,4.3,Yes,Yes,56,69,NotPlaced,62.5,86.0,77.0,2
8.4,2,3,2,90,4.7,Yes,Yes,88,80,Placed,84.0,94.0,92.0,7
7.6,2,3,1,80,4.3,Yes,Yes,57,70,NotPlaced,63.5,86.0,83.0,6
8.3,1,2,0,89,4.5,Yes,Yes,75,72,NotPlaced,73.5,90.0,89.5,3
8.1,1,3,2,82,4.2,Yes,Yes,72,67,NotPlaced,69.5,84.00000000000001,83.0,6
7.7,1,3,3,87,3.9,Yes,Yes,80,65,NotPlaced,72.5,78.0,82.5,7
8.2,2,3,2,90,4.8,Yes,Yes,70,85,Placed,77.5,96.0,93.0,7
8.4,2,3,2,90,4.8,Yes,Yes,71,85,Placed,78.0,96.0,93.0,7
7.5,1,1,0,82,3.6,No,Yes,66,65,NotPlaced,65.5,72.0,77.0,2
7.7,0,0,1,78,3.7,Yes,Yes,55,62,NotPlaced,58.5,74.0,76.0,1
7.7,2,2,0,80,4.0,No,No,55,65,NotPlaced,60.0,80.0,80.0,4
8.2,1,3,2,90,4.4,Yes,No,74,80,NotPlaced,77.0,88.00000000000001,89.0,6
7.3,1,3,0,82,4.4,Yes,No,77,80,NotPlaced,78.5,88.00000000000001,85.0,4
6.9,0,2,1,78,4.1,No,Yes,55,64,NotPlaced,59.5,82.0,80.0,3
8.2,2,3,2,90,4.8,Yes,Yes,76,78,Placed,77.0,96.0,93.0,7
7.3,2,1,1,79,4.8,Yes,No,58,66,NotPlaced,62.0,96.0,87.5,4
7.6,1,2,1,87,4.2,No,Yes,75,68,NotPlaced,71.5,84.00000000000001,85.5,4
8.8,1,3,2,90,4.8,Yes,Yes,85,83,Placed,84.0,96.0,93.0,6
7.5,0,1,1,80,4.1,No,Yes,64,65,NotPlaced,64.5,82.0,81.0,2
8.3,0,3,2,90,4.3,Yes,Yes,77,85,Placed,81.0,86.0,88.0,5
7.7,1,2,0,73,3.7,No,No,55,70,NotPlaced,62.5,74.0,73.5,3
7.7,1,2,1,83,4.5,No,No,65,70,Placed,67.5,90.0,86.5,4
7.4,1,1,0,72,4.0,No,Yes,63,69,NotPlaced,66.0,80.0,76.0,2
8.2,1,3,0,75,4.4,Yes,Yes,56,82,NotPlaced,69.0,88.00000000000001,81.5,4
7.7,1,1,0,81,4.0,Yes,Yes,75,65,Placed,70.0,80.0,80.5,2
7.7,1,1,2,76,4.4,No,No,66,68,NotPlaced,67.0,88.00000000000001,82.0,4
7.2,1,1,0,83,4.1,No,Yes,77,75,NotPlaced,76.0,82.0,82.5,2
6.6,1,1,0,83,3.7,Yes,Yes,74,76,Placed,75.0,74.0,78.5,2
8.5,1,3,2,90,4.7,Yes,Yes,80,80,Placed,80.0,94.0,92.0,6
8.2,1,1,0,66,3.9,No,No,57,66,NotPlaced,61.5,78.0,72.0,2
7.9,0,2,1,70,3.9,No,No,59,68,NotPlaced,63.5,78.0,74.0,3
7.5,0,2,0,81,4.1,Yes,Yes,74,66,NotPlaced,70.0,82.0,81.5,2
6.9,1,2,1,74,4.0,Yes,Yes,59,59,NotPlaced,59.0,80.0,77.0,4
8.3,0,2,0,67,4.4,Yes,Yes,81,77,NotPlaced,79.0,88.00000000000001,77.5,2
8.1,2,3,2,90,4.8,Yes,Yes,88,87,Placed,87.5,96.0,93.0,7
7.6,0,1,1,62,4.1,No,No,55,64,NotPlaced,59.5,82.0,72.0,2
8.9,1,3,2,86,4.8,Yes,Yes,78,77,Placed,77.5,96.0,91.0,6
7.5,2,2,1,81,4.4,No,No,55,62,NotPlaced,58.5,88.00000000000001,84.5,5
7.5,1,1,1,73,4.1,Yes,No,59,79,NotPlaced,69.0,82.0,77.5,3
7.6,1,1,0,74,4.4,Yes,Yes,55,68,Placed,61.5,88.00000000000001,81.0,2
6.5,1,1,0,71,3.6,No,No,63,61,NotPlaced,62.0,72.0,71.5,2
7.6,2,2,1,71,4.0,Yes,Yes,61,66,NotPlaced,63.5,80.0,75.5,5
8.1,2,3,1,88,4.2,Yes,Yes,74,84,Placed,79.0,84.00000000000001,86.0,6
7.1,1,1,0,69,3.5,No,No,60,65,NotPlaced,62.5,70.0,69.5,2
8.3,1,3,1,84,4.6,Yes,Yes,65,63,Placed,64.0,92.0,88.0,5
6.5,0,2,0,78,4.3,Yes,Yes,73,71,Placed,72.0,86.0,82.0,2
7.6,0,1,2,77,4.0,Yes,Yes,55,82,NotPlaced,68.5,80.0,78.5,3
8.4,2,3,2,90,4.8,Yes,Yes,74,88,Placed,81.0,96.0,93.0,7
6.5,0,1,1,80,3.6,No,Yes,68,65,NotPlaced,66.5,72.0,76.0,2
7.4,1,1,0,76,3.4,No,No,63,62,NotPlaced,62.5,68.0,72.0,2
8.5,2,2,2,89,4.8,Yes,Yes,68,83,Placed,75.5,96.0,92.5,6
8.4,1,2,2,81,4.2,Yes,Yes,55,66,Placed,60.5,84.00000000000001,82.5,5
7.6,1,2,1,67,4.5,Yes,No,61,66,NotPlaced,63.5,90.0,78.5,4
6.5,1,2,1,82,4.1,No,Yes,69,84,NotPlaced,76.5,82.0,82.0,4
8.5,2,3,2,84,4.8,Yes,Yes,86,88,Placed,87.0,96.0,90.0,7
6.5,1,2,1,82,4.0,No,Yes,74,74,NotPlaced,74.0,80.0,81.0,4
7.4,1,1,1,76,4.6,No,Yes,60,57,NotPlaced,58.5,92.0,84.0,3
6.5,1,1,0,76,4.4,No,No,65,67,NotPlaced,66.0,88.00000000000001,82.0,2
7.7,0,1,0,77,4.6,No,No,79,61,NotPlaced,70.0,92.0,84.5,1
7.5,0,2,1,70,4.4,No,Yes,55,69,NotPlaced,62.0,88.00000000000001,79.0,3
7.4,0,1,0,74,4.2,No,No,59,76,NotPlaced,67.5,84.00000000000001,79.0,1
7.0,1,1,1,76,4.6,No,Yes,57,63,NotPlaced,60.0,92.0,84.0,3
7.8,1,1,2,90,4.0,Yes,Yes,71,83,NotPlaced,77.0,80.0,85.0,4
7.8,0,2,0,86,3.5,No,Yes,72,85,NotPlaced,78.5,70.0,78.0,2
7.5,1,2,0,72,4.2,Yes,No,63,69,NotPlaced,66.0,84.00000000000001,78.0,3
6.7,1,1,0,71,3.9,No,No,65,62,NotPlaced,63.5,78.0,74.5,2
7.5,1,2,2,79,4.2,Yes,Yes,75,62,Placed,68.5,84.00000000000001,81.5,5
6.6,1,1,0,61,4.1,No,Yes,55,73,NotPlaced,64.0,82.0,71.5,2
7.1,1,1,2,78,4.6,Yes,Yes,72,82,Placed,77.0,92.0,85.0,4
7.2,2,3,0,76,4.3,Yes,Yes,74,82,NotPlaced,78.0,86.0,81.0,5
6.7,0,2,1,63,4.4,No,Yes,59,61,NotPlaced,60.0,88.00000000000001,75.5,3
8.5,1,1,0,85,4.5,Yes,Yes,73,88,NotPlaced,80.5,90.0,87.5,2
6.6,0,2,0,64,4.6,Yes,No,59,63,NotPlaced,61.0,92.0,78.0,2
7.5,1,3,3,90,4.6,Yes,Yes,86,79,Placed,82.5,92.0,91.0,7
6.7,1,1,1,74,3.9,No,Yes,56,83,NotPlaced,69.5,78.0,76.0,3
8.6,2,3,2,90,4.8,Yes,Yes,90,88,Placed,89.0,96.0,93.0,7
7.8,2,3,2,90,4.8,Yes,Yes,68,83,Placed,75.5,96.0,93.0,7
7.5,0,1,0,85,3.9,Yes,Yes,82,81,NotPlaced,81.5,78.0,81.5,1
6.7,1,1,0,66,4.4,No,Yes,63,67,NotPlaced,65.0,88.00000000000001,77.0,2
8.2,0,3,0,79,4.7,Yes,Yes,65,87,Placed,76.0,94.0,86.5,3
6.8,1,1,2,77,4.1,No,Yes,71,70,NotPlaced,70.5,82.0,79.5,4
8.3,0,2,2,76,4.1,Yes,Yes,76,85,Placed,80.5,82.0,79.0,4
7.8,2,3,2,87,4.8,Yes,No,82,78,Placed,80.0,96.0,91.5,7
7.5,0,2,0,76,4.2,Yes,Yes,55,73,NotPlaced,64.0,84.00000000000001,80.0,2
8.1,1,1,1,74,4.5,Yes,Yes,78,69,NotPlaced,73.5,90.0,82.0,3
8.0,2,3,1,69,3.9,No,Yes,56,69,NotPlaced,62.5,78.0,73.5,6
7.8,1,2,1,81,4.1,Yes,Yes,61,78,Placed,69.5,82.0,81.5,4
6.5,1,1,0,80,4.0,No,Yes,55,68,NotPlaced,61.5,80.0,80.0,2
7.7,1,1,0,75,4.1,No,Yes,86,69,Placed,77.5,82.0,78.5,2
8.2,1,3,2,90,4.6,Yes,Yes,74,85,Placed,79.5,92.0,91.0,6
8.5,1,2,1,85,4.1,Yes,Yes,73,86,Placed,79.5,82.0,83.5,4
7.4,1,1,0,85,3.5,No,No,68,73,NotPlaced,70.5,70.0,77.5,2
7.4,0,1,1,67,3.9,No,Yes,59,69,NotPlaced,64.0,78.0,72.5,2
8.2,1,3,1,79,4.4,No,Yes,77,81,NotPlaced,79.0,88.00000000000001,83.5,5
8.6,2,3,2,89,4.8,Yes,Yes,80,85,Placed,82.5,96.0,92.5,7
6.6,1,1,1,60,3.4,No,No,55,66,NotPlaced,60.5,68.0,64.0,3
8.2,2,3,2,90,4.8,Yes,Yes,82,84,Placed,83.0,96.0,93.0,7
8.5,2,3,2,86,4.8,Yes,Yes,83,81,Placed,82.0,96.0,91.0,7
7.5,0,2,2,80,4.8,No,Yes,55,70,Placed,62.5,96.0,88.0,4
6.5,0,1,0,67,3.9,Yes,Yes,76,66,NotPlaced,71.0,78.0,72.5,1
6.5,1,2,1,72,4.0,No,No,62,70,NotPlaced,66.0,80.0,76.0,4
8.4,1,2,0,90,4.7,Yes,Yes,55,81,NotPlaced,68.0,94.0,92.0,3
7.9,1,2,0,60,4.0,No,No,55,59,NotPlaced,57.0,80.0,70.0,3
8.5,2,3,2,90,4.8,Yes,Yes,78,87,Placed,82.5,96.0,93.0,7
8.3,2,3,2,82,4.4,Yes,No,80,80,Placed,80.0,88.00000000000001,85.0,7
6.9,1,1,2,67,3.8,Yes,Yes,59,71,NotPlaced,65.0,76.0,71.5,4
8.9,2,3,2,90,4.8,Yes,Yes,71,87,Placed,79.0,96.0,93.0,7
6.5,1,1,0,60,3.9,No,Yes,61,67,NotPlaced,64.0,78.0,69.0,2
8.9,1,3,2,90,4.8,Yes,Yes,68,85,Placed,76.5,96.0,93.0,6
7.6,0,1,0,85,4.1,No,No,61,68,NotPlaced,64.5,82.0,83.5,1
6.8,1,2,2,84,4.1,Yes,Yes,55,67,Placed,61.0,82.0,83.0,5
6.5,1,1,1,68,3.7,No,No,55,64,NotPlaced,59.5,74.0,71.0,3
8.2,2,3,3,88,4.5,No,Yes,74,85,NotPlaced,79.5,90.0,89.0,8
6.5,1,2,1,65,4.7,No,No,55,59,NotPlaced,57.0,94.0,79.5,4
8.3,1,3,0,76,4.3,Yes,Yes,73,88,NotPlaced,80.5,86.0,81.0,4
6.7,1,2,0,74,4.1,No,No,61,64,NotPlaced,62.5,82.0,78.0,3
8.4,2,3,2,90,4.7,Yes,Yes,78,82,Placed,80.0,94.0,92.0,7
7.6,1,1,0,68,3.6,No,No,56,65,NotPlaced,60.5,72.0,70.0,2
6.5,1,1,0,75,3.6,No,No,63,68,NotPlaced,65.5,72.0,73.5,2
6.8,1,3,0,90,4.8,Yes,Yes,69,86,Placed,77.5,96.0,93.0,4
7.7,1,1,2,86,4.2,Yes,Yes,58,80,NotPlaced,69.0,84.00000000000001,85.0,4
7.4,1,1,0,78,4.4,No,No,69,62,NotPlaced,65.5,88.00000000000001,83.0,2
8.4,2,2,2,84,4.8,Yes,Yes,87,87,Placed,87.0,96.0,90.0,6
7.9,1,3,2,90,4.8,Yes,Yes,90,82,Placed,86.0,96.0,93.0,6
6.6,1,1,0,66,3.5,No,No,66,72,NotPlaced,69.0,70.0,68.0,2
8.3,2,3,2,90,4.8,Yes,Yes,78,87,Placed,82.5,96.0,93.0,7
7.8,1,3,2,84,4.6,Yes,Yes,89,65,Placed,77.0,92.0,88.0,6
7.5,1,1,0,78,4.7,Yes,Yes,73,87,NotPlaced,80.0,94.0,86.0,2
7.6,0,2,0,71,4.3,No,No,67,58,NotPlaced,62.5,86.0,78.5,2
8.3,1,3,1,79,4.5,Yes,Yes,72,87,Placed,79.5,90.0,84.5,5
7.5,1,2,0,80,3.9,No,Yes,61,68,NotPlaced,64.5,78.0,79.0,3
7.8,1,2,2,90,4.8,Yes,Yes,74,84,Placed,79.0,96.0,93.0,5
8.4,2,3,1,87,4.8,Yes,No,84,81,Placed,82.5,96.0,91.5,6
6.5,0,3,1,79,4.3,Yes,Yes,58,82,NotPlaced,70.0,86.0,82.5,4
8.1,2,3,1,80,4.8,Yes,Yes,83,79,Placed,81.0,96.0,88.0,6
8.7,2,3,2,90,4.8,Yes,Yes,80,83,Placed,81.5,96.0,93.0,7
6.5,1,1,1,75,4.0,No,Yes,60,67,NotPlaced,63.5,80.0,77.5,3
7.7,1,1,1,80,3.9,No,No,59,67,NotPlaced,63.0,78.0,79.0,3
7.6,1,1,0,74,3.8,No,Yes,61,66,NotPlaced,63.5,76.0,75.0,2
7.4,1,1,2,86,4.6,Yes,No,88,86,NotPlaced,87.0,92.0,89.0,4
7.7,1,2,0,64,4.2,Yes,Yes,70,69,NotPlaced,69.5,84.00000000000001,74.0,3
7.6,1,1,0,68,4.0,No,No,62,72,NotPlaced,67.0,80.0,74.0,2
7.5,0,3,1,73,4.0,No,No,56,66,NotPlaced,61.0,80.0,76.5,4
8.4,2,3,2,89,4.8,Yes,Yes,74,82,Placed,78.0,96.0,92.5,7
8.0,1,2,0,83,4.6,Yes,Yes,60,83,NotPlaced,71.5,92.0,87.5,3
7.0,0,1,1,81,4.6,Yes,Yes,77,87,Placed,82.0,92.0,86.5,2
7.1,1,2,2,82,4.3,No,No,78,67,NotPlaced,72.5,86.0,84.0,5
8.5,2,3,2,88,4.3,No,No,73,86,NotPlaced,79.5,86.0,87.0,7
8.3,2,3,2,77,4.2,Yes,Yes,65,83,NotPlaced,74.0,84.00000000000001,80.5,7
6.6,2,1,0,75,4.2,No,Yes,75,70,NotPlaced,72.5,84.00000000000001,79.5,3
7.6,0,1,2,90,4.8,No,Yes,81,77,Placed,79.0,96.0,93.0,3
8.1,1,2,0,84,4.4,Yes,Yes,55,71,NotPlaced,63.0,88.00000000000001,86.0,3
7.6,0,2,0,87,3.8,No,Yes,60,66,NotPlaced,63.0,76.0,81.5,2
8.4,2,3,1,89,4.8,Yes,Yes,81,67,Placed,74.0,96.0,92.5,6
8.2,2,3,2,90,4.8,Yes,Yes,77,83,Placed,80.0,96.0,93.0,7
7.2,0,1,0,73,4.1,Yes,Yes,72,83,Placed,77.5,82.0,77.5,1
8.2,1,3,2,89,4.4,Yes,Yes,73,69,Placed,71.0,88.00000000000001,88.5,6
6.8,1,1,0,76,4.1,No,No,55,62,NotPlaced,58.5,82.0,79.0,2
7.6,1,2,2,72,4.5,Yes,No,87,84,Placed,85.5,90.0,81.0,5
6.5,0,3,0,80,4.5,No,Yes,79,64,NotPlaced,71.5,90.0,85.0,3
7.7,2,2,0,73,4.3,Yes,Yes,72,88,Placed,80.0,86.0,79.5,4
8.3,1,2,2,88,4.6,Yes,Yes,85,88,Placed,86.5,92.0,90.0,5
8.5,2,3,2,88,4.7,Yes,Yes,71,84,Placed,77.5,94.0,91.0,7
7.6,2,2,1,73,4.7,No,No,59,62,NotPlaced,60.5,94.0,83.5,5
7.6,1,3,0,71,4.7,Yes,No,64,67,NotPlaced,65.5,94.0,82.5,4
8.4,0,3,2,90,4.8,Yes,Yes,80,86,Placed,83.0,96.0,93.0,5
8.2,1,3,2,82,4.3,Yes,Yes,69,81,NotPlaced,75.0,86.0,84.0,6
7.8,1,2,0,70,4.8,Yes,Yes,74,67,NotPlaced,70.5,96.0,83.0,3
8.5,1,2,2,83,4.2,Yes,No,79,85,Placed,82.0,84.00000000000001,83.5,5
7.8,1,1,0,71,4.0,No,Yes,55,65,NotPlaced,60.0,80.0,75.5,2
7.6,1,2,0,76,4.2,No,Yes,57,64,NotPlaced,60.5,84.00000000000001,80.0,3
8.1,1,3,2,84,4.8,Yes,Yes,82,84,NotPlaced,83.0,96.0,90.0,6
7.5,1,1,0,77,4.0,No,Yes,55,65,NotPlaced,60.0,80.0,78.5,2
6.5,1,2,1,77,4.2,No,No,62,71,NotPlaced,66.5,84.00000000000001,80.5,4
9.0,1,3,2,90,4.8,Yes,Yes,77,78,Placed,77.5,96.0,93.0,6
7.7,0,1,0,70,3.7,No,No,71,70,Placed,70.5,74.0,72.0,1
8.3,1,2,1,78,4.7,No,Yes,74,64,NotPlaced,69.0,94.0,86.0,4
6.8,2,3,2,82,3.9,Yes,No,76,81,Placed,78.5,78.0,80.0,7
8.2,0,2,2,79,4.0,Yes,Yes,76,79,Placed,77.5,80.0,79.5,4
6.9,1,1,1,69,4.1,Yes,Yes,55,67,NotPlaced,61.0,82.0,75.5,3
8.1,1,3,2,72,4.8,No,No,83,77,NotPlaced,80.0,96.0,84.0,6
7.8,1,2,0,71,3.6,Yes,No,72,67,Placed,69.5,72.0,71.5,3
7.5,1,1,0,84,4.2,No,Yes,56,69,NotPlaced,62.5,84.00000000000001,84.0,2
8.6,2,3,2,90,4.8,Yes,Yes,89,86,Placed,87.5,96.0,93.0,7
8.4,2,3,2,87,4.8,Yes,Yes,83,88,Placed,85.5,96.0,91.5,7
7.6,1,3,0,87,4.4,Yes,Yes,71,71,Placed,71.0,88.00000000000001,87.5,4
8.3,2,3,2,90,4.7,Yes,No,87,87,Placed,87.0,94.0,92.0,7
8.5,1,1,1,81,4.5,Yes,Yes,70,62,NotPlaced,66.0,90.0,85.5,3
6.8,1,3,0,85,4.5,Yes,Yes,86,83,NotPlaced,84.5,90.0,87.5,4
7.6,1,1,0,71,3.9,No,Yes,55,60,NotPlaced,57.5,78.0,74.5,2
6.5,1,2,0,85,4.1,No,Yes,90,66,NotPlaced,78.0,82.0,83.5,3
7.7,1,1,2,79,4.1,Yes,No,61,84,NotPlaced,72.5,82.0,80.5,4
8.4,2,3,2,90,4.8,Yes,Yes,70,85,Placed,77.5,96.0,93.0,7
7.5,1,2,0,82,3.7,No,No,73,84,NotPlaced,78.5,74.0,78.0,3
8.0,2,3,2,90,4.3,Yes,Yes,75,82,Placed,78.5,86.0,88.0,7
7.6,0,1,0,60,4.0,No,Yes,58,66,NotPlaced,62.0,80.0,70.0,1
7.6,1,2,2,79,4.2,Yes,Yes,59,67,Placed,63.0,84.00000000000001,81.5,5
8.2,2,3,2,90,4.8,Yes,Yes,83,85,Placed,84.0,96.0,93.0,7
7.5,0,3,0,67,4.1,Yes,Yes,74,67,NotPlaced,70.5,82.0,74.5,3
8.3,2,3,2,89,4.6,No,Yes,79,86,NotPlaced,82.5,92.0,90.5,7
7.9,1,1,0,85,4.5,Yes,Yes,80,81,Placed,80.5,90.0,87.5,2
7.4,0,3,0,75,4.0,Yes,Yes,60,73,NotPlaced,66.5,80.0,77.5,3
6.5,1,3,3,79,4.3,Yes,Yes,63,87,Placed,75.0,86.0,82.5,7
7.6,1,1,1,77,3.9,No,No,55,59,NotPlaced,57.0,78.0,77.5,3
7.7,1,3,0,82,3.8,Yes,Yes,63,67,NotPlaced,65.0,76.0,79.0,4
7.8,1,1,2,85,3.8,No,Yes,60,67,NotPlaced,63.5,76.0,80.5,4
6.5,1,1,1,68,4.1,No,Yes,78,68,NotPlaced,73.0,82.0,75.0,3
7.5,1,2,1,82,4.5,Yes,No,71,72,NotPlaced,71.5,90.0,86.0,4
6.5,1,1,0,67,4.2,No,No,57,61,NotPlaced,59.0,84.00000000000001,75.5,2
8.7,2,3,0,90,4.8,Yes,No,76,78,Placed,77.0,96.0,93.0,5
6.7,0,1,0,74,4.2,Yes,Yes,55,68,NotPlaced,61.5,84.00000000000001,79.0,1
7.7,1,2,1,76,4.8,No,Yes,59,68,NotPlaced,63.5,96.0,86.0,4
8.1,1,3,2,80,4.4,Yes,Yes,83,72,NotPlaced,77.5,88.00000000000001,84.0,6
7.7,1,3,2,87,4.8,Yes,Yes,78,86,Placed,82.0,96.0,91.5,6
6.5,1,1,1,84,4.6,No,No,85,73,NotPlaced,79.0,92.0,88.0,3
7.5,0,3,2,72,4.7,Yes,Yes,72,82,Placed,77.0,94.0,83.0,5
6.5,1,1,1,77,4.1,Yes,Yes,72,67,NotPlaced,69.5,82.0,79.5,3
8.2,1,3,2,90,4.7,Yes,Yes,81,88,Placed,84.5,94.0,92.0,6
6.5,1,2,1,78,3.9,No,Yes,62,68,NotPlaced,65.0,78.0,78.0,4
7.7,1,2,1,81,3.6,Yes,Yes,70,63,Placed,66.5,72.0,76.5,4
7.6,1,0,0,84,4.8,Yes,Yes,60,69,Placed,64.5,96.0,90.0,1
7.6,0,1,0,88,4.7,Yes,Yes,62,69,Placed,65.5,94.0,91.0,1
6.8,0,1,2,77,4.6,Yes,No,72,73,NotPlaced,72.5,92.0,84.5,3
7.0,1,3,1,77,4.2,Yes,Yes,78,84,Placed,81.0,84.00000000000001,80.5,5
7.7,1,2,1,76,3.8,No,Yes,59,64,NotPlaced,61.5,76.0,76.0,4
8.5,2,2,2,90,4.7,Yes,Yes,73,69,NotPlaced,71.0,94.0,92.0,6
8.7,2,3,2,90,4.8,Yes,Yes,79,85,Placed,82.0,96.0,93.0,7
8.2,2,3,2,90,4.8,Yes,Yes,85,80,Placed,82.5,96.0,93.0,7
7.5,1,2,0,86,4.7,Yes,Yes,72,87,NotPlaced,79.5,94.0,90.0,3
8.4,0,3,0,90,4.8,Yes,Yes,77,84,Placed,80.5,96.0,93.0,3
7.5,1,2,2,83,3.1,No,No,58,74,NotPlaced,66.0,62.0,72.5,5
6.9,1,2,0,70,4.3,No,No,55,71,Placed,63.0,86.0,78.0,3
6.6,1,3,1,80,4.4,Yes,Yes,79,85,Placed,82.0,88.00000000000001,84.0,5
7.5,1,1,1,71,4.3,No,Yes,55,72,NotPlaced,63.5,86.0,78.5,3
8.1,1,1,0,85,3.1,No,Yes,55,65,NotPlaced,60.0,62.0,73.5,2
6.5,1,1,1,82,4.1,No,No,65,65,NotPlaced,65.0,82.0,82.0,3
6.5,1,1,1,72,3.5,No,No,57,66,NotPlaced,61.5,70.0,71.0,3
7.9,2,1,2,90,4.5,Yes,No,74,79,NotPlaced,76.5,90.0,90.0,5
8.2,1,2,1,74,3.8,No,No,58,67,NotPlaced,62.5,76.0,75.0,4
6.5,1,1,0,75,3.3,No,No,55,63,NotPlaced,59.0,65.99999999999999,70.5,2
8.4,1,2,1,81,3.8,Yes,Yes,72,65,Placed,68.5,76.0,78.5,4
7.5,1,1,0,69,3.7,No,Yes,55,70,NotPlaced,62.5,74.0,71.5,2
7.5,1,1,1,79,4.7,Yes,Yes,55,71,NotPlaced,63.0,94.0,86.5,3
6.5,1,1,0,89,3.9,No,Yes,56,71,NotPlaced,63.5,78.0,83.5,2
7.6,1,2,0,75,3.8,No,Yes,61,68,NotPlaced,64.5,76.0,75.5,3
7.5,1,1,1,60,3.6,No,Yes,55,64,NotPlaced,59.5,72.0,66.0,3
8.3,2,2,2,85,3.9,Yes,Yes,60,86,Placed,73.0,78.0,81.5,6
7.5,0,2,1,70,3.7,No,No,80,63,NotPlaced,71.5,74.0,72.0,3
6.5,1,2,0,65,4.0,No,No,61,63,NotPlaced,62.0,80.0,72.5,3
7.8,2,2,2,68,4.5,No,Yes,73,87,NotPlaced,80.0,90.0,79.0,6
8.5,2,3,2,90,4.8,Yes,Yes,72,86,Placed,79.0,96.0,93.0,7
7.9,1,1,1,75,4.4,Yes,Yes,74,70,NotPlaced,72.0,88.00000000000001,81.5,3
6.8,1,2,2,77,4.7,Yes,No,74,60,NotPlaced,67.0,94.0,85.5,5
8.2,1,3,2,68,4.4,No,Yes,55,85,NotPlaced,70.0,88.00000000000001,78.0,6
8.6,1,2,2,90,4.5,Yes,Yes,83,81,NotPlaced,82.0,90.0,90.0,5
8.6,1,3,2,90,4.8,Yes,Yes,84,85,Placed,84.5,96.0,93.0,6
7.9,2,3,1,70,4.5,Yes,No,78,88,NotPlaced,83.0,90.0,80.0,6
8.4,2,3,2,90,4.8,Yes,Yes,84,86,Placed,85.0,96.0,93.0,7
8.1,2,3,2,90,4.8,Yes,Yes,87,82,Placed,84.5,96.0,93.0,7
7.8,1,2,2,83,4.7,Yes,Yes,63,71,Placed,67.0,94.0,88.5,5
7.6,1,2,0,74,3.4,No,Yes,57,57,NotPlaced,57.0,68.0,71.0,3
6.6,1,2,2,77,4.0,No,Yes,63,65,NotPlaced,64.0,80.0,78.5,5
6.5,1,2,1,76,4.2,Yes,Yes,59,84,NotPlaced,71.5,84.00000000000001,80.0,4
6.5,1,1,2,90,4.0,Yes,Yes,79,81,Placed,80.0,80.0,85.0,4
7.8,1,2,0,78,4.0,Yes,Yes,67,72,NotPlaced,69.5,80.0,79.0,3
7.6,1,2,1,74,4.1,No,Yes,55,65,Placed,60.0,82.0,78.0,4
7.6,0,1,0,71,3.7,No,Yes,55,73,NotPlaced,64.0,74.0,72.5,1
6.5,1,2,0,76,4.2,Yes,Yes,55,66,NotPlaced,60.5,84.00000000000001,80.0,3
8.5,0,1,0,86,4.7,Yes,Yes,72,83,Placed,77.5,94.0,90.0,1
8.2,0,3,0,86,4.5,Yes,Yes,90,81,Placed,85.5,90.0,88.0,3
7.1,1,2,0,76,4.1,No,Yes,73,85,NotPlaced,79.0,82.0,79.0,3
6.9,1,1,1,85,4.2,No,Yes,80,66,NotPlaced,73.0,84.00000000000001,84.5,3
6.5,1,1,0,80,4.5,No,Yes,60,70,NotPlaced,65.0,90.0,85.0,2
7.7,0,2,3,77,4.8,Yes,Yes,67,80,NotPlaced,73.5,96.0,86.5,5
7.6,1,1,0,72,4.0,No,Yes,55,67,NotPlaced,61.0,80.0,76.0,2
7.6,1,2,0,76,4.1,Yes,Yes,70,62,NotPlaced,66.0,82.0,79.0,3
7.8,0,2,1,75,4.4,Yes,Yes,61,68,Placed,64.5,88.00000000000001,81.5,3
6.8,1,2,1,68,4.3,No,Yes,64,69,NotPlaced,66.5,86.0,77.0,4
8.2,2,3,2,85,4.4,Yes,Yes,82,85,Placed,83.5,88.00000000000001,86.5,7
8.4,1,1,1,73,4.5,No,No,63,60,NotPlaced,61.5,90.0,81.5,3
6.5,0,1,1,68,4.1,No,No,55,65,NotPlaced,60.0,82.0,75.0,2
6.7,1,1,0,73,4.6,Yes,No,67,68,NotPlaced,67.5,92.0,82.5,2
8.5,1,3,2,90,4.5,Yes,Yes,76,84,Placed,80.0,90.0,90.0,6
6.8,1,1,0,68,3.1,No,No,55,68,NotPlaced,61.5,62.0,65.0,2
8.2,2,3,2,90,4.6,Yes,Yes,74,84,Placed,79.0,92.0,91.0,7
8.0,2,2,0,87,4.2,Yes,Yes,65,83,NotPlaced,74.0,84.00000000000001,85.5,4
7.6,1,3,3,75,4.8,Yes,Yes,78,84,Placed,81.0,96.0,85.5,7
7.9,1,2,1,86,4.2,No,Yes,60,63,NotPlaced,61.5,84.00000000000001,85.0,4
7.9,2,1,0,71,4.7,No,Yes,77,86,NotPlaced,81.5,94.0,82.5,3
8.0,1,1,0,73,4.2,No,No,83,63,NotPlaced,73.0,84.00000000000001,78.5,2
7.8,0,2,2,90,4.8,No,Yes,80,85,Placed,82.5,96.0,93.0,4
7.2,0,3,0,75,4.6,No,No,83,65,Placed,74.0,92.0,83.5,3
8.0,1,3,2,83,4.7,Yes,Yes,55,73,Placed,64.0,94.0,88.5,6
7.6,1,1,1,69,3.6,No,No,62,63,NotPlaced,62.5,72.0,70.5,3
8.2,2,3,2,90,4.8,Yes,Yes,77,88,Placed,82.5,96.0,93.0,7
7.3,0,1,0,82,3.8,No,Yes,55,85,NotPlaced,70.0,76.0,79.0,1
8.2,2,3,2,90,4.8,Yes,Yes,84,87,Placed,85.5,96.0,93.0,7
6.6,1,1,0,76,4.0,No,No,57,58,NotPlaced,57.5,80.0,78.0,2
7.8,2,3,2,88,4.5,Yes,Yes,71,85,Placed,78.0,90.0,89.0,7
7.5,2,1,2,86,4.6,No,Yes,82,83,Placed,82.5,92.0,89.0,5
8.5,2,3,2,90,4.8,Yes,No,76,84,NotPlaced,80.0,96.0,93.0,7
7.6,0,1,0,72,4.5,No,No,60,66,NotPlaced,63.0,90.0,81.0,1
8.2,2,3,2,84,4.8,Yes,Yes,75,83,Placed,79.0,96.0,90.0,7
8.6,1,2,0,72,4.4,No,Yes,76,57,NotPlaced,66.5,88.00000000000001,80.0,3
8.1,1,3,2,82,4.7,Yes,Yes,78,66,Placed,72.0,94.0,88.0,6
7.2,0,1,0,73,4.1,No,Yes,55,69,Placed,62.0,82.0,77.5,1
6.8,0,1,0,84,4.2,No,No,61,60,NotPlaced,60.5,84.00000000000001,84.0,1
7.9,1,2,1,77,4.2,Yes,Yes,84,64,Placed,74.0,84.00000000000001,80.5,4
7.0,1,1,0,65,4.0,No,No,58,65,NotPlaced,61.5,80.0,72.5,2
6.6,1,3,1,74,4.5,Yes,Yes,76,71,NotPlaced,73.5,90.0,82.0,5
8.5,2,3,2,90,4.4,Yes,Yes,84,86,Placed,85.0,88.00000000000001,89.0,7
8.3,1,2,2,78,4.8,Yes,Yes,77,82,NotPlaced,79.5,96.0,87.0,5
8.5,1,3,1,72,4.1,Yes,Yes,72,87,Placed,79.5,82.0,77.0,5
6.5,0,1,0,67,3.7,No,No,64,66,NotPlaced,65.0,74.0,70.5,1
7.5,2,3,0,88,4.6,Yes,Yes,78,87,Placed,82.5,92.0,90.0,5
8.2,1,3,2,90,4.6,Yes,Yes,86,86,Placed,86.0,92.0,91.0,6
6.6,1,1,1,66,3.9,Yes,Yes,57,67,NotPlaced,62.0,78.0,72.0,3
8.4,2,3,2,90,4.8,Yes,Yes,69,83,Placed,76.0,96.0,93.0,7
7.4,1,2,1,66,4.5,No,No,58,71,NotPlaced,64.5,90.0,78.0,4
7.5,1,2,0,78,3.7,No,No,70,67,NotPlaced,68.5,74.0,76.0,3
7.7,1,3,0,75,4.5,Yes,Yes,64,61,NotPlaced,62.5,90.0,82.5,4
7.5,1,2,1,76,3.7,Yes,Yes,59,70,NotPlaced,64.5,74.0,75.0,4
7.5,0,1,0,72,3.6,No,No,56,70,NotPlaced,63.0,72.0,72.0,1
7.7,0,0,2,89,4.1,Yes,Yes,74,79,NotPlaced,76.5,82.0,85.5,2
7.8,1,1,1,77,4.0,No,Yes,62,63,NotPlaced,62.5,80.0,78.5,3
7.4,1,2,0,71,3.9,No,Yes,63,70,NotPlaced,66.5,78.0,74.5,3
7.6,1,2,1,74,4.0,Yes,Yes,62,85,NotPlaced,73.5,80.0,77.0,4
8.0,1,3,0,65,4.4,Yes,Yes,55,68,NotPlaced,61.5,88.00000000000001,76.5,4
6.5,1,2,1,80,4.1,No,Yes,66,66,NotPlaced,66.0,82.0,81.0,4
7.5,1,1,0,60,3.3,No,Yes,55,72,NotPlaced,63.5,65.99999999999999,62.99999999999999,2
8.1,1,3,0,90,4.4,Yes,Yes,89,80,Placed,84.5,88.00000000000001,89.0,4
8.4,2,2,0,74,4.4,Yes,No,79,85,NotPlaced,82.0,88.00000000000001,81.0,4
7.4,1,1,1,74,3.6,No,Yes,55,70,NotPlaced,62.5,72.0,73.0,3
6.5,1,1,0,64,4.5,No,Yes,55,64,NotPlaced,59.5,90.0,77.0,2
7.7,2,3,1,89,4.7,Yes,Yes,61,84,Placed,72.5,94.0,91.5,6
8.2,0,3,1,90,4.8,Yes,Yes,82,84,Placed,83.0,96.0,93.0,4
7.4,1,2,1,71,4.8,Yes,Yes,55,58,NotPlaced,56.5,96.0,83.5,4
7.4,0,2,1,65,4.4,No,No,61,70,NotPlaced,65.5,88.00000000000001,76.5,3
8.6,1,1,0,87,4.8,Yes,Yes,69,82,Placed,75.5,96.0,91.5,2
8.2,2,3,0,80,4.3,Yes,Yes,84,82,Placed,83.0,86.0,83.0,5
8.5,1,3,3,86,4.8,Yes,Yes,78,73,Placed,75.5,96.0,91.0,7
7.5,2,3,1,83,4.2,Yes,Yes,76,75,Placed,75.5,84.00000000000001,83.5,6
8.5,2,3,2,82,4.7,Yes,Yes,75,88,Placed,81.5,94.0,88.0,7
6.5,1,2,0,71,3.9,No,Yes,55,65,NotPlaced,60.0,78.0,74.5,3
7.3,0,1,1,76,4.2,No,No,55,66,NotPlaced,60.5,84.00000000000001,80.0,2
6.6,0,1,0,68,3.8,No,No,65,65,NotPlaced,65.0,76.0,72.0,1
7.5,0,3,3,78,4.7,Yes,Yes,68,65,NotPlaced,66.5,94.0,86.0,6
7.4,1,1,0,81,4.0,No,No,62,73,NotPlaced,67.5,80.0,80.5,2
7.4,1,3,0,81,4.6,Yes,Yes,80,71,NotPlaced,75.5,92.0,86.5,4
7.7,1,3,0,90,4.0,Yes,Yes,77,81,NotPlaced,79.0,80.0,85.0,4
7.9,1,3,2,90,4.6,Yes,Yes,74,84,NotPlaced,79.0,92.0,91.0,6
6.7,1,1,0,80,4.5,No,Yes,83,74,NotPlaced,78.5,90.0,85.0,2
7.9,1,2,3,84,4.5,Yes,No,79,70,NotPlaced,74.5,90.0,87.0,6
8.4,1,2,2,84,4.4,Yes,Yes,79,83,Placed,81.0,88.00000000000001,86.0,5
7.4,1,1,0,71,3.3,No,No,55,66,NotPlaced,60.5,65.99999999999999,68.5,2
8.3,2,3,2,89,4.8,Yes,Yes,68,87,Placed,77.5,96.0,92.5,7
7.8,0,1,1,72,3.9,No,No,58,71,NotPlaced,64.5,78.0,75.0,2
8.3,1,3,1,76,4.6,Yes,No,84,85,NotPlaced,84.5,92.0,84.0,5
8.3,2,3,2,90,4.8,Yes,Yes,81,87,Placed,84.0,96.0,93.0,7
7.7,1,1,1,66,4.8,Yes,No,71,65,NotPlaced,68.0,96.0,81.0,3
8.7,1,3,0,78,3.2,Yes,Yes,55,80,NotPlaced,67.5,64.0,71.0,4
7.6,0,2,0,64,4.8,No,No,60,64,NotPlaced,62.0,96.0,80.0,2
8.2,2,3,2,82,4.8,No,Yes,83,82,Placed,82.5,96.0,89.0,7
6.7,1,1,0,76,4.2,No,No,61,63,Placed,62.0,84.00000000000001,80.0,2
7.6,1,2,0,71,4.3,Yes,Yes,86,69,Placed,77.5,86.0,78.5,3
7.8,0,2,0,71,4.4,No,Yes,74,65,NotPlaced,69.5,88.00000000000001,79.5,2
7.6,1,1,0,62,4.4,No,Yes,55,74,NotPlaced,64.5,88.00000000000001,75.0,2
8.4,1,1,2,90,4.8,No,Yes,66,87,Placed,76.5,96.0,93.0,4
7.5,1,1,0,77,4.8,No,Yes,55,58,Placed,56.5,96.0,86.5,2
7.6,1,2,0,73,4.2,No,Yes,90,87,NotPlaced,88.5,84.00000000000001,78.5,3
8.3,2,3,2,86,4.8,Yes,Yes,86,82,Placed,84.0,96.0,91.0,7
8.2,2,1,1,88,4.4,Yes,Yes,74,88,NotPlaced,81.0,88.00000000000001,88.0,4
7.5,1,2,1,80,4.0,No,Yes,55,65,NotPlaced,60.0,80.0,80.0,4
8.6,2,3,2,90,4.8,Yes,Yes,82,86,Placed,84.0,96.0,93.0,7
8.5,1,3,2,87,4.4,Yes,Yes,82,82,Placed,82.0,88.00000000000001,87.5,6
7.7,1,2,3,78,4.2,Yes,Yes,71,84,NotPlaced,77.5,84.00000000000001,81.0,6
6.5,1,2,1,82,3.4,Yes,No,72,68,NotPlaced,70.0,68.0,75.0,4
7.8,0,1,1,78,4.7,No,Yes,63,61,Placed,62.0,94.0,86.0,2
8.6,2,3,2,90,4.7,Yes,Yes,80,88,Placed,84.0,94.0,92.0,7
8.5,1,3,2,90,4.7,No,Yes,85,84,NotPlaced,84.5,94.0,92.0,6
7.5,1,2,1,69,3.2,No,Yes,55,65,NotPlaced,60.0,64.0,66.5,4
7.2,1,1,1,66,3.5,No,No,55,74,NotPlaced,64.5,70.0,68.0,3
7.9,1,1,2,64,4.2,No,Yes,56,68,Placed,62.0,84.00000000000001,74.0,4
8.3,2,3,2,89,4.8,Yes,Yes,78,86,Placed,82.0,96.0,92.5,7
7.5,0,1,2,78,4.5,Yes,Yes,76,67,NotPlaced,71.5,90.0,84.0,3
6.7,1,2,2,75,4.2,No,No,78,66,NotPlaced,72.0,84.00000000000001,79.5,5
8.1,2,2,2,79,4.4,Yes,Yes,75,82,NotPlaced,78.5,88.00000000000001,83.5,6
8.4,2,3,2,90,4.8,Yes,Yes,74,86,Placed,80.0,96.0,93.0,7
7.0,0,1,2,86,4.7,No,Yes,68,82,Placed,75.0,94.0,90.0,3
8.4,0,1,0,86,3.8,No,Yes,57,68,NotPlaced,62.5,76.0,81.0,1
7.4,1,2,0,89,4.2,Yes,Yes,74,83,NotPlaced,78.5,84.00000000000001,86.5,3
6.5,1,2,0,77,4.4,No,Yes,58,67,NotPlaced,62.5,88.00000000000001,82.5,3
7.6,1,3,1,77,4.6,Yes,Yes,73,79,NotPlaced,76.0,92.0,84.5,5
8.3,2,3,2,90,4.8,Yes,Yes,81,81,Placed,81.0,96.0,93.0,7
8.0,2,3,2,87,4.4,Yes,Yes,83,84,NotPlaced,83.5,88.00000000000001,87.5,7
7.6,1,1,0,69,4.2,No,Yes,55,66,NotPlaced,60.5,84.00000000000001,76.5,2
7.7,1,1,1,67,3.0,No,No,55,67,NotPlaced,61.0,60.0,63.5,3
8.2,2,3,2,83,4.3,Yes,Yes,85,81,Placed,83.0,86.0,84.5,7
7.6,1,1,2,87,4.1,Yes,Yes,79,67,Placed,73.0,82.0,84.5,4
8.3,1,2,2,82,4.5,No,Yes,73,66,NotPlaced,69.5,90.0,86.0,5
8.2,2,3,0,90,4.5,Yes,Yes,74,79,Placed,76.5,90.0,90.0,5
7.4,1,1,0,78,4.0,Yes,Yes,82,67,Placed,74.5,80.0,79.0,2
7.3,1,1,0,65,4.6,Yes,Yes,62,74,NotPlaced,68.0,92.0,78.5,2
8.0,0,1,0,79,3.4,No,Yes,80,74,NotPlaced,77.0,68.0,73.5,1
8.7,2,3,0,84,4.2,No,Yes,55,65,NotPlaced,60.0,84.00000000000001,84.0,5
8.2,1,1,1,66,3.6,No,Yes,62,69,NotPlaced,65.5,72.0,69.0,3
7.5,1,1,1,73,4.1,No,Yes,55,75,NotPlaced,65.0,82.0,77.5,3
8.1,2,3,3,90,4.5,Yes,Yes,83,88,Placed,85.5,90.0,90.0,8
8.4,2,3,2,90,4.8,Yes,Yes,88,82,Placed,85.0,96.0,93.0,7
6.7,1,2,0,68,4.6,No,Yes,55,77,NotPlaced,66.0,92.0,80.0,3
8.2,1,1,2,69,4.6,Yes,Yes,81,65,Placed,73.0,92.0,80.5,4
7.5,1,2,0,80,3.5,No,No,66,65,NotPlaced,65.5,70.0,75.0,3
7.6,1,2,2,75,3.8,Yes,Yes,75,63,NotPlaced,69.0,76.0,75.5,5
7.5,0,1,0,76,4.4,No,Yes,55,65,NotPlaced,60.0,88.00000000000001,82.0,1
7.7,2,2,0,79,4.2,Yes,Yes,58,73,Placed,65.5,84.00000000000001,81.5,4
8.4,0,3,0,90,4.4,Yes,Yes,71,83,NotPlaced,77.0,88.00000000000001,89.0,3
7.2,2,3,2,90,4.8,Yes,Yes,90,82,Placed,86.0,96.0,93.0,7
7.4,1,1,0,74,3.7,No,No,78,65,NotPlaced,71.5,74.0,74.0,2
6.7,0,1,0,73,4.0,No,Yes,72,65,Placed,68.5,80.0,76.5,1
6.9,0,2,0,73,4.3,No,No,80,66,NotPlaced,73.0,86.0,79.5,2
7.5,0,3,0,81,4.5,Yes,Yes,87,85,Placed,86.0,90.0,85.5,3
8.0,2,1,1,82,4.2,Yes,No,83,67,Placed,75.0,84.00000000000001,83.0,4
7.6,1,2,3,74,3.7,Yes,Yes,79,86,Placed,82.5,74.0,74.0,6
8.3,1,3,1,90,4.8,Yes,Yes,70,79,Placed,74.5,96.0,93.0,5
7.4,0,3,2,90,4.7,Yes,Yes,68,71,Placed,69.5,94.0,92.0,5
8.4,1,3,3,90,4.8,Yes,Yes,78,85,Placed,81.5,96.0,93.0,7
6.5,2,2,2,87,4.7,Yes,Yes,70,82,Placed,76.0,94.0,90.5,6
8.4,1,1,2,79,4.6,No,Yes,76,85,NotPlaced,80.5,92.0,85.5,4
7.9,2,3,2,90,4.8,Yes,Yes,82,88,Placed,85.0,96.0,93.0,7
8.2,1,3,2,90,4.7,Yes,Yes,83,80,Placed,81.5,94.0,92.0,6
8.0,1,1,2,76,3.4,Yes,Yes,61,66,NotPlaced,63.5,68.0,72.0,4
8.4,1,3,2,78,4.5,Yes,No,80,80,NotPlaced,80.0,90.0,84.0,6
7.6,0,1,0,73,4.3,No,Yes,55,69,Placed,62.0,86.0,79.5,1
8.3,2,3,2,90,4.8,Yes,Yes,80,84,Placed,82.0,96.0,93.0,7
7.9,2,2,2,90,4.8,Yes,Yes,72,77,Placed,74.5,96.0,93.0,6
8.3,0,3,1,88,4.1,Yes,Yes,55,80,NotPlaced,67.5,82.0,85.0,4
8.2,1,3,1,88,4.8,Yes,Yes,63,81,Placed,72.0,96.0,92.0,5
8.3,1,2,0,85,4.6,Yes,Yes,73,77,NotPlaced,75.0,92.0,88.5,3
7.8,2,3,0,83,4.2,Yes,Yes,80,87,Placed,83.5,84.00000000000001,83.5,5
7.6,0,1,1,76,3.9,No,Yes,55,72,NotPlaced,63.5,78.0,77.0,2
7.5,1,1,0,73,3.4,No,Yes,80,67,NotPlaced,73.5,68.0,70.5,2
7.5,1,1,0,85,4.2,No,Yes,72,62,NotPlaced,67.0,84.00000000000001,84.5,2
6.8,1,1,0,82,3.9,No,No,82,64,NotPlaced,73.0,78.0,80.0,2
8.3,2,3,2,81,4.7,Yes,Yes,84,85,NotPlaced,84.5,94.0,87.5,7
6.7,0,1,1,72,4.5,No,Yes,55,72,Placed,63.5,90.0,81.0,2
6.9,1,1,1,64,4.1,No,No,64,66,NotPlaced,65.0,82.0,73.0,3
8.6,0,1,1,68,4.3,No,Yes,55,63,NotPlaced,59.0,86.0,77.0,2
8.1,2,3,0,90,4.7,Yes,Yes,79,82,Placed,80.5,94.0,92.0,5
7.7,1,1,0,60,4.3,No,No,57,70,NotPlaced,63.5,86.0,73.0,2
8.4,2,3,2,73,4.8,Yes,Yes,82,88,NotPlaced,85.0,96.0,84.5,7
8.2,1,3,1,80,3.9,Yes,Yes,78,85,Placed,81.5,78.0,79.0,5
8.5,1,3,2,90,4.8,Yes,Yes,83,84,Placed,83.5,96.0,93.0,6
8.3,2,3,2,81,4.1,Yes,No,82,79,Placed,80.5,82.0,81.5,7
8.4,2,3,2,87,4.8,Yes,Yes,79,86,Placed,82.5,96.0,91.5,7
6.9,1,2,2,77,4.0,No,Yes,55,64,NotPlaced,59.5,80.0,78.5,5
6.5,0,2,1,84,4.8,No,Yes,74,84,Placed,79.0,96.0,90.0,3
6.5,1,1,0,74,4.6,No,No,58,67,NotPlaced,62.5,92.0,83.0,2
8.3,0,3,2,84,4.8,Yes,Yes,80,84,Placed,82.0,96.0,90.0,5
8.6,2,3,0,79,4.7,Yes,No,71,79,NotPlaced,75.0,94.0,86.5,5
8.4,2,3,2,88,4.6,Yes,Yes,84,76,Placed,80.0,92.0,90.0,7
7.5,1,1,0,78,4.5,No,No,58,65,NotPlaced,61.5,90.0,84.0,2
6.5,2,3,2,80,4.1,Yes,Yes,76,86,Placed,81.0,82.0,81.0,7
6.5,2,3,2,84,4.6,Yes,Yes,69,83,NotPlaced,76.0,92.0,88.0,7
7.6,1,1,1,77,3.9,No,No,55,61,NotPlaced,58.0,78.0,77.5,3
8.3,2,3,2,84,4.8,Yes,Yes,82,85,Placed,83.5,96.0,90.0,7
7.4,1,1,1,72,4.6,Yes,Yes,77,83,NotPlaced,80.0,92.0,82.0,3
7.1,1,1,1,69,3.3,No,No,65,61,NotPlaced,63.0,65.99999999999999,67.5,3
8.1,1,3,2,75,4.3,Yes,Yes,69,83,Placed,76.0,86.0,80.5,6
8.0,1,2,2,85,4.8,Yes,Yes,68,82,Placed,75.0,96.0,90.5,5
7.6,1,2,1,80,4.1,No,Yes,56,65,NotPlaced,60.5,82.0,81.0,4
7.4,1,1,0,75,4.3,No,Yes,62,66,NotPlaced,64.0,86.0,80.5,2
6.5,1,3,2,90,4.8,Yes,Yes,76,82,Placed,79.0,96.0,93.0,6
7.1,2,3,0,79,4.8,Yes,Yes,70,88,Placed,79.0,96.0,87.5,5
8.9,1,3,1,90,4.7,Yes,Yes,72,87,NotPlaced,79.5,94.0,92.0,5
8.1,2,3,2,90,4.8,Yes,Yes,89,83,Placed,86.0,96.0,93.0,7
6.8,1,1,0,71,4.5,No,No,63,69,NotPlaced,66.0,90.0,80.5,2
7.0,1,1,0,71,4.4,No,No,63,74,NotPlaced,68.5,88.00000000000001,79.5,2
8.1,2,3,2,90,4.1,Yes,Yes,75,81,Placed,78.0,82.0,86.0,7
8.6,1,3,2,90,4.8,Yes,Yes,74,84,Placed,79.0,96.0,93.0,6
8.2,1,3,2,90,4.4,Yes,Yes,72,87,Placed,79.5,88.00000000000001,89.0,6
7.5,2,2,1,85,4.6,Yes,Yes,71,85,Placed,78.0,92.0,88.5,5
7.4,0,1,2,81,3.8,Yes,Yes,72,87,NotPlaced,79.5,76.0,78.5,3
8.4,1,2,2,79,4.2,Yes,No,77,81,NotPlaced,79.0,84.00000000000001,81.5,5
6.5,1,1,0,65,4.3,No,No,58,69,NotPlaced,63.5,86.0,75.5,2
8.3,2,3,2,86,3.9,Yes,Yes,63,85,Placed,74.0,78.0,82.0,7
8.5,0,3,2,83,4.5,No,No,70,69,NotPlaced,69.5,90.0,86.5,5
6.6,0,3,0,85,4.7,Yes,Yes,62,86,Placed,74.0,94.0,89.5,3
7.5,1,1,0,71,4.3,No,No,57,78,Placed,67.5,86.0,78.5,2
7.6,1,3,1,82,4.5,Yes,Yes,84,80,Placed,82.0,90.0,86.0,5
7.8,0,3,0,83,4.4,Yes,Yes,77,83,NotPlaced,80.0,88.00000000000001,85.5,3
6.5,1,2,0,88,4.4,No,Yes,60,72,Placed,66.0,88.00000000000001,88.0,3
8.4,2,3,2,90,4.8,Yes,Yes,74,85,Placed,79.5,96.0,93.0,7
7.9,1,1,1,84,4.5,Yes,Yes,71,85,Placed,78.0,90.0,87.0,3
8.7,1,3,2,87,4.8,Yes,Yes,69,82,Placed,75.5,96.0,91.5,6
8.1,1,3,0,81,3.7,No,Yes,55,75,NotPlaced,65.0,74.0,77.5,4
7.5,0,1,1,66,4.1,No,Yes,70,64,NotPlaced,67.0,82.0,74.0,2
8.1,2,3,2,87,4.7,Yes,No,73,87,Placed,80.0,94.0,90.5,7
7.8,1,2,1,82,4.4,Yes,Yes,55,67,NotPlaced,61.0,88.00000000000001,85.0,4
8.3,1,3,2,87,4.8,Yes,Yes,73,85,Placed,79.0,96.0,91.5,6
8.1,0,3,2,85,4.8,Yes,Yes,79,88,NotPlaced,83.5,96.0,90.5,5
8.2,1,3,2,87,4.6,Yes,Yes,78,82,Placed,80.0,92.0,89.5,6
6.5,0,3,0,80,4.4,Yes,Yes,63,68,NotPlaced,65.5,88.00000000000001,84.0,3
7.5,1,2,0,76,3.8,No,Yes,55,84,NotPlaced,69.5,76.0,76.0,3
8.2,1,3,2,87,4.6,Yes,Yes,77,88,Placed,82.5,92.0,89.5,6
7.5,1,2,2,86,4.5,No,Yes,71,80,NotPlaced,75.5,90.0,88.0,5
7.7,0,2,0,67,3.9,No,No,55,65,NotPlaced,60.0,78.0,72.5,2
8.0,2,3,2,84,4.7,Yes,Yes,70,85,Placed,77.5,94.0,89.0,7
7.7,0,2,0,90,4.5,Yes,Yes,86,84,Placed,85.0,90.0,90.0,2
7.4,0,1,1,63,3.5,No,No,56,68,NotPlaced,62.0,70.0,66.5,2
7.4,1,2,1,60,3.2,No,No,55,68,NotPlaced,61.5,64.0,62.0,4
7.7,0,1,1,77,4.3,No,Yes,60,72,NotPlaced,66.0,86.0,81.5,2
7.0,0,2,1,64,4.7,No,Yes,55,62,NotPlaced,58.5,94.0,79.0,3
7.9,2,3,2,88,4.6,Yes,No,79,79,Placed,79.0,92.0,90.0,7
7.6,1,1,1,73,3.7,No,No,55,63,NotPlaced,59.0,74.0,73.5,3
8.2,1,3,2,87,4.7,Yes,Yes,73,78,Placed,75.5,94.0,90.5,6
8.5,1,3,2,90,4.8,Yes,Yes,79,87,Placed,83.0,96.0,93.0,6
7.9,2,3,2,83,4.7,Yes,No,77,80,Placed,78.5,94.0,88.5,7
7.9,2,1,1,85,4.2,Yes,Yes,79,70,Placed,74.5,84.00000000000001,84.5,4
6.8,1,1,1,85,3.9,Yes,No,71,62,NotPlaced,66.5,78.0,81.5,3
7.6,1,1,3,65,4.0,Yes,Yes,55,69,NotPlaced,62.0,80.0,72.5,5
7.3,1,1,0,68,4.4,No,No,57,61,NotPlaced,59.0,88.00000000000001,78.0,2
6.9,1,2,1,81,4.3,No,Yes,59,68,NotPlaced,63.5,86.0,83.5,4
8.3,2,2,1,88,4.6,Yes,Yes,80,81,Placed,80.5,92.0,90.0,5
8.3,1,3,0,84,4.7,Yes,Yes,77,86,Placed,81.5,94.0,89.0,4
7.5,0,3,0,65,4.3,Yes,Yes,79,84,NotPlaced,81.5,86.0,75.5,3
8.2,2,3,2,90,4.8,Yes,Yes,79,88,Placed,83.5,96.0,93.0,7
7.8,0,3,0,74,4.1,No,Yes,68,67,NotPlaced,67.5,82.0,78.0,3
7.7,0,2,1,81,3.8,Yes,Yes,82,65,NotPlaced,73.5,76.0,78.5,3
6.6,1,1,0,72,4.2,No,No,55,61,NotPlaced,58.0,84.00000000000001,78.0,2
8.0,2,3,2,90,4.8,Yes,Yes,90,86,Placed,88.0,96.0,93.0,7
8.4,2,3,2,90,4.4,Yes,Yes,83,81,Placed,82.0,88.00000000000001,89.0,7
8.2,2,3,2,90,4.8,Yes,Yes,85,81,Placed,83.0,96.0,93.0,7
7.5,0,2,1,87,4.1,Yes,Yes,68,68,NotPlaced,68.0,82.0,84.5,3
8.3,0,3,0,87,4.4,Yes,Yes,71,66,Placed,68.5,88.00000000000001,87.5,3
8.0,2,3,2,89,4.8,Yes,No,86,83,Placed,84.5,96.0,92.5,7
6.5,1,2,0,86,3.9,No,No,55,67,NotPlaced,61.0,78.0,82.0,3
7.4,1,2,1,83,4.2,Yes,Yes,59,74,Placed,66.5,84.00000000000001,83.5,4
6.5,1,1,0,74,4.2,No,Yes,57,71,NotPlaced,64.0,84.00000000000001,79.0,2
6.7,1,2,0,63,3.7,No,No,55,62,NotPlaced,58.5,74.0,68.5,3
8.8,1,3,2,90,4.8,Yes,Yes,85,81,Placed,83.0,96.0,93.0,6
8.2,2,3,2,90,4.8,Yes,Yes,88,80,Placed,84.0,96.0,93.0,7
7.3,1,3,3,90,4.7,Yes,Yes,90,82,Placed,86.0,94.0,92.0,7
8.6,2,3,2,83,4.8,Yes,No,55,67,NotPlaced,61.0,96.0,89.5,7
7.8,1,3,1,84,4.5,Yes,Yes,56,88,NotPlaced,72.0,90.0,87.0,5
8.6,1,3,2,84,4.8,Yes,Yes,73,86,Placed,79.5,96.0,90.0,6
8.5,1,3,2,80,4.8,Yes,Yes,84,87,Placed,85.5,96.0,88.0,6
8.1,2,3,2,90,4.8,Yes,Yes,86,87,Placed,86.5,96.0,93.0,7
7.7,1,3,1,79,4.4,Yes,Yes,70,84,Placed,77.0,88.00000000000001,83.5,5
8.5,1,0,0,81,4.1,No,No,57,71,NotPlaced,64.0,82.0,81.5,1
7.5,2,2,0,80,4.8,Yes,Yes,77,72,Placed,74.5,96.0,88.0,4
8.1,0,1,1,81,4.5,Yes,Yes,60,78,Placed,69.0,90.0,85.5,2
7.5,1,2,2,75,4.3,No,Yes,76,85,Placed,80.5,86.0,80.5,5
8.8,2,3,2,88,4.7,Yes,Yes,73,82,Placed,77.5,94.0,91.0,7
8.3,2,3,3,83,4.6,Yes,No,78,85,Placed,81.5,92.0,87.5,8
7.5,1,2,0,68,3.8,Yes,Yes,55,69,NotPlaced,62.0,76.0,72.0,3
8.2,1,2,0,79,4.8,No,Yes,56,66,NotPlaced,61.0,96.0,87.5,3
6.5,1,1,1,74,4.0,No,No,87,67,NotPlaced,77.0,80.0,77.0,3
7.6,0,1,1,62,3.9,No,No,65,58,NotPlaced,61.5,78.0,70.0,2
6.5,1,1,0,78,4.1,Yes,Yes,75,84,NotPlaced,79.5,82.0,80.0,2
8.6,2,3,2,90,4.8,Yes,No,82,87,Placed,84.5,96.0,93.0,7
7.8,0,1,1,60,4.1,No,No,55,68,NotPlaced,61.5,82.0,71.0,2
6.6,1,1,1,60,3.9,No,No,61,73,NotPlaced,67.0,78.0,69.0,3
8.5,1,2,2,86,4.6,Yes,Yes,73,75,Placed,74.0,92.0,89.0,5
7.3,1,1,0,76,4.2,No,Yes,55,66,NotPlaced,60.5,84.00000000000001,80.0,2
8.6,2,3,2,90,4.8,Yes,Yes,84,87,Placed,85.5,96.0,93.0,7
7.6,1,1,1,74,4.3,Yes,Yes,61,60,NotPlaced,60.5,86.0,80.0,3
8.2,2,3,2,90,4.8,Yes,Yes,79,86,Placed,82.5,96.0,93.0,7
7.5,0,2,1,70,4.4,Yes,Yes,55,73,Placed,64.0,88.00000000000001,79.0,3
8.8,1,2,2,85,4.8,Yes,Yes,68,87,Placed,77.5,96.0,90.5,5
7.9,1,3,1,71,4.6,Yes,Yes,57,68,NotPlaced,62.5,92.0,81.5,5
8.2,0,1,0,69,4.8,No,Yes,80,66,NotPlaced,73.0,96.0,82.5,1
8.3,2,3,2,82,4.7,Yes,Yes,79,82,Placed,80.5,94.0,88.0,7
6.9,1,1,1,73,3.6,No,No,71,57,NotPlaced,64.0,72.0,72.5,3
7.3,1,1,1,79,4.8,Yes,No,83,78,NotPlaced,80.5,96.0,87.5,3
7.6,1,1,1,62,3.4,No,No,60,62,NotPlaced,61.0,68.0,65.0,3
7.4,0,1,0,71,4.4,No,No,57,66,NotPlaced,61.5,88.00000000000001,79.5,1
8.5,2,3,2,90,4.2,Yes,No,73,83,Placed,78.0,84.00000000000001,87.0,7
8.2,2,3,2,75,3.9,Yes,Yes,78,69,NotPlaced,73.5,78.0,76.5,7
7.4,1,2,1,78,4.4,No,Yes,81,68,NotPlaced,74.5,88.00000000000001,83.0,4
7.5,1,2,2,82,4.8,Yes,Yes,74,86,NotPlaced,80.0,96.0,89.0,5
6.6,1,2,1,80,4.1,Yes,Yes,58,64,NotPlaced,61.0,82.0,81.0,4
8.4,2,3,2,90,4.8,Yes,Yes,87,80,Placed,83.5,96.0,93.0,7
8.4,2,3,2,90,4.5,Yes,Yes,73,82,Placed,77.5,90.0,90.0,7
7.2,0,2,0,82,3.9,Yes,No,69,64,Placed,66.5,78.0,80.0,2
8.1,2,3,2,87,4.8,Yes,Yes,78,80,NotPlaced,79.0,96.0,91.5,7
8.6,1,2,1,83,4.6,No,Yes,62,81,NotPlaced,71.5,92.0,87.5,4
8.3,2,3,2,90,4.8,Yes,Yes,76,80,Placed,78.0,96.0,93.0,7
7.6,0,3,0,78,4.5,Yes,Yes,72,84,NotPlaced,78.0,90.0,84.0,3
7.9,1,1,1,69,3.9,No,No,62,60,NotPlaced,61.0,78.0,73.5,3
8.3,0,3,1,90,4.6,Yes,Yes,87,88,Placed,87.5,92.0,91.0,4
7.6,1,1,0,69,4.5,No,No,57,62,NotPlaced,59.5,90.0,79.5,2
6.5,0,1,0,65,4.1,Yes,No,55,67,NotPlaced,61.0,82.0,73.5,1
6.5,0,2,1,69,3.8,No,No,63,62,NotPlaced,62.5,76.0,72.5,3
8.2,2,3,0,90,4.8,Yes,Yes,78,78,Placed,78.0,96.0,93.0,5
8.3,1,1,1,77,3.4,No,No,58,63,NotPlaced,60.5,68.0,72.5,3
8.0,2,3,2,90,4.6,Yes,Yes,81,88,Placed,84.5,92.0,91.0,7
8.3,1,3,2,77,4.5,Yes,Yes,79,74,Placed,76.5,90.0,83.5,6
7.5,1,3,2,68,3.6,Yes,Yes,78,69,Placed,73.5,72.0,70.0,6
8.3,1,3,0,82,4.1,No,Yes,76,70,NotPlaced,73.0,82.0,82.0,4
7.6,1,1,0,76,4.6,No,Yes,59,62,NotPlaced,60.5,92.0,84.0,2
7.7,1,1,0,76,3.8,No,Yes,75,58,NotPlaced,66.5,76.0,76.0,2
8.8,2,3,2,90,4.8,Yes,Yes,70,79,Placed,74.5,96.0,93.0,7
7.6,0,1,0,68,4.0,No,Yes,56,70,NotPlaced,63.0,80.0,74.0,1
6.5,1,2,1,68,3.7,No,Yes,55,66,NotPlaced,60.5,74.0,71.0,4
7.5,1,2,1,78,3.8,No,Yes,65,71,NotPlaced,68.0,76.0,77.0,4
7.8,2,3,0,90,4.8,Yes,Yes,78,83,Placed,80.5,96.0,93.0,5
7.6,1,3,1,86,4.6,Yes,Yes,79,82,NotPlaced,80.5,92.0,89.0,5
7.5,1,1,1,74,4.6,No,Yes,57,69,NotPlaced,63.0,92.0,83.0,3
6.5,1,3,1,76,4.8,No,Yes,65,65,NotPlaced,65.0,96.0,86.0,5
7.6,1,1,0,67,3.8,No,No,62,60,NotPlaced,61.0,76.0,71.5,2
8.5,2,3,2,90,4.7,Yes,Yes,78,84,Placed,81.0,94.0,92.0,7
7.8,2,1,0,88,4.0,No,Yes,55,69,NotPlaced,62.0,80.0,84.0,3
8.0,1,2,0,85,4.3,No,Yes,59,72,NotPlaced,65.5,86.0,85.5,3
8.0,1,2,0,76,4.4,Yes,Yes,61,70,Placed,65.5,88.00000000000001,82.0,3
8.2,2,3,3,81,4.8,Yes,Yes,82,80,Placed,81.0,96.0,88.5,8
7.5,1,2,1,77,3.7,No,Yes,55,70,NotPlaced,62.5,74.0,75.5,4
7.8,1,1,1,73,4.0,No,No,58,61,NotPlaced,59.5,80.0,76.5,3
6.6,0,2,0,64,3.8,No,Yes,55,70,NotPlaced,62.5,76.0,70.0,2
8.2,1,3,2,90,4.6,Yes,Yes,75,82,Placed,78.5,92.0,91.0,6
8.4,1,3,2,89,4.2,No,No,56,63,NotPlaced,59.5,84.00000000000001,86.5,6
8.3,0,3,2,87,4.7,Yes,Yes,77,83,Placed,80.0,94.0,90.5,5
6.9,1,3,1,86,4.5,Yes,Yes,77,84,Placed,80.5,90.0,88.0,5
7.6,1,2,0,73,3.8,No,Yes,76,64,NotPlaced,70.0,76.0,74.5,3
6.5,1,2,0,74,4.0,No,Yes,80,64,Placed,72.0,80.0,77.0,3
8.3,1,2,0,70,4.8,Yes,Yes,83,82,Placed,82.5,96.0,83.0,3
7.9,2,3,2,88,4.7,Yes,No,81,80,Placed,80.5,94.0,91.0,7
7.7,1,1,1,80,4.1,Yes,No,55,69,NotPlaced,62.0,82.0,81.0,3
8.5,2,3,3,79,4.1,Yes,Yes,69,86,NotPlaced,77.5,82.0,80.5,8
6.7,1,3,0,73,4.5,Yes,Yes,70,73,Placed,71.5,90.0,81.5,4
8.5,1,3,3,70,3.8,Yes,Yes,72,85,Placed,78.5,76.0,73.0,7
7.1,1,1,0,79,4.3,Yes,Yes,69,69,Placed,69.0,86.0,82.5,2
8.2,1,3,2,90,4.4,Yes,Yes,79,85,NotPlaced,82.0,88.00000000000001,89.0,6
7.9,2,3,2,79,4.1,No,Yes,76,87,NotPlaced,81.5,82.0,80.5,7
7.4,1,2,1,79,4.4,Yes,Yes,55,62,Placed,58.5,88.00000000000001,83.5,4
7.3,1,2,1,68,4.6,Yes,No,75,83,NotPlaced,79.0,92.0,80.0,4
7.6,1,1,0,70,4.5,No,No,69,74,NotPlaced,71.5,90.0,80.0,2
8.4,0,2,0,69,4.0,Yes,Yes,55,72,Placed,63.5,80.0,74.5,2
8.2,1,3,2,85,4.6,Yes,Yes,76,85,NotPlaced,80.5,92.0,88.5,6
6.6,2,3,0,75,3.9,Yes,Yes,55,81,NotPlaced,68.0,78.0,76.5,5
6.8,1,1,0,67,4.1,Yes,No,61,71,NotPlaced,66.0,82.0,74.5,2
7.7,1,1,0,80,4.2,Yes,Yes,79,84,Placed,81.5,84.00000000000001,82.0,2
8.3,2,3,2,77,4.0,Yes,Yes,55,70,NotPlaced,62.5,80.0,78.5,7
8.4,2,1,0,84,4.4,Yes,Yes,83,58,NotPlaced,70.5,88.00000000000001,86.0,3
7.9,0,3,2,89,4.5,No,Yes,79,80,NotPlaced,79.5,90.0,89.5,5
8.3,2,3,2,90,4.8,Yes,Yes,81,81,Placed,81.0,96.0,93.0,7
7.1,1,2,2,81,4.8,Yes,Yes,70,84,NotPlaced,77.0,96.0,88.5,5
6.8,1,2,0,81,4.2,Yes,Yes,72,84,NotPlaced,78.0,84.00000000000001,82.5,3
6.6,1,1,0,86,4.4,Yes,Yes,68,69,Placed,68.5,88.00000000000001,87.0,2
7.9,1,1,1,70,3.4,No,No,62,71,NotPlaced,66.5,68.0,69.0,3
7.4,1,1,1,82,3.7,No,No,56,75,NotPlaced,65.5,74.0,78.0,3
8.2,0,3,2,75,4.6,Yes,Yes,85,62,Placed,73.5,92.0,83.5,5
8.0,2,3,2,90,4.3,No,Yes,67,86,Placed,76.5,86.0,88.0,7
8.8,2,2,2,89,4.8,Yes,Yes,86,85,NotPlaced,85.5,96.0,92.5,6
6.5,1,2,0,80,3.8,No,Yes,55,60,NotPlaced,57.5,76.0,78.0,3
6.6,0,1,0,78,4.8,No,No,62,72,NotPlaced,67.0,96.0,87.0,1
8.5,0,3,2,90,4.7,Yes,No,84,60,Placed,72.0,94.0,92.0,5
6.8,1,2,0,73,4.3,No,Yes,79,62,Placed,70.5,86.0,79.5,3
7.7,1,2,0,77,4.2,Yes,Yes,55,69,Placed,62.0,84.00000000000001,80.5,3
7.5,1,3,1,74,4.7,Yes,Yes,78,68,Placed,73.0,94.0,84.0,5
7.8,1,1,0,79,3.8,Yes,Yes,58,61,NotPlaced,59.5,76.0,77.5,2
7.9,2,3,2,90,4.7,Yes,Yes,77,84,Placed,80.5,94.0,92.0,7
8.7,2,3,0,72,4.3,No,Yes,64,66,Placed,65.0,86.0,79.0,5
8.5,1,1,0,73,4.0,No,Yes,61,63,NotPlaced,62.0,80.0,76.5,2
8.0,1,2,0,90,4.7,Yes,Yes,73,80,Placed,76.5,94.0,92.0,3
8.0,2,1,0,90,4.3,No,Yes,71,83,NotPlaced,77.0,86.0,88.0,3
7.8,1,1,0,68,4.3,Yes,Yes,56,72,NotPlaced,64.0,86.0,77.0,2
6.5,1,2,0,79,4.5,No,Yes,55,67,NotPlaced,61.0,90.0,84.5,3
7.8,1,1,2,82,4.2,Yes,Yes,55,86,NotPlaced,70.5,84.00000000000001,83.0,4
6.5,1,2,1,74,4.6,Yes,Yes,62,72,NotPlaced,67.0,92.0,83.0,4
7.9,1,2,1,77,4.4,Yes,No,83,64,NotPlaced,73.5,88.00000000000001,82.5,4
6.9,2,1,2,89,4.7,Yes,Yes,78,81,Placed,79.5,94.0,91.5,5
7.9,2,3,2,90,4.8,Yes,Yes,86,79,Placed,82.5,96.0,93.0,7
6.5,1,2,0,76,4.1,Yes,Yes,81,83,Placed,82.0,82.0,79.0,3
7.6,1,1,0,84,4.5,No,Yes,63,81,Placed,72.0,90.0,87.0,2
7.8,1,2,0,72,4.4,Yes,Yes,55,69,NotPlaced,62.0,88.00000000000001,80.0,3
6.7,0,1,1,81,4.1,No,Yes,81,64,NotPlaced,72.5,82.0,81.5,2
6.5,1,2,0,70,3.9,No,Yes,63,63,NotPlaced,63.0,78.0,74.0,3
8.5,2,3,2,90,4.6,Yes,Yes,79,81,Placed,80.0,92.0,91.0,7
8.1,1,2,1,76,3.7,No,Yes,69,82,NotPlaced,75.5,74.0,75.0,4
7.7,0,1,0,67,3.8,No,Yes,57,66,NotPlaced,61.5,76.0,71.5,1
7.7,0,1,0,81,4.4,Yes,Yes,76,68,NotPlaced,72.0,88.00000000000001,84.5,1
7.8,1,3,2,84,4.6,Yes,Yes,66,84,Placed,75.0,92.0,88.0,6
8.3,1,1,1,75,3.9,Yes,Yes,55,73,Placed,64.0,78.0,76.5,3
8.5,1,3,2,90,4.7,Yes,Yes,75,86,Placed,80.5,94.0,92.0,6
8.1,0,1,1,70,3.7,No,Yes,57,69,NotPlaced,63.0,74.0,72.0,2
6.6,1,3,0,71,4.2,No,No,55,66,NotPlaced,60.5,84.00000000000001,77.5,4
7.4,0,1,1,61,3.8,No,No,62,64,NotPlaced,63.0,76.0,68.5,2
8.1,1,3,2,69,4.6,Yes,Yes,55,80,NotPlaced,67.5,92.0,80.5,6
8.4,2,3,2,90,4.8,Yes,Yes,85,82,Placed,83.5,96.0,93.0,7
7.0,1,1,1,69,4.0,Yes,Yes,76,65,NotPlaced,70.5,80.0,74.5,3
6.8,1,2,1,73,4.3,Yes,No,86,71,NotPlaced,78.5,86.0,79.5,4
7.7,0,2,1,81,4.6,Yes,Yes,59,72,NotPlaced,65.5,92.0,86.5,3
8.7,2,3,2,90,4.3,Yes,Yes,84,86,Placed,85.0,86.0,88.0,7
8.2,1,1,1,69,4.2,No,No,58,62,NotPlaced,60.0,84.00000000000001,76.5,3
8.1,0,1,0,88,4.3,No,No,55,61,NotPlaced,58.0,86.0,87.0,1
8.4,1,3,0,74,4.6,No,Yes,70,69,NotPlaced,69.5,92.0,83.0,4
8.2,1,3,2,79,4.8,Yes,Yes,71,82,Placed,76.5,96.0,87.5,6
7.6,2,3,1,74,4.2,Yes,Yes,81,63,NotPlaced,72.0,84.00000000000001,79.0,6
8.9,1,3,1,74,4.5,Yes,Yes,62,81,Placed,71.5,90.0,82.0,5
7.7,1,2,0,80,4.1,Yes,Yes,73,62,NotPlaced,67.5,82.0,81.0,3
7.4,1,1,0,71,3.9,No,Yes,55,59,NotPlaced,57.0,78.0,74.5,2
8.2,2,3,2,90,4.5,Yes,Yes,74,81,Placed,77.5,90.0,90.0,7
8.0,2,2,2,86,4.5,Yes,Yes,76,85,Placed,80.5,90.0,88.0,6
8.3,0,3,2,90,4.3,Yes,Yes,63,88,Placed,75.5,86.0,88.0,5
7.5,0,3,0,88,4.0,No,Yes,71,86,NotPlaced,78.5,80.0,84.0,3
8.7,2,2,2,90,4.7,Yes,Yes,76,85,Placed,80.5,94.0,92.0,6
8.1,0,2,0,78,4.0,No,No,58,68,NotPlaced,63.0,80.0,79.0,2
8.2,2,3,2,90,4.8,Yes,Yes,85,80,Placed,82.5,96.0,93.0,7
8.5,2,3,2,90,4.8,Yes,Yes,90,83,Placed,86.5,96.0,93.0,7
8.0,1,3,2,79,4.8,Yes,Yes,83,85,Placed,84.0,96.0,87.5,6
7.2,1,1,1,72,4.0,No,Yes,55,69,Placed,62.0,80.0,76.0,3
7.2,1,3,0,77,4.6,No,Yes,75,75,NotPlaced,75.0,92.0,84.5,4
7.1,2,3,0,75,3.5,Yes,No,69,69,NotPlaced,69.0,70.0,72.5,5
8.0,2,3,2,89,4.8,Yes,Yes,86,81,Placed,83.5,96.0,92.5,7
8.4,2,3,1,87,4.7,Yes,Yes,80,82,Placed,81.0,94.0,90.5,6
8.0,2,3,2,90,4.8,Yes,Yes,82,81,Placed,81.5,96.0,93.0,7
8.1,2,3,2,84,4.6,Yes,Yes,83,88,Placed,85.5,92.0,88.0,7
6.5,1,1,0,61,3.6,No,Yes,63,65,NotPlaced,64.0,72.0,66.5,2
8.3,0,2,2,77,3.8,Yes,Yes,55,74,NotPlaced,64.5,76.0,76.5,4
8.1,2,3,2,90,4.7,Yes,Yes,77,84,Placed,80.5,94.0,92.0,7
7.8,0,2,0,74,4.3,No,No,56,64,NotPlaced,60.0,86.0,80.0,2
7.4,2,1,2,70,4.3,No,Yes,76,67,NotPlaced,71.5,86.0,78.0,5
7.9,1,1,1,79,4.0,No,No,55,61,NotPlaced,58.0,80.0,79.5,3
6.7,2,2,0,65,4.7,No,No,66,62,NotPlaced,64.0,94.0,79.5,4
7.2,1,1,0,84,4.3,No,Yes,63,67,NotPlaced,65.0,86.0,85.0,2
8.3,2,1,1,81,4.0,Yes,Yes,55,70,Placed,62.5,80.0,80.5,4
8.1,1,2,1,80,4.4,Yes,Yes,76,85,Placed,80.5,88.00000000000001,84.0,4
7.5,1,3,0,80,4.3,Yes,Yes,73,73,NotPlaced,73.0,86.0,83.0,4
8.2,2,1,2,81,4.0,Yes,Yes,83,86,NotPlaced,84.5,80.0,80.5,5
8.3,1,2,1,85,4.8,Yes,Yes,67,82,Placed,74.5,96.0,90.5,4
7.6,1,1,0,79,4.0,No,Yes,62,69,NotPlaced,65.5,80.0,79.5,2
7.5,1,1,1,70,4.6,No,Yes,55,65,NotPlaced,60.0,92.0,81.0,3
8.7,1,3,0,90,4.2,Yes,Yes,71,68,Placed,69.5,84.00000000000001,87.0,4
7.6,0,2,0,84,4.2,No,No,74,69,NotPlaced,71.5,84.00000000000001,84.0,2
7.6,1,1,0,88,4.2,Yes,Yes,55,57,Placed,56.0,84.00000000000001,86.0,2
7.6,0,1,1,76,4.5,No,No,65,68,NotPlaced,66.5,90.0,83.0,2
8.3,2,2,0,81,4.0,Yes,No,75,82,Placed,78.5,80.0,80.5,4
7.6,0,2,1,60,4.3,No,Yes,55,60,NotPlaced,57.5,86.0,73.0,3
8.0,2,3,1,87,4.7,Yes,Yes,87,86,Placed,86.5,94.0,90.5,6
8.4,1,3,1,84,4.5,Yes,Yes,75,88,Placed,81.5,90.0,87.0,5
8.4,2,3,2,83,4.8,Yes,No,79,82,NotPlaced,80.5,96.0,89.5,7
7.5,2,1,0,71,3.4,Yes,No,84,65,NotPlaced,74.5,68.0,69.5,3
6.5,1,1,0,81,3.9,No,Yes,55,70,NotPlaced,62.5,78.0,79.5,2
7.6,1,2,1,79,4.2,No,Yes,73,85,Placed,79.0,84.00000000000001,81.5,4
7.6,1,2,0,74,4.6,No,Yes,59,60,NotPlaced,59.5,92.0,83.0,3
8.0,1,3,0,81,4.3,Yes,Yes,72,71,NotPlaced,71.5,86.0,83.5,4
7.6,0,2,0,79,4.0,Yes,Yes,55,70,NotPlaced,62.5,80.0,79.5,2
8.6,1,3,2,90,4.8,Yes,Yes,74,87,Placed,80.5,96.0,93.0,6
7.2,1,2,2,76,3.6,No,No,60,75,NotPlaced,67.5,72.0,74.0,5
7.6,1,3,2,72,4.2,No,No,55,60,NotPlaced,57.5,84.00000000000001,78.0,6
7.5,1,3,1,89,4.8,Yes,Yes,80,86,NotPlaced,83.0,96.0,92.5,5
7.6,0,2,1,85,4.6,No,Yes,72,64,Placed,68.0,92.0,88.5,3
7.0,1,3,0,90,4.2,No,Yes,72,84,Placed,78.0,84.00000000000001,87.0,4
8.0,1,3,3,90,4.7,Yes,Yes,68,85,Placed,76.5,94.0,92.0,7
7.4,1,1,0,70,4.0,No,Yes,55,67,NotPlaced,61.0,80.0,75.0,2
8.1,2,3,0,90,4.4,No,Yes,78,86,Placed,82.0,88.00000000000001,89.0,5
8.1,1,1,0,79,4.4,Yes,Yes,73,88,NotPlaced,80.5,88.00000000000001,83.5,2
7.4,0,1,1,67,4.5,Yes,No,55,68,NotPlaced,61.5,90.0,78.5,2
6.8,1,2,0,69,3.7,No,Yes,57,71,NotPlaced,64.0,74.0,71.5,3
6.9,1,3,0,77,4.8,Yes,Yes,80,80,Placed,80.0,96.0,86.5,4
8.2,1,3,2,87,4.8,Yes,No,90,85,Placed,87.5,96.0,91.5,6
8.0,1,2,2,82,4.7,Yes,Yes,75,73,Placed,74.0,94.0,88.0,5
7.7,1,1,1,67,3.9,No,No,55,66,NotPlaced,60.5,78.0,72.5,3
8.5,1,3,0,76,3.9,Yes,Yes,64,61,NotPlaced,62.5,78.0,77.0,4
8.1,2,3,1,74,4.0,Yes,No,61,82,NotPlaced,71.5,80.0,77.0,6
8.1,2,3,0,75,3.5,Yes,Yes,70,64,NotPlaced,67.0,70.0,72.5,5
6.7,0,3,0,77,4.6,No,No,55,64,NotPlaced,59.5,92.0,84.5,3
8.4,1,2,1,84,4.3,Yes,Yes,72,67,NotPlaced,69.5,86.0,85.0,4
8.2,1,0,2,90,4.7,Yes,Yes,73,88,Placed,80.5,94.0,92.0,3
7.5,1,2,0,72,4.4,No,Yes,77,69,Placed,73.0,88.00000000000001,80.0,3
7.4,1,3,2,74,4.6,Yes,Yes,82,66,NotPlaced,74.0,92.0,83.0,6
8.4,0,2,2,80,4.1,Yes,Yes,75,63,Placed,69.0,82.0,81.0,4
8.2,1,2,2,89,4.3,Yes,No,79,80,Placed,79.5,86.0,87.5,5
6.5,0,1,1,70,4.2,No,Yes,55,63,NotPlaced,59.0,84.00000000000001,77.0,2
7.5,2,1,0,70,4.6,Yes,No,73,79,NotPlaced,76.0,92.0,81.0,3
8.4,2,1,1,78,3.9,Yes,Yes,57,62,NotPlaced,59.5,78.0,78.0,4
7.6,1,2,2,87,3.9,No,No,55,82,Placed,68.5,78.0,82.5,5
8.9,2,3,2,90,4.7,Yes,Yes,81,87,Placed,84.0,94.0,92.0,7
6.6,1,1,0,77,3.9,No,No,55,70,NotPlaced,62.5,78.0,77.5,2
8.7,2,3,2,90,4.8,Yes,Yes,83,85,Placed,84.0,96.0,93.0,7
8.7,1,3,2,89,4.7,Yes,Yes,79,81,Placed,80.0,94.0,91.5,6
8.5,2,3,2,90,4.8,Yes,Yes,72,85,Placed,78.5,96.0,93.0,7
8.5,2,3,2,88,4.4,Yes,Yes,88,85,Placed,86.5,88.00000000000001,88.0,7
7.4,1,3,1,71,4.1,No,Yes,87,64,Placed,75.5,82.0,76.5,5
7.5,1,1,0,75,4.4,No,No,68,69,NotPlaced,68.5,88.00000000000001,81.5,2
7.8,1,1,0,77,3.8,No,No,55,57,NotPlaced,56.0,76.0,76.5,2
8.6,1,2,2,82,4.3,Yes,Yes,82,83,Placed,82.5,86.0,84.0,5
7.7,1,2,2,90,4.7,Yes,Yes,58,85,Placed,71.5,94.0,92.0,5
8.3,2,3,0,90,4.8,Yes,Yes,87,79,Placed,83.0,96.0,93.0,5
7.4,1,1,1,64,3.9,No,No,63,61,NotPlaced,62.0,78.0,71.0,3
7.8,1,2,0,83,4.7,No,Yes,55,85,NotPlaced,70.0,94.0,88.5,3
8.5,0,2,0,90,4.4,Yes,Yes,79,61,Placed,70.0,88.00000000000001,89.0,2
7.5,1,2,1,76,4.4,No,Yes,70,75,NotPlaced,72.5,88.00000000000001,82.0,4
8.3,0,3,0,86,4.5,Yes,Yes,69,78,Placed,73.5,90.0,88.0,3
6.7,1,2,1,80,4.5,No,Yes,59,62,NotPlaced,60.5,90.0,85.0,4
7.7,1,3,2,81,4.8,No,Yes,55,73,NotPlaced,64.0,96.0,88.5,6
7.5,1,1,3,74,4.6,Yes,Yes,80,65,Placed,72.5,92.0,83.0,5
6.6,1,3,0,87,4.7,Yes,Yes,83,84,Placed,83.5,94.0,90.5,4
6.6,1,3,2,79,4.5,Yes,Yes,60,71,Placed,65.5,90.0,84.5,6
8.2,2,3,0,85,4.7,Yes,Yes,72,87,Placed,79.5,94.0,89.5,5
7.8,1,1,0,85,4.0,Yes,Yes,59,75,NotPlaced,67.0,80.0,82.5,2
8.0,1,1,1,79,4.6,Yes,No,66,67,NotPlaced,66.5,92.0,85.5,3
6.5,1,1,0,64,4.1,No,No,63,68,NotPlaced,65.5,82.0,73.0,2
7.7,1,3,0,74,4.7,No,Yes,73,67,Placed,70.0,94.0,84.0,4
8.6,2,3,1,90,4.3,Yes,Yes,71,82,Placed,76.5,86.0,88.0,6
6.5,1,1,0,65,4.3,No,No,61,70,NotPlaced,65.5,86.0,75.5,2
6.9,1,1,0,67,3.8,No,No,70,60,NotPlaced,65.0,76.0,71.5,2
6.5,1,2,1,79,3.9,No,Yes,57,71,NotPlaced,64.0,78.0,78.5,4
6.5,1,3,1,79,3.5,No,Yes,75,72,NotPlaced,73.5,70.0,74.5,5
6.5,1,3,1,78,3.2,No,No,79,76,NotPlaced,77.5,64.0,71.0,5
8.4,1,3,2,75,4.5,Yes,Yes,79,62,NotPlaced,70.5,90.0,82.5,6
8.5,2,3,2,84,4.7,Yes,Yes,87,80,Placed,83.5,94.0,89.0,7
7.2,1,3,0,68,4.4,No,No,84,82,NotPlaced,83.0,88.00000000000001,78.0,4
7.6,1,1,0,81,3.3,Yes,Yes,57,65,NotPlaced,61.0,65.99999999999999,73.5,2
7.0,1,2,2,82,3.9,No,No,62,64,NotPlaced,63.0,78.0,80.0,5
8.1,1,2,1,68,4.8,Yes,Yes,76,74,Placed,75.0,96.0,82.0,4
7.5,2,2,1,63,4.0,Yes,Yes,55,68,NotPlaced,61.5,80.0,71.5,5
8.6,0,2,1,79,3.8,Yes,Yes,69,86,Placed,77.5,76.0,77.5,3
7.3,1,3,1,79,3.3,No,Yes,72,69,NotPlaced,70.5,65.99999999999999,72.5,5
8.9,1,2,1,76,4.8,Yes,Yes,76,81,Placed,78.5,96.0,86.0,4
8.1,1,1,1,86,4.5,No,Yes,73,69,NotPlaced,71.0,90.0,88.0,3
7.6,0,1,0,70,4.6,No,Yes,77,64,Placed,70.5,92.0,81.0,1
7.6,1,2,0,86,4.7,No,Yes,55,87,NotPlaced,71.0,94.0,90.0,3
7.3,1,1,0,75,3.9,No,No,55,61,NotPlaced,58.0,78.0,76.5,2
6.5,1,1,0,68,4.3,Yes,No,60,66,NotPlaced,63.0,86.0,77.0,2
8.4,0,1,3,83,4.3,Yes,Yes,71,74,NotPlaced,72.5,86.0,84.5,4
8.1,2,3,2,90,4.8,Yes,Yes,79,87,Placed,83.0,96.0,93.0,7
7.8,1,2,0,72,3.6,Yes,Yes,60,64,NotPlaced,62.0,72.0,72.0,3
8.3,1,3,0,84,4.4,Yes,Yes,82,80,Placed,81.0,88.00000000000001,86.0,4
6.7,1,1,1,67,4.0,No,Yes,55,69,NotPlaced,62.0,80.0,73.5,3
8.0,0,1,0,81,4.5,No,No,75,82,NotPlaced,78.5,90.0,85.5,1
7.1,1,2,0,87,4.2,Yes,Yes,69,72,Placed,70.5,84.00000000000001,85.5,3
8.5,1,2,1,75,4.7,Yes,No,72,65,NotPlaced,68.5,94.0,84.5,4
6.6,1,1,0,90,3.9,No,Yes,55,66,NotPlaced,60.5,78.0,84.0,2
7.4,0,1,0,76,3.7,No,Yes,62,68,NotPlaced,65.0,74.0,75.0,1
7.4,1,2,0,85,4.6,No,Yes,60,68,Placed,64.0,92.0,88.5,3
7.8,1,1,0,66,4.1,No,Yes,61,82,NotPlaced,71.5,82.0,74.0,2
8.5,2,3,2,90,4.8,Yes,Yes,80,82,Placed,81.0,96.0,93.0,7
6.5,1,2,0,71,4.3,No,No,59,72,NotPlaced,65.5,86.0,78.5,3
8.1,0,3,1,90,4.7,Yes,Yes,81,86,NotPlaced,83.5,94.0,92.0,4
8.6,0,3,0,90,4.0,Yes,No,75,85,NotPlaced,80.0,80.0,85.0,3
8.4,2,1,0,86,4.6,Yes,Yes,57,82,NotPlaced,69.5,92.0,89.0,3
7.5,1,1,0,72,4.3,No,Yes,71,69,NotPlaced,70.0,86.0,79.0,2
8.1,0,3,0,90,4.5,Yes,No,78,85,Placed,81.5,90.0,90.0,3
7.6,0,1,0,86,4.2,No,Yes,55,70,NotPlaced,62.5,84.00000000000001,85.0,1
7.8,0,1,1,71,3.9,No,No,55,74,NotPlaced,64.5,78.0,74.5,2
7.4,0,1,0,62,3.9,No,No,55,61,NotPlaced,58.0,78.0,70.0,1
8.3,0,1,1,77,4.7,Yes,Yes,79,82,Placed,80.5,94.0,85.5,2
6.5,0,1,0,68,4.5,No,No,66,74,NotPlaced,70.0,90.0,79.0,1
7.9,1,1,1,73,4.3,No,No,55,82,NotPlaced,68.5,86.0,79.5,3
8.1,1,2,0,68,4.7,No,Yes,67,87,Placed,77.0,94.0,81.0,3
7.1,1,1,1,66,4.2,No,No,55,65,NotPlaced,60.0,84.00000000000001,75.0,3
7.6,1,2,0,73,4.2,Yes,Yes,58,72,NotPlaced,65.0,84.00000000000001,78.5,3
6.5,1,2,0,71,4.4,No,No,55,61,NotPlaced,58.0,88.00000000000001,79.5,3
7.2,1,1,1,69,3.7,No,No,65,70,NotPlaced,67.5,74.0,71.5,3
6.7,0,1,0,78,3.8,No,Yes,61,62,NotPlaced,61.5,76.0,77.0,1
7.0,0,1,1,66,3.8,No,No,55,65,NotPlaced,60.0,76.0,71.0,2
6.5,2,1,2,80,4.6,Yes,No,57,66,Placed,61.5,92.0,86.0,5
7.5,0,1,0,60,3.5,No,No,55,63,NotPlaced,59.0,70.0,65.0,1
7.6,1,1,0,65,4.1,Yes,No,55,65,NotPlaced,60.0,82.0,73.5,2
6.7,1,1,2,69,3.5,No,No,77,58,NotPlaced,67.5,70.0,69.5,4
6.7,0,1,0,82,3.8,No,No,67,63,NotPlaced,65.0,76.0,79.0,1
8.4,2,2,2,71,3.4,No,Yes,59,81,NotPlaced,70.0,68.0,69.5,6
8.5,1,3,2,89,4.8,Yes,Yes,81,86,Placed,83.5,96.0,92.5,6
8.8,2,2,2,77,3.9,Yes,No,87,81,NotPlaced,84.0,78.0,77.5,6
8.2,1,2,0,69,3.9,Yes,Yes,68,63,NotPlaced,65.5,78.0,73.5,3
6.7,0,3,1,67,4.2,Yes,No,63,63,NotPlaced,63.0,84.00000000000001,75.5,4
8.0,1,1,0,81,4.4,Yes,Yes,70,71,NotPlaced,70.5,88.00000000000001,84.5,2
7.3,1,2,1,86,3.4,No,Yes,63,74,NotPlaced,68.5,68.0,77.0,4
8.2,2,3,3,90,4.2,Yes,Yes,78,77,NotPlaced,77.5,84.00000000000001,87.0,8
8.1,2,3,0,74,4.3,Yes,Yes,82,84,NotPlaced,83.0,86.0,80.0,5
7.6,1,2,0,78,3.8,No,No,71,64,NotPlaced,67.5,76.0,77.0,3
6.8,1,1,1,67,4.1,No,No,59,66,NotPlaced,62.5,82.0,74.5,3
8.2,0,1,2,77,4.3,No,No,68,68,NotPlaced,68.0,86.0,81.5,3
7.5,1,1,1,68,4.3,No,No,61,67,NotPlaced,64.0,86.0,77.0,3
8.5,1,3,2,89,4.8,Yes,Yes,82,83,Placed,82.5,96.0,92.5,6
8.1,2,3,0,88,4.6,Yes,Yes,78,67,Placed,72.5,92.0,90.0,5
6.7,1,2,0,71,4.3,No,No,57,80,NotPlaced,68.5,86.0,78.5,3
8.8,0,1,0,84,4.5,No,Yes,58,69,Placed,63.5,90.0,87.0,1
8.3,2,3,2,90,4.5,Yes,Yes,82,85,Placed,83.5,90.0,90.0,7
7.9,1,3,1,77,4.3,Yes,Yes,84,85,Placed,84.5,86.0,81.5,5
8.0,0,1,0,75,3.6,No,Yes,67,84,NotPlaced,75.5,72.0,73.5,1
7.8,2,2,2,89,4.7,Yes,Yes,82,80,Placed,81.0,94.0,91.5,6
7.8,2,3,2,90,4.8,Yes,Yes,77,86,Placed,81.5,96.0,93.0,7
7.4,1,1,0,63,3.8,No,Yes,62,70,NotPlaced,66.0,76.0,69.5,2
8.2,1,1,2,86,3.4,No,Yes,80,71,NotPlaced,75.5,68.0,77.0,4
6.5,2,2,1,76,3.9,Yes,Yes,60,68,NotPlaced,64.0,78.0,77.0,5
7.7,1,3,2,83,4.7,Yes,Yes,83,86,NotPlaced,84.5,94.0,88.5,6
8.3,2,3,2,90,4.8,Yes,Yes,73,87,Placed,80.0,96.0,93.0,7
7.5,1,2,1,64,4.2,No,Yes,70,64,NotPlaced,67.0,84.00000000000001,74.0,4
7.8,2,3,1,85,4.8,Yes,Yes,79,83,Placed,81.0,96.0,90.5,6
7.7,0,1,1,74,4.0,No,Yes,62,65,NotPlaced,63.5,80.0,77.0,2
8.2,2,3,2,85,4.8,Yes,Yes,85,81,Placed,83.0,96.0,90.5,7
7.4,1,1,2,81,4.6,Yes,Yes,68,85,Placed,76.5,92.0,86.5,4
8.4,1,3,0,81,4.7,No,Yes,55,87,NotPlaced,71.0,94.0,87.5,4
8.2,2,3,2,90,4.8,Yes,Yes,73,78,Placed,75.5,96.0,93.0,7
7.8,1,2,1,70,4.3,Yes,Yes,59,71,Placed,65.0,86.0,78.0,4
7.6,1,1,0,78,4.2,No,No,55,62,NotPlaced,58.5,84.00000000000001,81.0,2
7.5,1,2,0,76,4.7,No,Yes,59,73,NotPlaced,66.0,94.0,85.0,3
7.5,1,2,1,79,4.5,No,Yes,61,70,NotPlaced,65.5,90.0,84.5,4
7.6,1,3,1,90,4.5,Yes,Yes,70,80,NotPlaced,75.0,90.0,90.0,5
7.4,1,2,0,74,4.1,Yes,Yes,66,68,NotPlaced,67.0,82.0,78.0,3
8.3,1,1,2,79,3.7,Yes,Yes,82,76,Placed,79.0,74.0,76.5,4
7.6,1,1,0,81,4.0,No,No,55,70,NotPlaced,62.5,80.0,80.5,2
8.0,0,3,2,82,4.8,Yes,No,73,82,Placed,77.5,96.0,89.0,5
8.3,1,3,2,90,4.8,Yes,Yes,83,88,Placed,85.5,96.0,93.0,6
7.7,1,1,0,63,3.9,No,No,65,68,Placed,66.5,78.0,70.5,2
7.5,1,1,1,69,3.4,No,Yes,59,71,NotPlaced,65.0,68.0,68.5,3
7.4,0,1,0,72,4.5,No,Yes,55,75,NotPlaced,65.0,90.0,81.0,1
8.4,0,1,0,76,4.2,Yes,Yes,55,85,Placed,70.0,84.00000000000001,80.0,1
7.0,1,1,1,63,3.7,Yes,Yes,55,73,NotPlaced,64.0,74.0,68.5,3
8.3,2,3,2,90,4.8,Yes,Yes,78,83,Placed,80.5,96.0,93.0,7
7.5,1,1,1,76,3.9,No,Yes,77,67,NotPlaced,72.0,78.0,77.0,3
7.7,1,3,2,86,4.4,Yes,Yes,83,67,Placed,75.0,88.00000000000001,87.0,6
8.3,2,3,2,90,4.7,No,Yes,71,73,Placed,72.0,94.0,92.0,7
7.5,1,1,1,77,4.1,Yes,No,77,67,NotPlaced,72.0,82.0,79.5,3
7.6,2,1,3,67,3.7,No,Yes,55,68,NotPlaced,61.5,74.0,70.5,6
8.1,1,3,2,90,4.3,Yes,Yes,73,86,Placed,79.5,86.0,88.0,6
7.9,1,3,1,80,4.8,Yes,No,79,87,Placed,83.0,96.0,88.0,5
8.4,1,1,2,78,4.1,No,Yes,73,79,NotPlaced,76.0,82.0,80.0,4
8.0,1,3,0,87,4.3,Yes,Yes,81,77,Placed,79.0,86.0,86.5,4
7.5,1,2,0,78,4.4,Yes,Yes,67,62,Placed,64.5,88.00000000000001,83.0,3
7.7,0,2,0,70,4.0,No,Yes,55,66,NotPlaced,60.5,80.0,75.0,2
7.6,1,1,0,71,3.9,Yes,Yes,55,78,Placed,66.5,78.0,74.5,2
7.6,1,1,0,66,4.1,No,No,67,73,NotPlaced,70.0,82.0,74.0,2
6.5,0,2,0,70,4.4,Yes,Yes,55,71,NotPlaced,63.0,88.00000000000001,79.0,2
8.4,0,3,2,90,4.6,Yes,Yes,66,84,NotPlaced,75.0,92.0,91.0,5
7.8,0,1,1,77,4.3,No,No,60,68,Placed,64.0,86.0,81.5,2
8.4,0,3,2,78,4.8,No,Yes,85,65,Placed,75.0,96.0,87.0,5
8.5,2,3,2,90,4.8,Yes,Yes,82,70,Placed,76.0,96.0,93.0,7
8.0,0,3,3,72,4.5,Yes,Yes,71,81,Placed,76.0,90.0,81.0,6
7.5,1,1,0,81,3.8,Yes,Yes,56,58,NotPlaced,57.0,76.0,78.5,2
7.0,1,2,2,90,4.5,Yes,Yes,55,82,Placed,68.5,90.0,90.0,5
7.6,0,1,1,69,4.5,No,No,55,71,Placed,63.0,90.0,79.5,2
7.6,1,1,0,60,4.2,No,Yes,73,65,NotPlaced,69.0,84.00000000000001,72.0,2
7.4,1,3,0,87,4.8,Yes,Yes,72,85,Placed,78.5,96.0,91.5,4
7.9,1,1,0,83,4.8,Yes,Yes,89,85,Placed,87.0,96.0,89.5,2
8.3,2,3,0,84,3.9,Yes,Yes,55,86,Placed,70.5,78.0,81.0,5
6.7,0,3,0,70,4.7,Yes,No,89,67,NotPlaced,78.0,94.0,82.0,3
7.2,1,3,2,87,4.8,Yes,Yes,81,88,Placed,84.5,96.0,91.5,6
8.2,2,3,2,86,4.5,Yes,Yes,87,63,Placed,75.0,90.0,88.0,7
7.7,1,1,1,70,4.1,No,No,57,71,NotPlaced,64.0,82.0,76.0,3
7.5,0,1,0,81,4.4,No,No,66,67,NotPlaced,66.5,88.00000000000001,84.5,1
8.2,1,3,1,80,4.8,Yes,Yes,72,82,Placed,77.0,96.0,88.0,5
8.2,1,2,0,87,4.2,Yes,Yes,81,80,NotPlaced,80.5,84.00000000000001,85.5,3
7.5,1,1,0,71,3.7,Yes,Yes,69,84,NotPlaced,76.5,74.0,72.5,2
6.8,1,2,1,71,3.7,No,Yes,56,62,NotPlaced,59.0,74.0,72.5,4
6.5,0,1,1,66,3.6,No,No,55,70,NotPlaced,62.5,72.0,69.0,2
7.5,1,1,1,82,4.6,No,Yes,55,65,NotPlaced,60.0,92.0,87.0,3
8.5,2,3,2,90,4.6,Yes,Yes,74,85,Placed,79.5,92.0,91.0,7
7.5,1,1,1,80,4.1,No,Yes,55,65,NotPlaced,60.0,82.0,81.0,3
7.7,1,1,0,68,4.3,No,Yes,65,67,NotPlaced,66.0,86.0,77.0,2
7.3,1,2,0,68,3.8,No,Yes,59,57,NotPlaced,58.0,76.0,72.0,3
6.5,1,1,1,73,4.2,No,No,55,57,NotPlaced,56.0,84.00000000000001,78.5,3
7.9,0,1,0,88,4.3,Yes,Yes,73,81,NotPlaced,77.0,86.0,87.0,1
8.0,2,2,2,77,4.8,Yes,No,76,80,NotPlaced,78.0,96.0,86.5,6
8.4,2,3,3,90,4.6,Yes,Yes,70,78,Placed,74.0,92.0,91.0,8
7.1,2,1,2,77,4.1,Yes,Yes,61,68,NotPlaced,64.5,82.0,79.5,5
7.7,2,1,1,70,3.5,Yes,Yes,66,67,Placed,66.5,70.0,70.0,4
6.6,1,1,1,72,4.3,No,No,63,74,NotPlaced,68.5,86.0,79.0,3
8.4,0,3,0,87,4.6,Yes,Yes,57,71,Placed,64.0,92.0,89.5,3
8.4,1,3,0,84,4.1,Yes,Yes,80,75,NotPlaced,77.5,82.0,83.0,4
8.5,2,3,2,90,4.8,Yes,Yes,83,87,Placed,85.0,96.0,93.0,7
8.4,2,1,2,84,4.5,Yes,Yes,60,85,NotPlaced,72.5,90.0,87.0,5
7.0,0,2,1,73,3.9,No,No,64,59,NotPlaced,61.5,78.0,75.5,3
8.4,2,2,0,90,4.1,Yes,Yes,76,78,NotPlaced,77.0,82.0,86.0,4
6.8,1,1,0,74,4.2,No,Yes,58,73,NotPlaced,65.5,84.00000000000001,79.0,2
7.6,1,3,1,77,4.1,Yes,No,63,87,Placed,75.0,82.0,79.5,5
7.8,2,3,2,84,4.4,Yes,No,87,80,NotPlaced,83.5,88.00000000000001,86.0,7
8.1,2,2,1,65,4.8,Yes,No,56,68,NotPlaced,62.0,96.0,80.5,5
7.5,1,1,0,81,4.2,No,Yes,55,59,NotPlaced,57.0,84.00000000000001,82.5,2
8.3,2,3,2,90,4.4,Yes,Yes,84,86,Placed,85.0,88.00000000000001,89.0,7
8.3,1,2,2,76,4.5,No,Yes,74,70,Placed,72.0,90.0,83.0,5
8.2,1,3,2,84,4.4,Yes,Yes,70,83,Placed,76.5,88.00000000000001,86.0,6
7.4,1,3,2,81,4.5,Yes,Yes,73,83,NotPlaced,78.0,90.0,85.5,6
7.5,1,1,1,83,4.4,No,Yes,56,63,NotPlaced,59.5,88.00000000000001,85.5,3
7.6,0,2,1,81,4.4,Yes,Yes,70,63,Placed,66.5,88.00000000000001,84.5,3
6.7,1,1,1,75,3.8,No,No,65,71,NotPlaced,68.0,76.0,75.5,3
7.8,2,3,1,79,3.9,Yes,Yes,82,64,NotPlaced,73.0,78.0,78.5,6
7.4,0,1,1,64,4.7,No,Yes,76,71,NotPlaced,73.5,94.0,79.0,2
8.6,1,3,0,74,4.4,Yes,Yes,86,81,Placed,83.5,88.00000000000001,81.0,4
8.1,2,3,2,90,4.8,Yes,Yes,72,83,Placed,77.5,96.0,93.0,7
7.6,2,1,1,85,4.4,No,Yes,59,75,NotPlaced,67.0,88.00000000000001,86.5,4
7.4,1,3,1,73,4.4,No,Yes,55,74,NotPlaced,64.5,88.00000000000001,80.5,5
8.3,2,2,0,90,4.3,Yes,Yes,61,71,Placed,66.0,86.0,88.0,4
7.6,0,3,0,85,4.3,No,Yes,64,83,Placed,73.5,86.0,85.5,3
7.9,2,3,2,90,4.8,Yes,No,88,77,Placed,82.5,96.0,93.0,7
8.4,2,3,2,89,4.5,Yes,Yes,75,87,Placed,81.0,90.0,89.5,7
8.4,0,3,2,88,3.7,Yes,Yes,76,85,Placed,80.5,74.0,81.0,5
8.5,1,3,2,90,4.8,Yes,Yes,88,87,NotPlaced,87.5,96.0,93.0,6
8.5,2,3,2,90,4.3,Yes,Yes,79,83,Placed,81.0,86.0,88.0,7
7.5,1,1,0,85,4.5,No,No,55,70,NotPlaced,62.5,90.0,87.5,2
8.8,1,3,2,89,4.4,Yes,Yes,77,76,Placed,76.5,88.00000000000001,88.5,6
8.3,1,3,1,66,4.3,No,No,78,71,NotPlaced,74.5,86.0,76.0,5
8.1,1,1,0,76,4.2,No,Yes,75,83,Placed,79.0,84.00000000000001,80.0,2
8.2,1,1,2,85,4.8,Yes,Yes,79,82,Placed,80.5,96.0,90.5,4
8.3,1,1,0,80,3.6,No,Yes,80,75,NotPlaced,77.5,72.0,76.0,2
6.7,1,1,0,71,4.5,No,No,58,59,NotPlaced,58.5,90.0,80.5,2
7.1,1,1,1,76,4.2,Yes,Yes,81,82,Placed,81.5,84.00000000000001,80.0,3
7.4,1,2,0,76,3.5,No,Yes,62,60,NotPlaced,61.0,70.0,73.0,3
8.4,0,3,0,83,4.5,Yes,Yes,85,67,Placed,76.0,90.0,86.5,3
8.0,2,1,2,81,3.9,No,No,64,70,Placed,67.0,78.0,79.5,5
8.4,2,3,2,89,4.8,Yes,Yes,87,83,Placed,85.0,96.0,92.5,7
7.8,1,1,0,79,4.6,No,No,76,63,NotPlaced,69.5,92.0,85.5,2
8.9,2,2,0,90,4.8,Yes,Yes,72,87,Placed,79.5,96.0,93.0,4
8.2,2,3,1,90,4.8,Yes,Yes,84,78,Placed,81.0,96.0,93.0,6
7.6,0,1,1,68,4.1,No,No,63,64,NotPlaced,63.5,82.0,75.0,2
8.7,2,3,2,78,4.8,Yes,Yes,85,75,Placed,80.0,96.0,87.0,7
7.2,1,2,0,75,4.2,Yes,Yes,73,70,Placed,71.5,84.00000000000001,79.5,3
8.4,2,3,0,83,4.4,Yes,Yes,85,82,Placed,83.5,88.00000000000001,85.5,5
7.5,1,1,0,64,4.0,No,No,58,71,NotPlaced,64.5,80.0,72.0,2
7.4,1,2,0,76,4.5,No,No,68,73,NotPlaced,70.5,90.0,83.0,3
6.7,1,1,0,82,3.7,No,Yes,55,58,NotPlaced,56.5,74.0,78.0,2
7.0,1,2,1,84,3.9,No,Yes,57,64,NotPlaced,60.5,78.0,81.0,4
7.8,1,3,2,82,4.8,Yes,No,78,77,Placed,77.5,96.0,89.0,6
8.1,2,3,2,90,4.6,Yes,Yes,77,81,Placed,79.0,92.0,91.0,7
7.5,1,1,0,69,4.5,No,No,64,66,NotPlaced,65.0,90.0,79.5,2
7.4,1,1,0,77,3.8,No,Yes,55,73,NotPlaced,64.0,76.0,76.5,2
6.6,0,1,0,63,4.2,No,No,61,70,NotPlaced,65.5,84.00000000000001,73.5,1
6.6,0,1,1,72,3.5,No,Yes,80,66,NotPlaced,73.0,70.0,71.0,2
8.3,1,3,2,90,4.3,Yes,Yes,80,84,Placed,82.0,86.0,88.0,6
6.7,1,1,0,70,3.7,No,Yes,56,68,NotPlaced,62.0,74.0,72.0,2
9.0,2,3,2,84,4.4,Yes,Yes,77,80,NotPlaced,78.5,88.00000000000001,86.0,7
8.1,1,3,2,90,4.7,No,Yes,72,88,Placed,80.0,94.0,92.0,6
7.5,1,1,0,75,4.8,No,Yes,68,68,NotPlaced,68.0,96.0,85.5,2
8.2,1,2,0,83,4.1,No,Yes,58,85,NotPlaced,71.5,82.0,82.5,3
7.7,1,1,0,74,3.3,No,Yes,57,73,NotPlaced,65.0,65.99999999999999,70.0,2
8.2,2,3,2,78,4.8,Yes,Yes,83,83,Placed,83.0,96.0,87.0,7
7.5,0,1,0,78,4.0,No,No,55,71,NotPlaced,63.0,80.0,79.0,1
6.8,1,3,2,79,4.4,Yes,Yes,71,87,Placed,79.0,88.00000000000001,83.5,6
8.4,0,3,0,90,4.5,Yes,Yes,71,83,Placed,77.0,90.0,90.0,3
7.7,1,3,2,87,4.8,Yes,Yes,70,88,Placed,79.0,96.0,91.5,6
8.2,2,1,0,82,4.7,Yes,Yes,63,72,Placed,67.5,94.0,88.0,3
8.3,1,3,2,79,4.7,Yes,Yes,76,78,NotPlaced,77.0,94.0,86.5,6
6.6,2,2,2,71,3.6,No,No,63,69,NotPlaced,66.0,72.0,71.5,6
8.6,2,1,3,80,4.5,Yes,Yes,83,81,Placed,82.0,90.0,85.0,6
6.5,1,2,1,74,3.9,No,Yes,77,71,NotPlaced,74.0,78.0,76.0,4
7.5,1,3,1,72,4.4,No,Yes,76,85,NotPlaced,80.5,88.00000000000001,80.0,5
8.2,2,3,0,87,4.3,Yes,Yes,83,84,Placed,83.5,86.0,86.5,5
7.2,1,2,1,76,4.1,No,No,73,65,NotPlaced,69.0,82.0,79.0,4
7.6,1,1,1,86,4.1,No,No,57,64,NotPlaced,60.5,82.0,84.0,3
6.5,1,1,0,64,4.4,No,Yes,61,73,NotPlaced,67.0,88.00000000000001,76.0,2
7.4,1,2,0,79,4.2,No,Yes,79,71,Placed,75.0,84.00000000000001,81.5,3
8.6,1,2,1,70,4.1,No,Yes,55,68,NotPlaced,61.5,82.0,76.0,4
7.7,2,3,0,80,4.8,Yes,Yes,73,83,Placed,78.0,96.0,88.0,5
7.6,1,2,2,80,4.5,No,Yes,77,71,Placed,74.0,90.0,85.0,5
8.6,1,3,3,90,4.8,Yes,Yes,72,85,Placed,78.5,96.0,93.0,7
7.3,1,1,0,71,3.8,Yes,No,61,64,NotPlaced,62.5,76.0,73.5,2
7.7,2,1,0,74,4.1,Yes,Yes,78,68,Placed,73.0,82.0,78.0,3
7.8,1,3,0,82,4.2,Yes,No,60,86,Placed,73.0,84.00000000000001,83.0,4
8.4,2,1,0,77,4.6,No,Yes,55,60,NotPlaced,57.5,92.0,84.5,3
7.5,1,3,0,84,4.2,Yes,Yes,82,69,Placed,75.5,84.00000000000001,84.0,4
7.5,2,3,2,80,4.5,Yes,Yes,77,67,NotPlaced,72.0,90.0,85.0,7
7.8,1,3,2,88,4.6,Yes,No,76,81,Placed,78.5,92.0,90.0,6
6.5,1,1,1,68,4.7,No,No,59,73,NotPlaced,66.0,94.0,81.0,3
6.8,1,2,2,70,4.0,Yes,Yes,62,69,NotPlaced,65.5,80.0,75.0,5
7.5,1,1,0,71,3.6,Yes,No,61,71,Placed,66.0,72.0,71.5,2
7.9,1,1,0,74,4.5,Yes,Yes,56,70,Placed,63.0,90.0,82.0,2
7.4,2,3,0,80,4.0,No,Yes,79,62,NotPlaced,70.5,80.0,80.0,5
8.4,1,1,1,70,3.7,Yes,Yes,55,63,NotPlaced,59.0,74.0,72.0,3
7.6,0,1,1,79,3.5,Yes,Yes,67,63,Placed,65.0,70.0,74.5,2
8.3,1,3,0,82,4.6,Yes,Yes,73,88,NotPlaced,80.5,92.0,87.0,4
7.2,2,1,1,89,4.0,Yes,Yes,77,83,NotPlaced,80.0,80.0,84.5,4
8.3,1,3,1,89,4.8,Yes,Yes,79,84,Placed,81.5,96.0,92.5,5
6.6,1,1,1,80,3.5,No,No,70,72,NotPlaced,71.0,70.0,75.0,3
8.4,0,3,1,90,4.5,Yes,Yes,75,82,Placed,78.5,90.0,90.0,4
8.2,0,2,1,69,3.5,No,Yes,58,64,NotPlaced,61.0,70.0,69.5,3
8.0,2,3,1,78,4.5,Yes,Yes,79,80,Placed,79.5,90.0,84.0,6
8.4,2,3,2,90,4.6,Yes,Yes,69,82,Placed,75.5,92.0,91.0,7
8.4,1,3,2,84,4.8,Yes,Yes,80,88,Placed,84.0,96.0,90.0,6
7.3,1,2,1,68,3.9,No,No,56,65,NotPlaced,60.5,78.0,73.0,4
6.5,1,2,2,88,4.7,Yes,Yes,77,69,Placed,73.0,94.0,91.0,5
7.4,0,2,1,79,4.6,No,Yes,61,67,NotPlaced,64.0,92.0,85.5,3
8.3,2,3,2,90,4.7,Yes,Yes,73,74,Placed,73.5,94.0,92.0,7
8.3,2,2,1,64,4.0,No,Yes,55,65,Placed,60.0,80.0,72.0,5
7.8,1,1,2,74,3.8,No,Yes,60,81,NotPlaced,70.5,76.0,75.0,4
8.2,2,3,2,90,4.6,Yes,Yes,85,85,Placed,85.0,92.0,91.0,7
8.2,1,3,1,88,3.9,No,No,79,68,NotPlaced,73.5,78.0,83.0,5
7.7,1,1,0,76,4.1,No,Yes,55,64,NotPlaced,59.5,82.0,79.0,2
6.5,1,3,2,73,4.3,Yes,Yes,55,68,Placed,61.5,86.0,79.5,6
8.3,2,2,2,90,4.7,No,Yes,73,85,NotPlaced,79.0,94.0,92.0,6
8.5,1,3,2,89,4.3,Yes,Yes,77,70,Placed,73.5,86.0,87.5,6
8.3,0,3,1,79,4.5,Yes,No,55,64,NotPlaced,59.5,90.0,84.5,4
6.6,2,2,0,75,4.4,No,No,80,62,NotPlaced,71.0,88.00000000000001,81.5,4
8.8,2,3,3,79,4.4,Yes,Yes,67,82,Placed,74.5,88.00000000000001,83.5,8
8.4,2,3,2,90,4.8,Yes,Yes,78,85,Placed,81.5,96.0,93.0,7
7.9,1,3,1,90,4.8,Yes,Yes,76,81,Placed,78.5,96.0,93.0,5
8.0,0,1,3,90,4.8,Yes,Yes,81,82,Placed,81.5,96.0,93.0,4
8.0,1,3,0,90,4.4,Yes,Yes,77,87,Placed,82.0,88.00000000000001,89.0,4
7.6,2,3,2,90,4.8,Yes,Yes,75,86,Placed,80.5,96.0,93.0,7
8.8,2,3,2,90,4.8,Yes,Yes,74,88,Placed,81.0,96.0,93.0,7
7.6,0,1,0,76,4.1,No,No,65,67,NotPlaced,66.0,82.0,79.0,1
7.6,1,3,0,69,3.9,Yes,Yes,74,72,Placed,73.0,78.0,73.5,4
8.7,2,3,3,89,4.5,Yes,Yes,72,87,Placed,79.5,90.0,89.5,8
6.6,0,1,1,78,4.4,No,Yes,55,73,NotPlaced,64.0,88.00000000000001,83.0,2
7.3,0,1,2,82,4.7,Yes,Yes,78,87,Placed,82.5,94.0,88.0,3
6.5,1,1,1,80,4.4,No,Yes,60,65,NotPlaced,62.5,88.00000000000001,84.0,3
8.6,2,2,2,81,4.8,Yes,Yes,78,81,Placed,79.5,96.0,88.5,6
7.5,1,2,1,71,4.0,No,No,82,65,NotPlaced,73.5,80.0,75.5,4
8.5,1,3,2,87,4.8,Yes,Yes,67,85,Placed,76.0,96.0,91.5,6
8.4,1,3,2,90,4.8,Yes,Yes,77,79,Placed,78.0,96.0,93.0,6
7.4,1,1,1,80,3.6,Yes,Yes,78,74,NotPlaced,76.0,72.0,76.0,3
7.5,1,2,0,70,3.4,No,Yes,55,66,NotPlaced,60.5,68.0,69.0,3
7.4,0,1,1,70,3.9,No,No,57,69,NotPlaced,63.0,78.0,74.0,2
7.6,1,1,1,63,4.5,No,No,70,63,NotPlaced,66.5,90.0,76.5,3
8.0,2,3,0,90,4.7,No,Yes,73,87,Placed,80.0,94.0,92.0,5
8.0,2,3,2,90,4.8,Yes,Yes,78,85,Placed,81.5,96.0,93.0,7
7.3,1,1,1,68,4.2,No,No,55,61,NotPlaced,58.0,84.00000000000001,76.0,3
7.5,0,2,0,67,4.3,Yes,Yes,55,68,NotPlaced,61.5,86.0,76.5,2
6.7,0,1,0,80,3.1,No,Yes,55,63,NotPlaced,59.0,62.0,71.0,1
7.7,1,1,0,79,4.3,Yes,Yes,85,71,NotPlaced,78.0,86.0,82.5,2
6.5,1,3,2,84,4.6,No,Yes,55,71,Placed,63.0,92.0,88.0,6
7.5,1,1,1,63,3.5,No,No,55,64,NotPlaced,59.5,70.0,66.5,3
7.3,1,1,2,81,3.7,No,Yes,58,76,NotPlaced,67.0,74.0,77.5,4
7.5,2,2,2,90,4.2,Yes,Yes,70,87,NotPlaced,78.5,84.00000000000001,87.0,6
8.5,2,3,1,85,4.1,Yes,Yes,89,79,Placed,84.0,82.0,83.5,6
8.3,2,3,2,90,4.5,Yes,Yes,87,86,Placed,86.5,90.0,90.0,7
7.6,0,1,0,90,4.1,No,Yes,77,79,NotPlaced,78.0,82.0,86.0,1
8.6,1,2,0,77,4.5,Yes,Yes,80,84,Placed,82.0,90.0,83.5,3
8.1,0,3,2,81,4.2,Yes,Yes,90,84,Placed,87.0,84.00000000000001,82.5,5
8.3,1,3,2,90,4.5,No,Yes,77,81,NotPlaced,79.0,90.0,90.0,6
8.3,0,3,2,89,4.8,Yes,Yes,86,85,Placed,85.5,96.0,92.5,5
7.9,1,2,0,78,4.5,Yes,Yes,75,81,Placed,78.0,90.0,84.0,3
7.6,2,3,2,81,4.3,Yes,Yes,86,69,Placed,77.5,86.0,83.5,7
7.7,1,1,0,86,4.1,No,Yes,55,70,NotPlaced,62.5,82.0,84.0,2
7.6,1,2,0,84,3.6,No,Yes,75,60,Placed,67.5,72.0,78.0,3
6.5,1,3,1,75,4.5,Yes,Yes,59,64,NotPlaced,61.5,90.0,82.5,5
6.6,0,1,1,77,4.3,Yes,Yes,82,66,NotPlaced,74.0,86.0,81.5,2
8.0,1,3,0,86,4.4,Yes,Yes,78,88,NotPlaced,83.0,88.00000000000001,87.0,4
8.0,1,2,2,72,4.3,Yes,Yes,82,81,NotPlaced,81.5,86.0,79.0,5
8.5,1,1,2,86,4.5,Yes,Yes,74,83,Placed,78.5,90.0,88.0,4
7.7,1,1,1,73,4.4,Yes,Yes,82,81,NotPlaced,81.5,88.00000000000001,80.5,3
6.5,1,2,0,60,4.7,No,Yes,55,63,NotPlaced,59.0,94.0,77.0,3
8.1,2,3,2,90,4.8,Yes,Yes,71,86,Placed,78.5,96.0,93.0,7
6.5,0,3,2,72,4.1,Yes,Yes,87,80,Placed,83.5,82.0,77.0,5
6.7,0,1,0,76,4.0,No,Yes,55,70,NotPlaced,62.5,80.0,78.0,1
8.1,1,2,1,77,3.8,Yes,No,70,64,NotPlaced,67.0,76.0,76.5,4
8.0,2,2,2,86,4.8,Yes,Yes,84,82,Placed,83.0,96.0,91.0,6
8.3,2,3,2,82,4.3,No,Yes,74,60,Placed,67.0,86.0,84.0,7
8.6,1,2,3,76,4.7,Yes,Yes,81,80,NotPlaced,80.5,94.0,85.0,6
7.4,1,2,0,89,3.6,No,No,62,72,NotPlaced,67.0,72.0,80.5,3
8.2,1,3,0,90,4.7,Yes,Yes,80,80,Placed,80.0,94.0,92.0,4
8.3,0,3,2,86,4.7,Yes,Yes,82,86,Placed,84.0,94.0,90.0,5
6.7,1,1,1,67,4.2,No,No,72,73,NotPlaced,72.5,84.00000000000001,75.5,3
7.5,1,3,2,83,4.8,No,Yes,72,82,NotPlaced,77.0,96.0,89.5,6
8.6,2,3,2,90,4.8,Yes,Yes,87,84,Placed,85.5,96.0,93.0,7
8.3,2,3,2,84,4.0,Yes,Yes,78,86,NotPlaced,82.0,80.0,82.0,7
7.4,1,2,1,70,3.8,Yes,Yes,70,68,NotPlaced,69.0,76.0,73.0,4
8.4,2,3,2,86,4.8,Yes,Yes,74,81,Placed,77.5,96.0,91.0,7
8.1,1,3,0,77,4.1,No,Yes,70,84,NotPlaced,77.0,82.0,79.5,4
6.7,1,1,1,67,3.4,No,No,56,62,NotPlaced,59.0,68.0,67.5,3
8.1,1,3,2,90,4.4,Yes,Yes,77,86,Placed,81.5,88.00000000000001,89.0,6
7.4,1,1,0,80,4.1,No,Yes,75,68,NotPlaced,71.5,82.0,81.0,2
7.8,2,3,2,90,4.8,Yes,Yes,71,84,Placed,77.5,96.0,93.0,7
7.9,0,2,1,76,4.7,Yes,Yes,82,82,NotPlaced,82.0,94.0,85.0,3
8.4,1,2,1,87,4.7,No,Yes,76,67,NotPlaced,71.5,94.0,90.5,4
6.9,1,1,1,64,3.5,No,No,68,66,NotPlaced,67.0,70.0,67.0,3
6.7,1,1,0,83,4.2,No,No,55,57,NotPlaced,56.0,84.00000000000001,83.5,2
7.1,1,2,1,73,3.9,No,Yes,79,72,Placed,75.5,78.0,75.5,4
7.6,0,1,0,81,4.4,Yes,Yes,84,83,Placed,83.5,88.00000000000001,84.5,1
7.5,0,3,2,78,4.2,Yes,Yes,81,86,NotPlaced,83.5,84.00000000000001,81.0,5
7.9,1,3,1,81,4.5,No,Yes,75,73,Placed,74.0,90.0,85.5,5
7.5,0,3,2,90,4.3,No,Yes,89,86,Placed,87.5,86.0,88.0,5
8.0,2,3,2,90,4.8,Yes,Yes,68,85,Placed,76.5,96.0,93.0,7
7.4,0,2,1,76,4.0,No,Yes,69,73,NotPlaced,71.0,80.0,78.0,3
8.5,2,1,0,86,4.5,Yes,Yes,80,82,Placed,81.0,90.0,88.0,3
8.0,0,3,1,83,4.4,Yes,Yes,83,79,Placed,81.0,88.00000000000001,85.5,4
7.3,1,2,1,67,4.6,No,No,59,80,NotPlaced,69.5,92.0,79.5,4
6.6,1,2,1,62,3.7,No,Yes,73,60,NotPlaced,66.5,74.0,68.0,4
8.5,2,3,2,90,4.6,Yes,Yes,80,87,Placed,83.5,92.0,91.0,7
7.5,1,3,1,66,3.8,No,Yes,69,72,NotPlaced,70.5,76.0,71.0,5
7.7,1,1,0,79,4.6,No,No,88,61,NotPlaced,74.5,92.0,85.5,2
7.6,1,2,1,67,4.4,Yes,Yes,61,73,Placed,67.0,88.00000000000001,77.5,4
8.6,2,3,2,90,4.8,Yes,Yes,73,88,Placed,80.5,96.0,93.0,7
8.4,1,3,0,86,4.7,Yes,Yes,80,70,Placed,75.0,94.0,90.0,4
7.7,1,1,3,79,4.1,Yes,Yes,82,82,Placed,82.0,82.0,80.5,5
8.2,1,3,2,86,4.8,Yes,Yes,86,83,Placed,84.5,96.0,91.0,6
8.6,2,3,2,90,4.8,Yes,Yes,76,88,Placed,82.0,96.0,93.0,7
6.5,1,2,1,79,4.1,No,Yes,60,60,NotPlaced,60.0,82.0,80.5,4
8.5,1,2,0,75,4.5,No,Yes,65,73,NotPlaced,69.0,90.0,82.5,3
7.5,1,2,1,90,3.8,Yes,Yes,82,86,Placed,84.0,76.0,83.0,4
6.7,1,2,1,68,4.3,No,Yes,56,68,NotPlaced,62.0,86.0,77.0,4
8.4,2,3,2,90,4.8,Yes,Yes,69,83,Placed,76.0,96.0,93.0,7
7.5,1,1,0,60,3.7,No,Yes,55,74,NotPlaced,64.5,74.0,67.0,2
8.5,1,1,2,82,4.4,Yes,Yes,82,85,Placed,83.5,88.00000000000001,85.0,4
8.5,1,2,2,90,4.6,Yes,Yes,79,84,Placed,81.5,92.0,91.0,5
7.6,1,3,0,90,4.8,Yes,Yes,75,85,Placed,80.0,96.0,93.0,4
7.6,1,3,0,75,4.2,Yes,No,76,76,Placed,76.0,84.00000000000001,79.5,4
8.3,0,3,2,90,4.8,Yes,No,90,84,Placed,87.0,96.0,93.0,5
8.1,2,3,2,89,4.6,Yes,Yes,73,83,NotPlaced,78.0,92.0,90.5,7
6.7,1,2,1,76,3.2,No,Yes,55,80,NotPlaced,67.5,64.0,70.0,4
7.7,1,3,1,78,3.9,Yes,No,66,83,NotPlaced,74.5,78.0,78.0,5
6.7,0,1,0,77,4.1,No,No,63,68,NotPlaced,65.5,82.0,79.5,1
6.5,0,1,0,60,3.9,No,No,64,66,NotPlaced,65.0,78.0,69.0,1
6.7,1,1,2,89,4.3,Yes,Yes,73,67,NotPlaced,70.0,86.0,87.5,4
8.5,2,3,2,83,4.6,Yes,Yes,73,81,Placed,77.0,92.0,87.5,7
7.7,1,2,2,80,4.5,No,Yes,78,84,Placed,81.0,90.0,85.0,5
8.1,0,2,2,75,4.3,Yes,Yes,84,88,Placed,86.0,86.0,80.5,4
6.5,2,1,1,73,4.3,Yes,No,86,81,NotPlaced,83.5,86.0,79.5,4
8.0,1,3,1,87,3.9,No,Yes,56,66,NotPlaced,61.0,78.0,82.5,5
7.4,1,2,0,69,4.1,No,No,58,71,NotPlaced,64.5,82.0,75.5,3
7.4,1,2,1,71,3.5,No,No,74,64,NotPlaced,69.0,70.0,70.5,4
8.2,2,1,0,79,4.6,Yes,No,63,65,NotPlaced,64.0,92.0,85.5,3
7.4,1,2,1,71,4.1,No,Yes,62,72,NotPlaced,67.0,82.0,76.5,4
7.9,1,3,1,76,4.3,No,No,62,65,NotPlaced,63.5,86.0,81.0,5
8.1,2,1,1,75,4.7,Yes,Yes,60,70,NotPlaced,65.0,94.0,84.5,4
8.3,2,3,2,90,4.8,Yes,Yes,90,85,Placed,87.5,96.0,93.0,7
8.1,0,2,2,86,4.6,Yes,Yes,57,79,NotPlaced,68.0,92.0,89.0,4
8.4,2,3,2,90,4.8,Yes,Yes,70,86,Placed,78.0,96.0,93.0,7
9.1,1,1,0,75,3.8,No,No,55,62,Placed,58.5,76.0,75.5,2
8.2,1,3,2,90,4.8,Yes,Yes,77,87,Placed,82.0,96.0,93.0,6
7.7,0,1,0,82,4.1,No,Yes,56,75,NotPlaced,65.5,82.0,82.0,1
6.7,1,1,1,68,4.8,Yes,No,57,65,NotPlaced,61.0,96.0,82.0,3
8.3,2,3,2,90,4.7,Yes,Yes,85,82,Placed,83.5,94.0,92.0,7
8.0,1,3,2,90,4.8,Yes,Yes,69,85,NotPlaced,77.0,96.0,93.0,6
8.3,2,3,2,87,4.7,Yes,Yes,84,80,Placed,82.0,94.0,90.5,7
7.9,1,3,2,89,4.8,Yes,Yes,78,84,Placed,81.0,96.0,92.5,6
7.5,1,1,0,63,4.5,No,Yes,59,58,NotPlaced,58.5,90.0,76.5,2
8.0,2,3,0,90,4.8,Yes,Yes,89,80,Placed,84.5,96.0,93.0,5
8.5,2,1,0,79,4.8,Yes,No,55,72,Placed,63.5,96.0,87.5,3
7.9,1,2,3,80,4.7,Yes,Yes,78,73,NotPlaced,75.5,94.0,87.0,6
7.7,0,1,1,78,4.6,Yes,Yes,74,66,NotPlaced,70.0,92.0,85.0,2
7.4,1,2,1,74,3.9,No,Yes,76,74,NotPlaced,75.0,78.0,76.0,4
6.5,1,2,1,77,4.0,No,No,55,63,NotPlaced,59.0,80.0,78.5,4
7.7,2,2,0,75,4.5,Yes,Yes,78,72,NotPlaced,75.0,90.0,82.5,4
7.5,1,2,1,79,4.4,Yes,No,55,77,Placed,66.0,88.00000000000001,83.5,4
8.6,1,3,2,90,4.8,Yes,Yes,78,87,Placed,82.5,96.0,93.0,6
8.5,2,3,2,90,4.8,Yes,Yes,82,87,Placed,84.5,96.0,93.0,7
7.5,1,1,0,66,3.9,No,Yes,55,78,NotPlaced,66.5,78.0,72.0,2
7.6,0,1,0,82,4.3,No,Yes,71,72,NotPlaced,71.5,86.0,84.0,1
7.5,0,1,0,72,4.3,No,Yes,56,66,NotPlaced,61.0,86.0,79.0,1
7.5,0,1,0,71,3.8,No,Yes,59,69,NotPlaced,64.0,76.0,73.5,1
7.0,1,3,2,87,3.9,Yes,Yes,64,72,NotPlaced,68.0,78.0,82.5,6
6.5,1,1,1,84,4.4,Yes,Yes,72,87,Placed,79.5,88.00000000000001,86.0,3
7.6,2,2,2,83,4.8,Yes,Yes,71,85,Placed,78.0,96.0,89.5,6
7.7,1,1,1,68,4.6,Yes,No,65,65,NotPlaced,65.0,92.0,80.0,3
7.7,1,1,1,64,3.9,No,No,58,66,NotPlaced,62.0,78.0,71.0,3
6.6,0,1,1,68,3.8,No,No,64,67,NotPlaced,65.5,76.0,72.0,2
6.9,1,1,0,61,3.5,No,No,66,66,NotPlaced,66.0,70.0,65.5,2
7.4,2,2,1,81,4.4,Yes,Yes,66,88,Placed,77.0,88.00000000000001,84.5,5
8.1,2,2,0,83,4.4,No,No,74,82,NotPlaced,78.0,88.00000000000001,85.5,4
6.9,0,1,0,81,4.0,No,Yes,74,71,NotPlaced,72.5,80.0,80.5,1
8.3,0,3,2,80,4.7,Yes,Yes,79,85,NotPlaced,82.0,94.0,87.0,5
7.7,1,3,2,81,4.7,Yes,Yes,73,66,NotPlaced,69.5,94.0,87.5,6
8.5,1,1,2,75,4.8,No,Yes,75,62,Placed,68.5,96.0,85.5,4
7.5,1,2,0,83,4.2,No,Yes,60,71,NotPlaced,65.5,84.00000000000001,83.5,3
8.1,0,2,1,88,4.8,No,Yes,62,81,Placed,71.5,96.0,92.0,3
7.9,0,2,2,85,4.8,Yes,Yes,75,83,NotPlaced,79.0,96.0,90.5,4
7.7,2,3,2,89,4.5,No,Yes,74,85,NotPlaced,79.5,90.0,89.5,7
7.5,0,3,2,83,4.4,Yes,Yes,78,88,Placed,83.0,88.00000000000001,85.5,5
8.2,1,3,0,82,4.1,Yes,Yes,85,86,NotPlaced,85.5,82.0,82.0,4
8.6,1,2,1,73,4.7,Yes,Yes,76,66,NotPlaced,71.0,94.0,83.5,4
6.7,1,1,1,77,3.4,No,Yes,59,72,NotPlaced,65.5,68.0,72.5,3
7.6,0,1,1,80,4.6,No,No,55,64,NotPlaced,59.5,92.0,86.0,2
6.5,0,3,0,88,4.8,Yes,Yes,85,84,Placed,84.5,96.0,92.0,3
8.2,2,3,2,90,4.8,Yes,No,77,83,Placed,80.0,96.0,93.0,7
7.7,2,1,2,79,4.6,Yes,Yes,57,80,Placed,68.5,92.0,85.5,5
7.5,1,2,1,83,4.0,No,Yes,67,71,NotPlaced,69.0,80.0,81.5,4
6.5,0,1,1,60,3.7,No,No,61,68,NotPlaced,64.5,74.0,67.0,2
7.4,2,2,0,66,4.2,Yes,No,69,69,NotPlaced,69.0,84.00000000000001,75.0,4
8.2,1,1,0,71,3.6,Yes,Yes,55,65,NotPlaced,60.0,72.0,71.5,2
6.5,0,1,1,66,4.4,No,No,69,67,NotPlaced,68.0,88.00000000000001,77.0,2
6.5,1,1,1,71,3.7,No,Yes,67,64,NotPlaced,65.5,74.0,72.5,3
8.7,2,3,2,77,4.8,Yes,No,89,87,Placed,88.0,96.0,86.5,7
7.6,1,1,0,75,4.0,No,No,55,57,NotPlaced,56.0,80.0,77.5,2
8.2,1,1,0,86,4.6,No,Yes,79,61,NotPlaced,70.0,92.0,89.0,2
8.1,2,2,2,85,4.5,No,Yes,71,83,NotPlaced,77.0,90.0,87.5,6
8.1,0,3,0,77,3.9,Yes,No,69,65,NotPlaced,67.0,78.0,77.5,3
8.4,2,3,2,90,4.8,Yes,Yes,85,81,Placed,83.0,96.0,93.0,7
8.3,1,3,2,86,4.8,Yes,Yes,80,84,Placed,82.0,96.0,91.0,6
7.5,0,1,2,81,4.1,Yes,Yes,84,81,NotPlaced,82.5,82.0,81.5,3
6.6,1,1,1,77,4.0,No,No,57,66,NotPlaced,61.5,80.0,78.5,3
8.3,1,2,2,90,4.8,Yes,Yes,78,85,Placed,81.5,96.0,93.0,5
8.3,2,3,2,89,4.8,Yes,Yes,83,82,Placed,82.5,96.0,92.5,7
8.1,1,1,1,74,4.5,No,No,70,62,NotPlaced,66.0,90.0,82.0,3
8.3,1,3,1,83,4.8,Yes,No,65,80,NotPlaced,72.5,96.0,89.5,5
6.5,0,1,1,87,4.8,No,No,55,72,NotPlaced,63.5,96.0,91.5,2
6.8,1,1,1,61,3.5,No,No,66,72,NotPlaced,69.0,70.0,65.5,3
8.0,1,3,0,80,4.7,No,Yes,68,83,Placed,75.5,94.0,87.0,4
8.2,2,3,2,90,4.8,Yes,Yes,75,85,Placed,80.0,96.0,93.0,7
7.7,0,2,0,88,4.8,Yes,No,77,81,NotPlaced,79.0,96.0,92.0,2
7.6,1,1,1,81,4.0,No,Yes,65,65,NotPlaced,65.0,80.0,80.5,3
7.5,1,1,0,60,3.9,No,No,55,69,NotPlaced,62.0,78.0,69.0,2
8.4,2,3,2,90,4.8,Yes,Yes,76,86,Placed,81.0,96.0,93.0,7
7.8,1,2,1,81,3.7,No,Yes,55,83,NotPlaced,69.0,74.0,77.5,4
8.4,0,3,2,84,4.5,Yes,No,85,84,Placed,84.5,90.0,87.0,5
7.5,1,3,1,83,4.4,Yes,Yes,77,87,Placed,82.0,88.00000000000001,85.5,5
8.3,2,2,0,79,4.5,Yes,Yes,82,66,Placed,74.0,90.0,84.5,4
6.5,2,1,2,79,4.4,No,No,55,66,NotPlaced,60.5,88.00000000000001,83.5,5
8.2,1,3,2,89,4.3,Yes,No,84,82,Placed,83.0,86.0,87.5,6
6.5,1,2,1,78,4.1,No,No,78,63,NotPlaced,70.5,82.0,80.0,4
6.5,1,1,1,79,4.6,Yes,Yes,56,68,NotPlaced,62.0,92.0,85.5,3
8.3,1,3,0,77,4.8,Yes,Yes,74,57,NotPlaced,65.5,96.0,86.5,4
8.2,2,3,3,90,4.8,Yes,Yes,69,88,NotPlaced,78.5,96.0,93.0,8
6.6,1,1,1,68,3.3,Yes,No,60,62,NotPlaced,61.0,65.99999999999999,67.0,3
8.3,1,2,3,85,4.6,Yes,Yes,69,86,Placed,77.5,92.0,88.5,6
8.0,1,1,1,83,4.2,Yes,Yes,78,79,NotPlaced,78.5,84.00000000000001,83.5,3
6.6,1,2,0,87,4.6,No,Yes,80,71,NotPlaced,75.5,92.0,89.5,3
8.1,2,3,2,90,4.7,Yes,Yes,86,81,Placed,83.5,94.0,92.0,7
8.5,2,2,2,88,4.8,Yes,Yes,76,86,Placed,81.0,96.0,92.0,6
7.5,1,1,0,75,3.9,No,Yes,55,64,NotPlaced,59.5,78.0,76.5,2
6.5,0,1,0,71,3.7,No,Yes,71,65,NotPlaced,68.0,74.0,72.5,1
7.6,2,3,2,90,4.5,Yes,Yes,75,83,Placed,79.0,90.0,90.0,7
8.6,0,3,2,81,3.9,Yes,Yes,82,71,Placed,76.5,78.0,79.5,5
6.8,1,1,0,76,4.0,No,No,60,58,NotPlaced,59.0,80.0,78.0,2
8.0,1,3,2,81,4.0,Yes,Yes,81,86,Placed,83.5,80.0,80.5,6
7.7,1,1,0,71,4.3,No,Yes,55,66,NotPlaced,60.5,86.0,78.5,2
7.5,0,1,1,60,4.2,No,No,59,74,NotPlaced,66.5,84.00000000000001,72.0,2
6.9,1,2,0,66,4.4,Yes,Yes,57,84,Placed,70.5,88.00000000000001,77.0,3
8.3,2,3,2,90,4.8,Yes,Yes,84,86,Placed,85.0,96.0,93.0,7
7.6,1,1,1,82,4.3,No,No,62,60,Placed,61.0,86.0,84.0,3
6.5,2,1,1,72,4.4,No,Yes,55,66,NotPlaced,60.5,88.00000000000001,80.0,4
6.6,1,2,0,79,4.4,No,Yes,66,68,NotPlaced,67.0,88.00000000000001,83.5,3
6.8,0,1,1,64,3.8,No,No,55,71,NotPlaced,63.0,76.0,70.0,2
8.6,1,3,2,90,4.6,Yes,Yes,85,81,Placed,83.0,92.0,91.0,6
8.1,2,3,0,90,4.6,Yes,Yes,80,81,Placed,80.5,92.0,91.0,5
8.2,2,3,2,84,4.8,Yes,Yes,71,83,Placed,77.0,96.0,90.0,7
8.7,1,1,0,75,4.4,Yes,No,71,57,NotPlaced,64.0,88.00000000000001,81.5,2
7.3,1,3,1,71,3.8,Yes,Yes,79,81,NotPlaced,80.0,76.0,73.5,5
7.4,1,1,1,82,4.1,No,No,60,65,NotPlaced,62.5,82.0,82.0,3
7.6,1,2,1,84,4.7,No,No,69,72,NotPlaced,70.5,94.0,89.0,4
6.5,1,2,0,87,4.3,No,No,63,68,NotPlaced,65.5,86.0,86.5,3
8.5,2,3,2,77,4.5,Yes,Yes,81,85,Placed,83.0,90.0,83.5,7
7.5,0,2,1,72,4.5,Yes,No,67,64,NotPlaced,65.5,90.0,81.0,3
7.3,1,1,0,65,3.9,No,No,69,67,NotPlaced,68.0,78.0,71.5,2
6.5,1,1,1,64,4.4,Yes,No,57,61,NotPlaced,59.0,88.00000000000001,76.0,3
8.4,2,3,2,90,4.8,Yes,Yes,80,85,Placed,82.5,96.0,93.0,7
8.0,2,3,2,90,4.7,Yes,Yes,77,70,NotPlaced,73.5,94.0,92.0,7
8.0,2,3,2,90,4.8,Yes,Yes,76,88,Placed,82.0,96.0,93.0,7
8.3,2,1,2,81,4.8,Yes,No,89,83,NotPlaced,86.0,96.0,88.5,5
7.0,0,1,0,75,3.8,Yes,No,59,72,NotPlaced,65.5,76.0,75.5,1
8.3,2,3,2,89,3.9,Yes,Yes,78,88,NotPlaced,83.0,78.0,83.5,7
7.7,1,0,0,65,3.9,Yes,No,55,71,NotPlaced,63.0,78.0,71.5,1
7.9,0,1,1,74,3.9,Yes,Yes,79,62,NotPlaced,70.5,78.0,76.0,2
8.6,1,3,0,90,4.8,Yes,Yes,86,80,Placed,83.0,96.0,93.0,4
7.8,1,3,1,77,3.6,No,Yes,55,64,NotPlaced,59.5,72.0,74.5,5
7.4,1,1,1,61,4.1,No,Yes,55,69,NotPlaced,62.0,82.0,71.5,3
7.4,1,1,0,64,4.2,Yes,Yes,61,70,NotPlaced,65.5,84.00000000000001,74.0,2
8.4,1,3,2,90,4.3,Yes,Yes,84,80,Placed,82.0,86.0,88.0,6
7.4,1,1,1,77,4.1,Yes,Yes,73,74,NotPlaced,73.5,82.0,79.5,3
8.3,2,3,1,88,3.8,Yes,Yes,58,87,Placed,72.5,76.0,82.0,6
6.5,0,1,0,64,3.9,No,Yes,58,68,NotPlaced,63.0,78.0,71.0,1
7.7,0,1,0,79,4.0,No,Yes,59,59,NotPlaced,59.0,80.0,79.5,1
8.4,2,3,2,90,4.7,Yes,Yes,79,87,Placed,83.0,94.0,92.0,7
8.3,0,1,0,73,3.8,Yes,Yes,72,80,NotPlaced,76.0,76.0,74.5,1
6.5,0,1,1,69,3.9,No,No,55,75,NotPlaced,65.0,78.0,73.5,2
8.4,1,3,0,90,4.7,Yes,Yes,74,83,Placed,78.5,94.0,92.0,4
6.6,1,1,1,60,3.9,No,Yes,56,58,NotPlaced,57.0,78.0,69.0,3
8.4,2,2,2,85,4.8,Yes,No,72,82,NotPlaced,77.0,96.0,90.5,6
8.7,0,3,2,88,4.7,Yes,Yes,85,82,Placed,83.5,94.0,91.0,5
8.3,1,3,2,90,4.7,Yes,Yes,86,86,Placed,86.0,94.0,92.0,6
6.6,1,1,1,87,4.7,No,Yes,55,69,NotPlaced,62.0,94.0,90.5,3
6.7,2,3,2,82,4.8,Yes,No,84,82,Placed,83.0,96.0,89.0,7
8.4,2,3,2,90,4.7,Yes,Yes,80,88,Placed,84.0,94.0,92.0,7
7.7,1,3,2,90,4.7,Yes,Yes,82,73,Placed,77.5,94.0,92.0,6
7.6,1,1,0,67,3.8,No,No,55,64,NotPlaced,59.5,76.0,71.5,2
7.8,1,2,0,80,4.7,Yes,Yes,55,66,NotPlaced,60.5,94.0,87.0,3
8.1,1,3,2,90,4.8,Yes,Yes,79,84,Placed,81.5,96.0,93.0,6
6.5,1,1,0,72,3.8,No,No,55,68,NotPlaced,61.5,76.0,74.0,2
7.2,0,2,1,78,4.4,No,Yes,79,61,NotPlaced,70.0,88.00000000000001,83.0,3
6.6,1,3,0,77,3.7,No,Yes,55,65,NotPlaced,60.0,74.0,75.5,4
7.5,1,3,2,78,4.7,Yes,Yes,79,81,NotPlaced,80.0,94.0,86.0,6
7.6,1,1,1,75,3.6,No,Yes,65,66,NotPlaced,65.5,72.0,73.5,3
8.6,0,3,2,90,4.8,Yes,Yes,75,86,Placed,80.5,96.0,93.0,5
6.8,0,1,0,73,4.5,No,No,59,60,NotPlaced,59.5,90.0,81.5,1
7.4,2,1,0,78,3.6,No,No,55,70,NotPlaced,62.5,72.0,75.0,3
7.9,1,3,2,89,4.6,Yes,Yes,83,86,Placed,84.5,92.0,90.5,6
8.0,1,3,2,81,4.8,Yes,No,64,85,NotPlaced,74.5,96.0,88.5,6
8.3,2,2,2,90,4.8,Yes,Yes,71,83,Placed,77.0,96.0,93.0,6
7.8,0,2,0,79,4.5,Yes,No,80,81,NotPlaced,80.5,90.0,84.5,2
7.8,1,1,2,75,4.1,No,Yes,55,82,NotPlaced,68.5,82.0,78.5,4
7.7,0,1,0,65,4.6,No,No,58,59,NotPlaced,58.5,92.0,78.5,1
7.6,1,2,0,77,4.0,No,Yes,64,65,NotPlaced,64.5,80.0,78.5,3
8.0,1,1,0,69,3.6,No,No,55,62,NotPlaced,58.5,72.0,70.5,2
6.6,0,1,0,77,3.7,No,No,61,60,NotPlaced,60.5,74.0,75.5,1
7.7,1,1,0,74,4.1,Yes,Yes,73,63,NotPlaced,68.0,82.0,78.0,2
6.7,1,1,1,76,3.9,No,No,62,65,NotPlaced,63.5,78.0,77.0,3
7.7,0,1,0,73,4.3,Yes,No,55,57,Placed,56.0,86.0,79.5,1
8.0,1,1,0,82,4.5,Yes,Yes,73,66,NotPlaced,69.5,90.0,86.0,2
6.6,0,1,1,68,4.1,No,Yes,55,66,NotPlaced,60.5,82.0,75.0,2
7.5,1,1,0,68,4.3,No,Yes,55,68,NotPlaced,61.5,86.0,77.0,2
8.0,2,3,2,90,4.4,Yes,Yes,80,88,Placed,84.0,88.00000000000001,89.0,7
7.5,1,3,1,81,4.6,Yes,Yes,72,80,NotPlaced,76.0,92.0,86.5,5
6.5,0,1,0,88,4.3,Yes,Yes,76,88,Placed,82.0,86.0,87.0,1
7.4,2,1,1,78,4.3,No,No,55,68,NotPlaced,61.5,86.0,82.0,4
8.4,1,3,0,90,4.5,Yes,Yes,59,82,Placed,70.5,90.0,90.0,4
7.5,1,1,0,72,4.1,No,No,55,72,NotPlaced,63.5,82.0,77.0,2
8.5,2,3,2,90,4.8,Yes,Yes,78,83,Placed,80.5,96.0,93.0,7
6.6,0,2,0,79,4.2,Yes,No,62,79,NotPlaced,70.5,84.00000000000001,81.5,2
7.6,2,1,0,78,3.9,No,No,83,69,Placed,76.0,78.0,78.0,3
8.1,1,3,2,90,4.8,Yes,Yes,84,82,Placed,83.0,96.0,93.0,6
8.8,1,3,2,90,4.8,Yes,Yes,77,83,Placed,80.0,96.0,93.0,6
7.5,0,3,1,84,4.5,No,Yes,77,78,NotPlaced,77.5,90.0,87.0,4
7.9,1,3,0,82,4.5,Yes,Yes,76,72,NotPlaced,74.0,90.0,86.0,4
6.5,1,1,1,67,4.0,No,Yes,56,65,NotPlaced,60.5,80.0,73.5,3
8.7,2,3,2,90,4.8,Yes,Yes,73,84,Placed,78.5,96.0,93.0,7
8.4,1,3,1,86,4.5,Yes,Yes,75,82,NotPlaced,78.5,90.0,88.0,5
7.4,1,1,0,66,4.4,No,No,55,70,NotPlaced,62.5,88.00000000000001,77.0,2
8.1,2,3,2,87,3.9,Yes,Yes,57,77,NotPlaced,67.0,78.0,82.5,7
6.5,1,2,0,74,3.4,No,No,59,70,NotPlaced,64.5,68.0,71.0,3
7.7,1,1,2,85,3.6,No,No,58,72,Placed,65.0,72.0,78.5,4
6.5,1,1,0,75,4.1,No,No,55,71,NotPlaced,63.0,82.0,78.5,2
7.1,0,1,0,70,3.8,No,Yes,59,62,NotPlaced,60.5,76.0,73.0,1
8.1,0,3,2,87,4.2,Yes,Yes,67,84,Placed,75.5,84.00000000000001,85.5,5
7.8,2,1,2,90,4.7,Yes,No,81,85,Placed,83.0,94.0,92.0,5
8.2,1,2,2,78,4.1,Yes,Yes,70,82,NotPlaced,76.0,82.0,80.0,5
7.4,1,1,0,72,3.6,No,Yes,63,72,NotPlaced,67.5,72.0,72.0,2
8.2,1,1,0,68,4.0,No,Yes,83,64,NotPlaced,73.5,80.0,74.0,2
7.8,1,2,2,76,4.4,No,Yes,55,67,NotPlaced,61.0,88.00000000000001,82.0,5
7.6,2,1,1,63,4.8,No,Yes,78,71,Placed,74.5,96.0,79.5,4
7.9,1,2,0,82,4.7,Yes,Yes,79,80,NotPlaced,79.5,94.0,88.0,3
6.5,1,3,1,86,4.5,Yes,Yes,82,82,Placed,82.0,90.0,88.0,5
6.6,1,3,2,85,4.7,Yes,Yes,77,84,Placed,80.5,94.0,89.5,6
7.9,1,3,2,90,3.6,Yes,Yes,70,83,Placed,76.5,72.0,81.0,6
8.8,2,3,2,84,4.3,Yes,Yes,82,81,Placed,81.5,86.0,85.0,7
8.2,2,3,1,90,4.7,Yes,Yes,79,85,Placed,82.0,94.0,92.0,6
7.6,2,1,1,84,4.5,No,No,76,63,NotPlaced,69.5,90.0,87.0,4
8.4,2,3,2,90,4.8,Yes,Yes,76,88,Placed,82.0,96.0,93.0,7
8.2,1,1,1,78,3.6,No,Yes,60,69,NotPlaced,64.5,72.0,75.0,3
7.5,1,2,0,71,4.7,No,Yes,55,72,NotPlaced,63.5,94.0,82.5,3
7.7,1,3,3,82,4.4,Yes,Yes,76,84,Placed,80.0,88.00000000000001,85.0,7
7.6,2,2,0,84,4.1,No,Yes,55,75,NotPlaced,65.0,82.0,83.0,4
7.4,1,1,0,77,4.1,No,Yes,55,68,NotPlaced,61.5,82.0,79.5,2
7.4,1,1,0,79,4.0,Yes,Yes,67,79,Placed,73.0,80.0,79.5,2
7.4,2,3,2,90,4.6,Yes,No,74,87,Placed,80.5,92.0,91.0,7
6.5,0,1,1,67,3.1,No,No,61,61,NotPlaced,61.0,62.0,64.5,2
7.3,0,2,1,79,4.2,Yes,No,78,69,NotPlaced,73.5,84.00000000000001,81.5,3
7.7,1,1,0,70,4.8,Yes,Yes,55,73,NotPlaced,64.0,96.0,83.0,2
8.2,1,3,2,86,4.6,Yes,No,83,82,Placed,82.5,92.0,89.0,6
8.4,2,3,2,90,4.8,Yes,Yes,86,84,Placed,85.0,96.0,93.0,7
6.9,1,1,1,90,3.9,No,No,55,67,NotPlaced,61.0,78.0,84.0,3
8.1,2,2,2,76,4.3,Yes,Yes,72,87,Placed,79.5,86.0,81.0,6
7.7,0,1,0,74,3.7,No,No,65,68,NotPlaced,66.5,74.0,74.0,1
6.5,0,3,2,85,4.6,Yes,Yes,81,84,Placed,82.5,92.0,88.5,5
7.6,0,3,2,78,4.8,No,Yes,78,79,Placed,78.5,96.0,87.0,5
8.1,1,2,0,74,4.2,No,Yes,55,67,NotPlaced,61.0,84.00000000000001,79.0,3
7.4,0,1,0,80,4.3,Yes,Yes,63,63,NotPlaced,63.0,86.0,83.0,1
7.4,0,1,0,80,3.4,No,No,70,70,NotPlaced,70.0,68.0,74.0,1
7.4,1,1,0,67,4.1,No,Yes,60,73,NotPlaced,66.5,82.0,74.5,2
6.5,1,2,0,70,3.4,No,No,58,72,NotPlaced,65.0,68.0,69.0,3
8.1,1,2,1,81,4.7,Yes,Yes,61,84,NotPlaced,72.5,94.0,87.5,4
6.5,0,1,2,80,4.1,No,Yes,74,82,NotPlaced,78.0,82.0,81.0,3
7.8,1,2,0,84,4.5,No,No,55,62,NotPlaced,58.5,90.0,87.0,3
8.3,1,1,2,88,3.8,Yes,Yes,89,68,Placed,78.5,76.0,82.0,4
7.7,2,3,3,82,4.5,Yes,Yes,82,81,Placed,81.5,90.0,86.0,8
7.5,1,3,0,82,4.8,Yes,Yes,65,80,NotPlaced,72.5,96.0,89.0,4
6.5,0,1,0,69,3.6,No,Yes,71,72,NotPlaced,71.5,72.0,70.5,1
6.9,1,3,0,85,4.4,Yes,Yes,59,86,Placed,72.5,88.00000000000001,86.5,4
8.0,0,1,0,83,3.3,No,Yes,58,70,NotPlaced,64.0,65.99999999999999,74.5,1
7.7,0,1,0,74,3.8,No,No,63,70,NotPlaced,66.5,76.0,75.0,1
7.6,1,2,0,81,4.7,Yes,Yes,82,83,NotPlaced,82.5,94.0,87.5,3
7.3,1,1,0,66,3.7,No,No,59,68,NotPlaced,63.5,74.0,70.0,2
7.4,0,1,0,79,4.0,No,Yes,55,66,NotPlaced,60.5,80.0,79.5,1
7.8,2,3,2,82,4.2,Yes,Yes,63,84,Placed,73.5,84.00000000000001,83.0,7
8.6,1,1,2,73,3.8,Yes,No,64,64,NotPlaced,64.0,76.0,74.5,4
6.5,0,1,0,85,3.9,No,No,55,69,NotPlaced,62.0,78.0,81.5,1
8.6,1,3,2,86,4.7,Yes,Yes,81,82,Placed,81.5,94.0,90.0,6
6.9,2,1,2,84,4.7,Yes,Yes,73,82,NotPlaced,77.5,94.0,89.0,5
7.5,1,1,2,84,4.8,Yes,No,83,81,NotPlaced,82.0,96.0,90.0,4
7.5,1,1,0,75,4.0,No,Yes,64,66,NotPlaced,65.0,80.0,77.5,2
6.5,0,2,1,65,4.4,No,No,60,69,NotPlaced,64.5,88.00000000000001,76.5,3
7.4,1,2,0,68,4.2,No,Yes,55,60,NotPlaced,57.5,84.00000000000001,76.0,3
7.5,1,2,1,76,3.8,No,No,55,63,NotPlaced,59.0,76.0,76.0,4
7.8,0,1,1,85,4.3,No,No,70,80,Placed,75.0,86.0,85.5,2
7.7,0,3,1,82,4.1,No,Yes,82,88,Placed,85.0,82.0,82.0,4
8.5,2,2,1,83,4.3,Yes,No,55,80,NotPlaced,67.5,86.0,84.5,5
7.4,2,2,0,84,4.3,No,Yes,79,82,NotPlaced,80.5,86.0,85.0,4
8.0,1,1,1,70,4.6,No,Yes,58,63,NotPlaced,60.5,92.0,81.0,3
7.5,1,1,1,68,4.3,No,No,55,67,NotPlaced,61.0,86.0,77.0,3
6.6,0,1,1,75,3.2,No,No,62,68,NotPlaced,65.0,64.0,69.5,2
7.7,0,2,0,76,3.7,No,Yes,58,67,NotPlaced,62.5,74.0,75.0,2
8.9,2,3,2,86,4.8,Yes,Yes,79,87,Placed,83.0,96.0,91.0,7
8.3,1,3,2,82,4.7,Yes,Yes,66,68,Placed,67.0,94.0,88.0,6
7.2,1,1,0,71,4.3,No,No,62,72,NotPlaced,67.0,86.0,78.5,2
8.2,2,3,2,90,4.8,Yes,Yes,70,84,Placed,77.0,96.0,93.0,7
7.1,1,1,1,72,3.2,No,No,58,64,NotPlaced,61.0,64.0,68.0,3
6.9,0,1,0,77,3.7,No,Yes,55,66,NotPlaced,60.5,74.0,75.5,1
7.7,1,1,1,84,4.2,Yes,Yes,55,84,NotPlaced,69.5,84.00000000000001,84.0,3
8.6,0,3,2,81,4.8,Yes,Yes,82,84,Placed,83.0,96.0,88.5,5
7.4,1,1,1,68,4.1,Yes,Yes,55,67,NotPlaced,61.0,82.0,75.0,3
8.4,2,1,0,90,4.8,Yes,Yes,63,82,NotPlaced,72.5,96.0,93.0,3
8.3,1,3,2,87,4.7,Yes,Yes,80,85,Placed,82.5,94.0,90.5,6
7.4,1,3,0,81,3.7,Yes,Yes,69,74,NotPlaced,71.5,74.0,77.5,4
8.4,1,1,2,80,4.8,No,No,71,65,Placed,68.0,96.0,88.0,4
7.7,0,1,2,86,4.5,Yes,Yes,64,68,NotPlaced,66.0,90.0,88.0,3
6.6,1,1,1,66,4.2,No,Yes,58,68,NotPlaced,63.0,84.00000000000001,75.0,3
7.5,0,2,0,88,4.2,No,No,55,64,Placed,59.5,84.00000000000001,86.0,2
8.6,1,1,3,71,3.9,Yes,No,62,66,Placed,64.0,78.0,74.5,5
8.4,1,3,0,90,4.6,Yes,Yes,78,87,Placed,82.5,92.0,91.0,4
8.6,2,3,2,80,4.4,Yes,Yes,81,69,Placed,75.0,88.00000000000001,84.0,7
8.8,1,3,2,88,4.7,Yes,Yes,75,84,Placed,79.5,94.0,91.0,6
8.6,1,1,0,69,4.7,No,Yes,58,72,NotPlaced,65.0,94.0,81.5,2
8.4,0,2,3,84,4.4,Yes,Yes,55,82,Placed,68.5,88.00000000000001,86.0,5
7.3,0,1,0,72,4.0,No,No,55,72,NotPlaced,63.5,80.0,76.0,1
7.5,0,1,0,68,3.6,No,No,59,63,NotPlaced,61.0,72.0,70.0,1
8.4,1,1,1,84,4.2,Yes,No,73,74,NotPlaced,73.5,84.00000000000001,84.0,3
8.1,1,2,1,75,4.2,Yes,No,76,69,NotPlaced,72.5,84.00000000000001,79.5,4
8.3,0,2,2,83,4.3,Yes,Yes,70,83,Placed,76.5,86.0,84.5,4
6.9,1,1,1,67,3.9,No,Yes,62,66,NotPlaced,64.0,78.0,72.5,3
8.1,0,2,1,75,4.1,No,Yes,55,69,Placed,62.0,82.0,78.5,3
7.5,0,1,0,66,3.7,No,Yes,61,66,NotPlaced,63.5,74.0,70.0,1
7.4,0,1,0,61,3.7,No,Yes,57,63,NotPlaced,60.0,74.0,67.5,1
7.8,1,3,3,84,3.9,Yes,Yes,64,72,NotPlaced,68.0,78.0,81.0,7
8.2,2,2,0,88,4.1,Yes,Yes,63,77,NotPlaced,70.0,82.0,85.0,4
6.5,1,1,0,81,4.2,No,Yes,67,65,NotPlaced,66.0,84.00000000000001,82.5,2
7.8,0,2,0,83,4.8,No,No,62,68,NotPlaced,65.0,96.0,89.5,2
8.3,0,2,1,80,3.9,Yes,Yes,57,69,NotPlaced,63.0,78.0,79.0,3
7.4,1,2,2,78,4.5,No,Yes,55,75,NotPlaced,65.0,90.0,84.0,5
7.5,1,2,1,67,3.8,No,Yes,55,68,NotPlaced,61.5,76.0,71.5,4
6.5,1,1,1,64,4.1,No,Yes,59,76,NotPlaced,67.5,82.0,73.0,3
6.6,1,2,0,77,4.1,No,Yes,72,69,NotPlaced,70.5,82.0,79.5,3
7.7,1,2,0,81,3.9,Yes,Yes,75,77,NotPlaced,76.0,78.0,79.5,3
8.3,2,3,2,90,4.8,Yes,Yes,77,83,Placed,80.0,96.0,93.0,7
6.7,1,1,0,67,4.2,No,No,58,66,NotPlaced,62.0,84.00000000000001,75.5,2
8.2,2,3,2,90,4.8,Yes,Yes,83,87,Placed,85.0,96.0,93.0,7
7.6,1,1,1,74,4.4,Yes,No,55,83,NotPlaced,69.0,88.00000000000001,81.0,3
8.8,2,3,2,84,4.8,Yes,Yes,78,81,Placed,79.5,96.0,90.0,7
6.9,1,3,0,90,3.8,Yes,Yes,80,78,Placed,79.0,76.0,83.0,4
8.6,0,1,1,88,4.2,Yes,Yes,81,67,NotPlaced,74.0,84.00000000000001,86.0,2
8.4,1,3,0,78,3.7,No,Yes,73,85,Placed,79.0,74.0,76.0,4
6.5,1,1,0,76,4.5,Yes,Yes,55,65,Placed,60.0,90.0,83.0,2
6.8,1,2,0,71,4.3,Yes,Yes,60,59,NotPlaced,59.5,86.0,78.5,3
8.1,0,3,2,73,4.2,Yes,Yes,88,87,Placed,87.5,84.00000000000001,78.5,5
8.2,1,1,1,81,4.8,No,Yes,60,60,Placed,60.0,96.0,88.5,3
7.4,1,2,1,68,4.2,Yes,Yes,72,66,NotPlaced,69.0,84.00000000000001,76.0,4
6.5,1,2,0,86,4.4,Yes,Yes,66,69,Placed,67.5,88.00000000000001,87.0,3
7.5,1,3,3,89,4.4,Yes,Yes,85,85,Placed,85.0,88.00000000000001,88.5,7
8.4,1,2,0,81,4.1,No,Yes,81,71,Placed,76.0,82.0,81.5,3
8.0,2,3,2,90,4.8,Yes,Yes,77,83,Placed,80.0,96.0,93.0,7
8.1,1,3,0,88,4.5,Yes,Yes,78,83,Placed,80.5,90.0,89.0,4
8.2,1,1,2,87,4.3,Yes,No,69,86,NotPlaced,77.5,86.0,86.5,4
7.5,1,1,1,61,4.4,No,Yes,55,71,NotPlaced,63.0,88.00000000000001,74.5,3
6.5,1,1,0,77,4.1,No,No,59,57,NotPlaced,58.0,82.0,79.5,2
6.5,1,1,0,71,3.6,No,No,55,65,NotPlaced,60.0,72.0,71.5,2
7.9,0,3,0,90,4.4,Yes,No,75,86,Placed,80.5,88.00000000000001,89.0,3
7.8,1,1,0,61,4.1,No,No,57,67,NotPlaced,62.0,82.0,71.5,2
7.3,2,3,0,90,4.4,No,Yes,55,85,Placed,70.0,88.00000000000001,89.0,5
7.6,1,2,1,81,4.8,Yes,Yes,80,79,NotPlaced,79.5,96.0,88.5,4
8.1,2,3,2,90,4.8,Yes,Yes,79,83,Placed,81.0,96.0,93.0,7
6.9,1,1,0,77,3.4,No,No,60,65,NotPlaced,62.5,68.0,72.5,2
8.4,0,3,2,90,4.8,Yes,Yes,88,84,Placed,86.0,96.0,93.0,5
6.7,1,1,0,70,3.9,No,Yes,56,67,NotPlaced,61.5,78.0,74.0,2
7.8,1,3,1,80,4.8,Yes,No,61,81,NotPlaced,71.0,96.0,88.0,5
8.2,0,3,2,84,4.0,Yes,Yes,80,86,Placed,83.0,80.0,82.0,5
8.3,2,3,0,82,4.6,Yes,Yes,80,67,Placed,73.5,92.0,87.0,5
8.1,1,3,0,80,4.7,Yes,Yes,79,84,Placed,81.5,94.0,87.0,4
6.6,1,1,0,71,4.5,Yes,Yes,64,70,Placed,67.0,90.0,80.5,2
6.5,1,3,0,86,4.3,Yes,Yes,76,87,NotPlaced,81.5,86.0,86.0,4
7.7,1,2,2,79,4.8,Yes,Yes,82,82,NotPlaced,82.0,96.0,87.5,5
8.2,2,1,0,82,4.6,Yes,Yes,74,82,Placed,78.0,92.0,87.0,3
7.6,2,2,0,73,4.4,Yes,Yes,83,87,Placed,85.0,88.00000000000001,80.5,4
7.6,1,2,0,89,4.5,Yes,Yes,71,82,NotPlaced,76.5,90.0,89.5,3
8.2,2,3,2,90,4.8,Yes,Yes,77,85,Placed,81.0,96.0,93.0,7
6.5,0,2,0,87,3.3,No,No,60,67,NotPlaced,63.5,65.99999999999999,76.5,2
7.4,1,1,1,68,4.3,Yes,No,60,69,Placed,64.5,86.0,77.0,3
7.7,2,3,0,81,4.8,Yes,Yes,81,83,NotPlaced,82.0,96.0,88.5,5
8.0,1,1,0,83,4.7,No,No,55,66,NotPlaced,60.5,94.0,88.5,2
7.5,2,1,0,74,4.6,No,No,55,63,NotPlaced,59.0,92.0,83.0,3
7.7,1,2,0,90,4.8,No,Yes,64,69,Placed,66.5,96.0,93.0,3
7.9,2,3,1,89,4.8,Yes,Yes,90,86,Placed,88.0,96.0,92.5,6
8.4,2,3,2,83,4.5,Yes,Yes,74,86,Placed,80.0,90.0,86.5,7
7.6,1,3,2,84,4.6,Yes,Yes,78,79,NotPlaced,78.5,92.0,88.0,6
6.9,1,2,1,68,4.5,Yes,Yes,56,65,NotPlaced,60.5,90.0,79.0,4
8.6,2,1,2,69,3.8,Yes,Yes,74,81,Placed,77.5,76.0,72.5,5
7.9,1,3,2,66,4.1,No,No,55,58,NotPlaced,56.5,82.0,74.0,6
7.1,1,2,0,80,3.5,No,No,55,66,NotPlaced,60.5,70.0,75.0,3
8.2,2,2,2,88,4.2,Yes,Yes,80,86,NotPlaced,83.0,84.00000000000001,86.0,6
7.9,1,2,0,90,4.8,No,Yes,75,85,NotPlaced,80.0,96.0,93.0,3
6.6,1,2,0,73,4.3,Yes,No,58,66,NotPlaced,62.0,86.0,79.5,3
7.6,1,1,0,77,4.2,Yes,Yes,68,86,NotPlaced,77.0,84.00000000000001,80.5,2
8.7,1,3,3,89,4.8,Yes,Yes,74,83,NotPlaced,78.5,96.0,92.5,7
8.1,2,3,2,90,4.8,Yes,Yes,75,88,Placed,81.5,96.0,93.0,7
8.1,2,3,2,86,4.5,Yes,Yes,80,86,NotPlaced,83.0,90.0,88.0,7
7.9,0,2,1,87,4.4,No,No,71,70,NotPlaced,70.5,88.00000000000001,87.5,3
8.6,0,3,2,75,4.0,Yes,Yes,78,84,Placed,81.0,80.0,77.5,5
6.8,1,1,1,60,3.6,No,Yes,55,68,NotPlaced,61.5,72.0,66.0,3
8.3,1,1,1,77,3.6,No,Yes,55,67,NotPlaced,61.0,72.0,74.5,3
8.6,2,3,2,90,4.7,Yes,Yes,84,87,Placed,85.5,94.0,92.0,7
7.6,1,3,0,80,4.6,No,Yes,60,73,Placed,66.5,92.0,86.0,4
8.4,2,3,2,90,4.8,Yes,Yes,76,86,Placed,81.0,96.0,93.0,7
7.5,0,1,2,73,3.9,No,Yes,55,67,Placed,61.0,78.0,75.5,3
8.6,2,3,3,78,4.7,Yes,Yes,75,83,Placed,79.0,94.0,86.0,8
7.4,1,1,0,60,3.7,No,No,63,64,NotPlaced,63.5,74.0,67.0,2
8.0,1,3,0,77,4.7,Yes,Yes,60,85,Placed,72.5,94.0,85.5,4
8.0,2,3,2,90,4.8,Yes,Yes,77,87,Placed,82.0,96.0,93.0,7
6.7,0,1,2,69,4.4,Yes,No,81,59,NotPlaced,70.0,88.00000000000001,78.5,3
7.5,1,1,1,68,4.6,Yes,Yes,59,65,NotPlaced,62.0,92.0,80.0,3
6.7,1,2,2,76,3.8,No,Yes,61,61,NotPlaced,61.0,76.0,76.0,5
7.7,1,1,1,73,3.7,No,Yes,58,64,NotPlaced,61.0,74.0,73.5,3
7.5,0,1,1,78,3.5,No,Yes,55,78,NotPlaced,66.5,70.0,74.0,2
7.6,1,1,0,71,4.1,No,Yes,60,69,NotPlaced,64.5,82.0,76.5,2
8.5,1,3,0,86,4.5,Yes,No,79,78,Placed,78.5,90.0,88.0,4
6.5,1,1,0,79,4.0,No,No,55,70,NotPlaced,62.5,80.0,79.5,2
7.4,1,1,0,80,4.8,No,Yes,64,73,NotPlaced,68.5,96.0,88.0,2
7.4,0,2,0,75,3.5,No,Yes,55,71,NotPlaced,63.0,70.0,72.5,2
8.5,1,3,1,84,4.3,Yes,Yes,55,66,NotPlaced,60.5,86.0,85.0,5
7.7,1,1,0,71,3.5,No,Yes,59,64,NotPlaced,61.5,70.0,70.5,2
8.0,1,3,2,87,4.6,Yes,No,83,82,Placed,82.5,92.0,89.5,6
8.3,1,3,2,81,4.7,Yes,Yes,76,86,NotPlaced,81.0,94.0,87.5,6
8.2,2,2,2,90,4.3,Yes,Yes,73,80,Placed,76.5,86.0,88.0,6
7.4,1,2,1,71,4.7,No,Yes,74,63,NotPlaced,68.5,94.0,82.5,4
6.9,1,3,2,65,4.0,No,Yes,79,60,NotPlaced,69.5,80.0,72.5,6
8.4,1,1,0,78,4.8,Yes,No,71,81,NotPlaced,76.0,96.0,87.0,2
8.3,2,2,2,89,4.0,Yes,Yes,78,85,Placed,81.5,80.0,84.5,6
7.3,1,2,0,72,4.3,No,Yes,56,66,NotPlaced,61.0,86.0,79.0,3
7.8,0,1,0,71,3.8,Yes,No,62,69,NotPlaced,65.5,76.0,73.5,1
7.5,1,1,2,69,4.3,Yes,No,77,82,NotPlaced,79.5,86.0,77.5,4
8.0,1,3,0,79,4.8,Yes,Yes,77,74,NotPlaced,75.5,96.0,87.5,4
8.5,2,3,2,90,4.8,Yes,Yes,79,86,Placed,82.5,96.0,93.0,7
8.3,1,2,1,81,4.6,Yes,Yes,68,66,Placed,67.0,92.0,86.5,4
8.4,0,2,0,81,4.4,Yes,Yes,61,68,Placed,64.5,88.00000000000001,84.5,2
8.4,2,3,2,84,4.2,Yes,Yes,81,84,Placed,82.5,84.00000000000001,84.0,7
8.5,0,2,0,79,4.5,No,No,72,74,NotPlaced,73.0,90.0,84.5,2
6.6,1,1,0,71,4.1,No,Yes,67,64,NotPlaced,65.5,82.0,76.5,2
8.1,2,3,0,86,4.3,Yes,Yes,73,81,Placed,77.0,86.0,86.0,5
6.8,1,1,0,66,3.5,No,No,56,72,NotPlaced,64.0,70.0,68.0,2
7.6,2,2,0,84,4.3,No,No,64,65,NotPlaced,64.5,86.0,85.0,4
8.7,0,3,1,71,4.5,Yes,Yes,73,76,Placed,74.5,90.0,80.5,4
8.2,0,3,2,81,4.7,No,No,82,68,NotPlaced,75.0,94.0,87.5,5
7.3,1,1,2,75,3.8,Yes,Yes,55,69,NotPlaced,62.0,76.0,75.5,4
8.0,2,3,0,84,4.6,Yes,Yes,76,83,Placed,79.5,92.0,88.0,5
7.6,1,3,1,77,4.6,Yes,Yes,57,69,Placed,63.0,92.0,84.5,5
7.7,0,3,1,85,4.3,Yes,Yes,77,65,Placed,71.0,86.0,85.5,4
7.5,1,1,0,76,4.0,No,No,68,65,NotPlaced,66.5,80.0,78.0,2
7.3,1,1,0,76,4.4,No,Yes,62,70,NotPlaced,66.0,88.00000000000001,82.0,2
6.7,1,1,1,76,4.6,No,No,65,69,NotPlaced,67.0,92.0,84.0,3
6.7,1,2,2,78,4.4,Yes,Yes,72,64,NotPlaced,68.0,88.00000000000001,83.0,5
8.4,1,3,2,90,4.8,Yes,Yes,83,84,Placed,83.5,96.0,93.0,6
8.8,2,3,2,86,4.7,Yes,Yes,73,88,Placed,80.5,94.0,90.0,7
6.5,1,1,1,85,3.9,No,No,79,63,NotPlaced,71.0,78.0,81.5,3
7.7,2,3,0,77,4.6,Yes,Yes,70,69,NotPlaced,69.5,92.0,84.5,5
8.5,2,2,0,85,4.5,Yes,Yes,71,78,Placed,74.5,90.0,87.5,4
8.0,1,2,0,68,4.5,Yes,No,62,65,NotPlaced,63.5,90.0,79.0,3
8.2,1,3,2,90,4.7,Yes,Yes,76,86,Placed,81.0,94.0,92.0,6
8.1,0,3,2,88,4.8,Yes,Yes,75,81,Placed,78.0,96.0,92.0,5
8.4,1,2,1,73,4.0,Yes,No,81,63,NotPlaced,72.0,80.0,76.5,4
8.3,1,3,1,67,3.7,Yes,Yes,66,68,NotPlaced,67.0,74.0,70.5,5
7.4,1,1,0,71,4.3,Yes,Yes,55,66,NotPlaced,60.5,86.0,78.5,2
8.5,1,1,2,77,4.3,Yes,Yes,80,81,Placed,80.5,86.0,81.5,4
7.8,1,2,1,74,4.2,No,Yes,66,70,NotPlaced,68.0,84.00000000000001,79.0,4
8.2,1,3,0,84,4.5,Yes,Yes,70,74,Placed,72.0,90.0,87.0,4
7.0,1,1,2,74,4.5,Yes,Yes,78,86,NotPlaced,82.0,90.0,82.0,4
8.4,0,1,2,79,3.9,Yes,Yes,80,80,NotPlaced,80.0,78.0,78.5,3
8.0,1,1,2,75,3.7,No,Yes,72,65,NotPlaced,68.5,74.0,74.5,4
7.5,1,1,1,69,3.6,No,Yes,55,71,NotPlaced,63.0,72.0,70.5,3
8.2,2,3,2,90,4.6,Yes,Yes,83,83,Placed,83.0,92.0,91.0,7
7.7,0,1,0,71,3.5,No,No,56,65,NotPlaced,60.5,70.0,70.5,1
8.6,0,2,2,81,4.4,Yes,Yes,82,83,Placed,82.5,88.00000000000001,84.5,4
8.2,1,3,0,89,4.8,Yes,Yes,80,88,NotPlaced,84.0,96.0,92.5,4
8.6,2,3,2,87,4.8,Yes,Yes,81,88,Placed,84.5,96.0,91.5,7
7.5,2,2,0,72,4.5,Yes,Yes,72,70,NotPlaced,71.0,90.0,81.0,4
7.2,1,1,1,79,4.3,No,No,55,75,NotPlaced,65.0,86.0,82.5,3
8.4,0,0,2,90,4.8,Yes,Yes,81,84,Placed,82.5,96.0,93.0,2
8.3,2,3,2,88,4.8,Yes,Yes,68,82,Placed,75.0,96.0,92.0,7
6.8,0,1,0,71,3.3,No,No,57,59,Placed,58.0,65.99999999999999,68.5,1
7.9,1,3,0,84,4.7,Yes,Yes,70,85,Placed,77.5,94.0,89.0,4
8.1,1,3,2,90,4.7,Yes,Yes,85,83,Placed,84.0,94.0,92.0,6
6.5,0,1,1,64,4.1,No,No,63,69,NotPlaced,66.0,82.0,73.0,2
7.7,1,3,0,78,4.4,Yes,No,55,62,NotPlaced,58.5,88.00000000000001,83.0,4
8.4,1,2,0,85,4.4,Yes,Yes,79,86,Placed,82.5,88.00000000000001,86.5,3
8.1,1,3,0,88,4.0,Yes,Yes,76,66,Placed,71.0,80.0,84.0,4
7.4,1,1,1,71,4.3,No,Yes,55,73,NotPlaced,64.0,86.0,78.5,3
7.4,1,2,0,80,4.6,No,Yes,76,71,Placed,73.5,92.0,86.0,3
8.6,2,3,2,90,4.8,Yes,Yes,81,81,Placed,81.0,96.0,93.0,7
7.6,1,1,0,79,4.8,No,Yes,69,71,NotPlaced,70.0,96.0,87.5,2
7.3,1,1,0,75,4.4,No,No,55,67,NotPlaced,61.0,88.00000000000001,81.5,2
7.5,0,2,0,79,3.7,No,No,78,85,Placed,81.5,74.0,76.5,2
7.7,0,3,1,84,4.2,Yes,No,67,85,NotPlaced,76.0,84.00000000000001,84.0,4
7.6,1,1,1,74,4.6,Yes,Yes,72,84,NotPlaced,78.0,92.0,83.0,3
8.3,0,3,0,88,4.7,Yes,Yes,73,74,Placed,73.5,94.0,91.0,3
6.6,1,2,0,70,4.1,Yes,Yes,55,62,NotPlaced,58.5,82.0,76.0,3
7.6,1,3,2,89,4.8,Yes,Yes,83,72,Placed,77.5,96.0,92.5,6
7.8,2,3,2,86,4.8,No,Yes,85,84,Placed,84.5,96.0,91.0,7
7.7,1,3,2,90,4.4,Yes,Yes,69,86,Placed,77.5,88.00000000000001,89.0,6
7.9,1,3,1,76,3.8,Yes,No,68,65,NotPlaced,66.5,76.0,76.0,5
7.6,1,2,1,65,4.2,No,Yes,62,62,NotPlaced,62.0,84.00000000000001,74.5,4
7.6,1,2,0,86,4.8,No,Yes,68,65,Placed,66.5,96.0,91.0,3
8.1,0,3,1,80,4.6,Yes,Yes,80,81,Placed,80.5,92.0,86.0,4
7.6,1,2,1,79,4.8,Yes,Yes,77,85,NotPlaced,81.0,96.0,87.5,4
7.7,1,2,1,61,4.0,No,No,55,66,NotPlaced,60.5,80.0,70.5,4
8.0,2,3,0,89,4.5,Yes,Yes,76,84,Placed,80.0,90.0,89.5,5
7.7,1,2,0,78,3.8,No,Yes,61,70,NotPlaced,65.5,76.0,77.0,3
7.6,0,1,1,61,3.4,No,Yes,55,72,NotPlaced,63.5,68.0,64.5,2
7.7,1,1,2,72,3.7,Yes,Yes,75,73,NotPlaced,74.0,74.0,73.0,4
8.1,2,3,2,90,4.7,Yes,Yes,75,86,Placed,80.5,94.0,92.0,7
7.9,1,1,0,71,4.4,No,Yes,79,71,NotPlaced,75.0,88.00000000000001,79.5,2
6.5,1,2,1,64,3.7,No,Yes,55,69,NotPlaced,62.0,74.0,69.0,4
8.1,2,3,2,90,4.8,Yes,Yes,82,81,Placed,81.5,96.0,93.0,7
6.6,2,2,0,73,4.1,No,No,59,68,NotPlaced,63.5,82.0,77.5,4
8.1,2,3,2,88,4.5,Yes,Yes,79,87,NotPlaced,83.0,90.0,89.0,7
7.4,1,2,0,69,3.8,No,No,55,64,NotPlaced,59.5,76.0,72.5,3
6.5,1,1,0,71,4.2,Yes,Yes,55,75,NotPlaced,65.0,84.00000000000001,77.5,2
7.9,1,3,1,77,4.1,Yes,Yes,78,69,NotPlaced,73.5,82.0,79.5,5
8.1,1,3,0,78,4.0,Yes,Yes,66,82,NotPlaced,74.0,80.0,79.0,4
8.4,2,3,2,89,4.6,Yes,Yes,87,84,Placed,85.5,92.0,90.5,7
7.8,1,1,0,77,4.0,Yes,Yes,83,66,Placed,74.5,80.0,78.5,2
8.4,0,3,2,81,4.8,Yes,No,77,84,Placed,80.5,96.0,88.5,5
8.7,1,2,0,80,4.5,Yes,Yes,55,64,Placed,59.5,90.0,85.0,3
7.4,1,3,1,81,4.4,No,Yes,70,67,NotPlaced,68.5,88.00000000000001,84.5,5
7.5,1,2,1,81,4.2,No,Yes,61,68,NotPlaced,64.5,84.00000000000001,82.5,4
8.2,2,3,0,88,4.0,Yes,Yes,75,75,Placed,75.0,80.0,84.0,5
8.4,2,3,2,87,4.8,Yes,No,87,87,Placed,87.0,96.0,91.5,7
8.7,2,3,2,83,4.0,Yes,Yes,77,83,Placed,80.0,80.0,81.5,7
7.7,1,2,0,88,4.1,Yes,Yes,55,64,NotPlaced,59.5,82.0,85.0,3
7.6,1,2,0,81,4.7,Yes,Yes,74,85,NotPlaced,79.5,94.0,87.5,3
8.5,2,3,2,90,4.8,No,Yes,90,83,Placed,86.5,96.0,93.0,7
7.9,2,2,2,90,4.8,Yes,No,83,82,Placed,82.5,96.0,93.0,6
6.6,1,1,1,80,3.9,Yes,Yes,84,81,NotPlaced,82.5,78.0,79.0,3
7.8,2,3,2,85,4.6,Yes,Yes,74,87,NotPlaced,80.5,92.0,88.5,7
8.1,2,3,0,77,4.8,Yes,Yes,80,71,Placed,75.5,96.0,86.5,5
7.2,1,2,1,74,3.7,No,No,55,72,NotPlaced,63.5,74.0,74.0,4
6.5,1,3,3,84,4.5,No,Yes,76,72,NotPlaced,74.0,90.0,87.0,7
8.2,2,2,1,74,4.2,No,Yes,76,69,Placed,72.5,84.00000000000001,79.0,5
8.0,1,3,2,90,4.8,Yes,Yes,80,84,Placed,82.0,96.0,93.0,6
7.7,1,3,0,85,4.8,Yes,No,68,87,Placed,77.5,96.0,90.5,4
8.2,1,3,0,87,3.7,Yes,Yes,74,88,Placed,81.0,74.0,80.5,4
8.5,2,3,2,90,4.8,Yes,Yes,85,87,Placed,86.0,96.0,93.0,7
7.4,1,1,0,62,4.1,No,No,75,66,NotPlaced,70.5,82.0,72.0,2
6.8,1,2,1,71,4.7,Yes,Yes,55,58,NotPlaced,56.5,94.0,82.5,4
8.1,1,3,2,90,4.8,Yes,Yes,83,88,Placed,85.5,96.0,93.0,6
7.4,1,2,0,82,4.3,No,Yes,60,66,NotPlaced,63.0,86.0,84.0,3
7.5,1,3,0,90,4.3,Yes,Yes,78,83,Placed,80.5,86.0,88.0,4
6.5,1,1,0,77,4.2,No,Yes,55,74,NotPlaced,64.5,84.00000000000001,80.5,2
6.6,1,1,2,76,4.0,Yes,Yes,71,85,NotPlaced,78.0,80.0,78.0,4
7.8,1,1,1,65,3.7,No,No,55,64,NotPlaced,59.5,74.0,69.5,3
7.9,1,3,2,82,4.4,Yes,Yes,70,86,NotPlaced,78.0,88.00000000000001,85.0,6
6.8,1,1,1,80,4.3,Yes,Yes,55,66,Placed,60.5,86.0,83.0,3
7.6,1,2,2,75,4.6,No,No,61,64,NotPlaced,62.5,92.0,83.5,5
8.7,2,3,2,85,4.4,Yes,Yes,81,84,Placed,82.5,88.00000000000001,86.5,7
8.6,1,3,2,90,4.8,Yes,Yes,70,88,Placed,79.0,96.0,93.0,6
7.6,0,1,1,73,3.3,No,No,56,62,NotPlaced,59.0,65.99999999999999,69.5,2
7.9,0,3,2,88,4.6,Yes,Yes,70,80,NotPlaced,75.0,92.0,90.0,5
8.2,1,1,1,76,4.1,No,No,58,80,NotPlaced,69.0,82.0,79.0,3
7.2,1,1,1,68,3.4,No,No,55,63,NotPlaced,59.0,68.0,68.0,3
8.3,2,3,2,68,3.9,Yes,No,77,84,Placed,80.5,78.0,73.0,7
7.6,1,2,2,82,4.8,Yes,Yes,64,80,NotPlaced,72.0,96.0,89.0,5
8.6,2,3,2,90,4.8,Yes,Yes,84,79,Placed,81.5,96.0,93.0,7
8.1,0,1,0,83,4.3,Yes,Yes,68,71,Placed,69.5,86.0,84.5,1
7.6,1,1,0,63,4.3,Yes,No,59,60,NotPlaced,59.5,86.0,74.5,2
8.4,1,1,0,78,4.3,Yes,Yes,55,69,Placed,62.0,86.0,82.0,2
7.8,2,3,2,85,4.7,Yes,Yes,87,85,Placed,86.0,94.0,89.5,7
8.6,2,3,2,90,4.8,Yes,Yes,71,88,Placed,79.5,96.0,93.0,7
7.6,1,2,0,79,4.2,No,No,55,84,NotPlaced,69.5,84.00000000000001,81.5,3
8.4,2,3,2,85,4.7,Yes,Yes,87,85,NotPlaced,86.0,94.0,89.5,7
7.4,0,2,0,73,3.7,No,Yes,55,71,NotPlaced,63.0,74.0,73.5,2
7.4,2,2,0,68,3.8,No,Yes,55,66,NotPlaced,60.5,76.0,72.0,4
7.1,2,1,3,71,4.8,Yes,No,72,71,NotPlaced,71.5,96.0,83.5,6
8.1,1,1,0,69,4.8,No,No,63,70,NotPlaced,66.5,96.0,82.5,2
7.8,1,3,0,89,4.0,No,Yes,72,84,Placed,78.0,80.0,84.5,4
6.6,1,1,0,81,4.4,Yes,Yes,74,75,NotPlaced,74.5,88.00000000000001,84.5,2
6.7,1,2,0,89,4.7,No,Yes,55,82,NotPlaced,68.5,94.0,91.5,3
8.5,2,3,0,85,4.7,Yes,Yes,73,85,NotPlaced,79.0,94.0,89.5,5
6.5,0,3,1,75,4.3,No,No,69,62,Placed,65.5,86.0,80.5,4
8.2,1,2,1,71,3.7,No,Yes,78,72,NotPlaced,75.0,74.0,72.5,4
7.0,1,2,0,67,3.5,No,Yes,55,63,NotPlaced,59.0,70.0,68.5,3
7.4,0,1,0,72,3.7,Yes,No,68,74,NotPlaced,71.0,74.0,73.0,1
7.8,1,2,2,90,4.3,Yes,Yes,75,64,NotPlaced,69.5,86.0,88.0,5
6.7,1,1,0,75,3.1,Yes,Yes,55,67,NotPlaced,61.0,62.0,68.5,2
7.6,1,3,0,87,4.4,Yes,Yes,80,88,NotPlaced,84.0,88.00000000000001,87.5,4
8.7,0,2,2,84,4.5,Yes,Yes,83,84,NotPlaced,83.5,90.0,87.0,4
8.3,2,3,0,82,3.5,Yes,No,82,80,NotPlaced,81.0,70.0,76.0,5
7.2,1,2,1,77,4.1,No,Yes,55,64,NotPlaced,59.5,82.0,79.5,4
7.7,1,3,0,76,4.5,Yes,No,69,64,Placed,66.5,90.0,83.0,4
6.5,1,1,1,62,4.0,No,No,55,60,NotPlaced,57.5,80.0,71.0,3
7.4,1,2,0,69,3.6,No,No,69,68,NotPlaced,68.5,72.0,70.5,3
8.0,0,3,1,90,4.8,Yes,Yes,74,88,NotPlaced,81.0,96.0,93.0,4
8.5,2,2,2,81,4.8,Yes,Yes,79,88,Placed,83.5,96.0,88.5,6
7.6,1,3,2,88,4.5,Yes,Yes,75,84,Placed,79.5,90.0,89.0,6
8.2,0,1,0,88,4.0,No,No,76,60,NotPlaced,68.0,80.0,84.0,1
7.2,1,1,0,66,3.9,Yes,No,61,67,NotPlaced,64.0,78.0,72.0,2
7.9,2,1,0,81,3.7,Yes,Yes,79,66,Placed,72.5,74.0,77.5,3
7.6,1,3,1,73,4.3,Yes,Yes,77,72,NotPlaced,74.5,86.0,79.5,5
7.5,1,3,0,78,3.6,No,Yes,72,84,NotPlaced,78.0,72.0,75.0,4
8.4,1,3,0,82,4.3,Yes,Yes,74,68,Placed,71.0,86.0,84.0,4
7.7,1,1,0,78,4.4,No,Yes,82,81,NotPlaced,81.5,88.00000000000001,83.0,2
6.5,0,2,2,88,4.6,No,Yes,71,72,NotPlaced,71.5,92.0,90.0,4
6.8,1,2,0,78,4.3,Yes,Yes,75,71,Placed,73.0,86.0,82.0,3
8.0,1,3,2,79,4.6,Yes,Yes,68,87,Placed,77.5,92.0,85.5,6
6.6,0,3,0,87,4.6,Yes,Yes,77,77,Placed,77.0,92.0,89.5,3
7.5,1,2,1,72,4.5,Yes,Yes,78,81,NotPlaced,79.5,90.0,81.0,4
8.2,2,2,2,80,4.5,Yes,Yes,80,85,Placed,82.5,90.0,85.0,6
7.5,1,2,1,72,4.4,No,Yes,58,68,NotPlaced,63.0,88.00000000000001,80.0,4
8.2,2,3,2,90,4.8,Yes,Yes,83,87,Placed,85.0,96.0,93.0,7
6.6,2,2,1,61,3.5,No,Yes,55,69,NotPlaced,62.0,70.0,65.5,5
7.4,1,2,1,68,4.2,No,Yes,57,64,NotPlaced,60.5,84.00000000000001,76.0,4
8.3,2,3,0,80,4.2,No,No,87,68,NotPlaced,77.5,84.00000000000001,82.0,5
8.1,2,3,2,89,4.8,Yes,Yes,87,87,Placed,87.0,96.0,92.5,7
8.2,2,3,2,88,4.8,Yes,Yes,67,86,NotPlaced,76.5,96.0,92.0,7
6.5,1,1,0,79,4.0,Yes,Yes,79,74,NotPlaced,76.5,80.0,79.5,2
8.7,1,2,0,74,4.8,No,No,74,83,NotPlaced,78.5,96.0,85.0,3
8.6,2,3,1,85,4.3,Yes,Yes,79,80,Placed,79.5,86.0,85.5,6
7.2,2,3,2,84,4.0,No,No,77,81,Placed,79.0,80.0,82.0,7
8.2,1,3,2,90,4.8,Yes,Yes,85,88,Placed,86.5,96.0,93.0,6
7.6,0,1,2,79,4.8,Yes,Yes,56,85,Placed,70.5,96.0,87.5,3
7.7,2,2,2,85,4.3,Yes,Yes,82,84,Placed,83.0,86.0,85.5,6
8.6,1,1,0,65,3.7,Yes,No,69,62,NotPlaced,65.5,74.0,69.5,2
7.9,2,3,2,85,4.7,Yes,Yes,90,84,Placed,87.0,94.0,89.5,7
7.5,1,1,0,65,3.9,No,Yes,58,69,NotPlaced,63.5,78.0,71.5,2
8.0,2,2,2,89,4.2,Yes,Yes,82,84,Placed,83.0,84.00000000000001,86.5,6
7.6,1,1,0,77,4.5,Yes,Yes,70,71,NotPlaced,70.5,90.0,83.5,2
8.3,0,2,0,78,4.5,No,Yes,78,66,Placed,72.0,90.0,84.0,2
8.4,2,3,2,90,4.8,Yes,Yes,75,88,Placed,81.5,96.0,93.0,7
6.5,0,1,2,76,4.1,Yes,Yes,79,65,NotPlaced,72.0,82.0,79.0,3
8.1,1,1,3,75,4.0,No,No,55,66,NotPlaced,60.5,80.0,77.5,5
8.4,2,3,2,90,4.8,Yes,Yes,84,79,Placed,81.5,96.0,93.0,7
7.8,0,2,1,79,4.7,No,Yes,56,72,NotPlaced,64.0,94.0,86.5,3
8.5,1,3,2,90,4.8,Yes,Yes,75,86,NotPlaced,80.5,96.0,93.0,6
6.5,1,1,1,83,4.4,No,No,55,74,NotPlaced,64.5,88.00000000000001,85.5,3
7.8,1,1,1,77,4.5,No,No,56,68,NotPlaced,62.0,90.0,83.5,3
6.7,1,2,1,82,4.3,Yes,Yes,77,80,Placed,78.5,86.0,84.0,4
6.5,0,2,0,77,4.4,No,Yes,68,84,NotPlaced,76.0,88.00000000000001,82.5,2
8.0,2,1,2,88,3.8,Yes,No,82,82,NotPlaced,82.0,76.0,82.0,5
7.5,1,1,0,75,4.1,Yes,Yes,61,70,NotPlaced,65.5,82.0,78.5,2
6.5,2,1,0,60,4.5,No,No,67,72,NotPlaced,69.5,90.0,75.0,3
7.5,1,3,0,83,4.1,Yes,Yes,78,81,Placed,79.5,82.0,82.5,4
6.5,2,1,1,82,4.8,No,Yes,75,71,NotPlaced,73.0,96.0,89.0,4
8.5,2,3,2,84,4.6,Yes,Yes,85,82,Placed,83.5,92.0,88.0,7
6.8,0,1,0,75,4.7,No,Yes,57,62,NotPlaced,59.5,94.0,84.5,1
8.5,2,3,0,89,4.2,Yes,Yes,78,87,Placed,82.5,84.00000000000001,86.5,5
7.7,1,2,2,61,3.8,Yes,Yes,72,61,NotPlaced,66.5,76.0,68.5,5
7.2,1,1,0,72,4.1,No,Yes,55,73,NotPlaced,64.0,82.0,77.0,2
6.5,0,1,0,66,3.5,No,No,55,67,NotPlaced,61.0,70.0,68.0,1
7.6,1,2,1,79,4.5,No,Yes,55,68,NotPlaced,61.5,90.0,84.5,4
7.5,1,1,0,68,3.6,No,Yes,69,62,NotPlaced,65.5,72.0,70.0,2
7.0,1,1,1,74,4.4,No,Yes,64,61,NotPlaced,62.5,88.00000000000001,81.0,3
8.4,2,3,0,85,4.6,Yes,Yes,81,72,NotPlaced,76.5,92.0,88.5,5
8.4,1,2,2,79,4.8,Yes,Yes,61,81,NotPlaced,71.0,96.0,87.5,5
7.7,0,3,2,86,4.7,Yes,Yes,78,84,Placed,81.0,94.0,90.0,5
8.3,1,1,0,75,4.2,Yes,Yes,86,86,Placed,86.0,84.00000000000001,79.5,2
8.8,1,2,2,77,4.3,Yes,Yes,74,79,Placed,76.5,86.0,81.5,5
6.5,1,3,0,90,4.6,Yes,Yes,84,80,Placed,82.0,92.0,91.0,4
7.6,2,1,0,73,4.0,No,Yes,82,75,Placed,78.5,80.0,76.5,3
6.5,1,1,0,72,4.5,No,No,55,66,NotPlaced,60.5,90.0,81.0,2
7.5,0,1,0,76,4.4,No,No,63,70,NotPlaced,66.5,88.00000000000001,82.0,1
7.6,1,1,1,72,4.6,Yes,Yes,56,66,Placed,61.0,92.0,82.0,3
8.2,1,2,0,78,3.8,No,Yes,55,80,NotPlaced,67.5,76.0,77.0,3
6.6,1,2,0,78,4.7,No,Yes,55,65,NotPlaced,60.0,94.0,86.0,3
7.5,1,1,0,69,3.8,No,Yes,62,60,NotPlaced,61.0,76.0,72.5,2
8.1,0,3,1,86,4.7,Yes,Yes,63,79,Placed,71.0,94.0,90.0,4
8.2,1,3,2,90,4.8,Yes,Yes,85,77,Placed,81.0,96.0,93.0,6
8.7,2,3,2,90,4.7,Yes,Yes,70,87,Placed,78.5,94.0,92.0,7
8.0,1,3,2,77,4.5,Yes,No,78,77,NotPlaced,77.5,90.0,83.5,6
7.5,1,2,1,75,3.7,No,Yes,56,68,NotPlaced,62.0,74.0,74.5,4
6.6,1,1,0,70,4.5,No,No,59,68,NotPlaced,63.5,90.0,80.0,2
8.2,1,2,2,88,4.4,Yes,Yes,81,85,Placed,83.0,88.00000000000001,88.0,5
8.5,2,3,2,89,4.8,Yes,Yes,81,78,Placed,79.5,96.0,92.5,7
8.6,1,3,2,76,4.0,No,No,71,88,NotPlaced,79.5,80.0,78.0,6
8.4,1,3,2,72,4.6,Yes,No,70,70,Placed,70.0,92.0,82.0,6
7.6,1,3,1,73,4.1,No,Yes,80,70,NotPlaced,75.0,82.0,77.5,5
8.4,1,3,2,90,4.8,Yes,Yes,69,87,Placed,78.0,96.0,93.0,6
8.3,2,3,2,88,4.8,Yes,Yes,87,88,Placed,87.5,96.0,92.0,7
8.4,2,3,2,88,4.5,Yes,Yes,90,79,Placed,84.5,90.0,89.0,7
8.7,2,3,2,83,4.8,Yes,Yes,79,86,Placed,82.5,96.0,89.5,7
7.6,1,2,0,76,4.0,No,No,62,61,NotPlaced,61.5,80.0,78.0,3
8.4,1,3,0,89,4.8,Yes,Yes,79,84,Placed,81.5,96.0,92.5,4
8.3,2,3,2,90,4.8,Yes,Yes,80,86,Placed,83.0,96.0,93.0,7
6.5,1,1,0,85,4.6,No,Yes,59,65,NotPlaced,62.0,92.0,88.5,2
6.9,0,2,1,71,3.2,No,No,55,65,NotPlaced,60.0,64.0,67.5,3
8.1,1,2,1,73,4.2,No,Yes,83,87,NotPlaced,85.0,84.00000000000001,78.5,4
7.7,1,2,0,80,4.6,No,Yes,57,68,NotPlaced,62.5,92.0,86.0,3
7.2,0,1,0,75,3.5,No,No,55,74,NotPlaced,64.5,70.0,72.5,1
8.3,1,1,2,74,4.1,Yes,Yes,55,66,NotPlaced,60.5,82.0,78.0,4
8.3,2,3,0,86,4.7,Yes,Yes,76,84,Placed,80.0,94.0,90.0,5
8.2,2,3,3,88,4.8,Yes,Yes,74,86,Placed,80.0,96.0,92.0,8
8.4,1,2,0,79,4.3,Yes,Yes,70,74,Placed,72.0,86.0,82.5,3
7.4,1,2,1,78,4.6,No,Yes,67,68,NotPlaced,67.5,92.0,85.0,4
7.9,1,2,2,84,4.6,No,Yes,67,64,NotPlaced,65.5,92.0,88.0,5
7.7,2,3,2,90,4.8,Yes,Yes,88,85,Placed,86.5,96.0,93.0,7
7.7,1,2,2,78,3.8,Yes,No,63,67,NotPlaced,65.0,76.0,77.0,5
8.7,0,2,1,80,4.8,Yes,Yes,82,79,Placed,80.5,96.0,88.0,3
6.8,0,2,1,65,4.8,No,Yes,55,71,NotPlaced,63.0,96.0,80.5,3
7.8,2,3,2,82,4.6,No,Yes,86,81,Placed,83.5,92.0,87.0,7
7.8,2,3,2,90,4.8,Yes,Yes,85,85,Placed,85.0,96.0,93.0,7
7.7,1,1,0,72,4.4,No,No,72,69,NotPlaced,70.5,88.00000000000001,80.0,2
8.2,2,2,2,70,4.2,Yes,No,56,71,NotPlaced,63.5,84.00000000000001,77.0,6
8.9,0,3,3,87,4.8,Yes,Yes,73,88,Placed,80.5,96.0,91.5,6
7.5,1,2,1,76,3.8,No,Yes,55,75,NotPlaced,65.0,76.0,76.0,4
8.3,1,3,2,82,4.8,Yes,Yes,81,83,Placed,82.0,96.0,89.0,6
8.0,1,3,2,90,4.4,Yes,Yes,72,82,Placed,77.0,88.00000000000001,89.0,6
6.6,0,1,1,69,4.2,No,No,55,68,NotPlaced,61.5,84.00000000000001,76.5,2
8.2,2,3,2,86,4.4,Yes,Yes,79,85,Placed,82.0,88.00000000000001,87.0,7
7.6,0,1,2,75,4.5,No,No,80,66,NotPlaced,73.0,90.0,82.5,3
6.6,0,2,0,64,3.3,No,Yes,57,65,NotPlaced,61.0,65.99999999999999,65.0,2
7.4,1,1,0,77,4.0,No,No,71,67,NotPlaced,69.0,80.0,78.5,2
6.6,2,3,0,73,4.5,Yes,Yes,75,72,NotPlaced,73.5,90.0,81.5,5
7.5,1,3,2,90,4.8,Yes,Yes,71,84,Placed,77.5,96.0,93.0,6
7.3,1,1,1,83,3.8,No,Yes,56,68,NotPlaced,62.0,76.0,79.5,3
6.6,0,2,1,63,4.1,No,No,57,62,NotPlaced,59.5,82.0,72.5,3
7.7,0,1,0,82,4.1,No,No,58,71,NotPlaced,64.5,82.0,82.0,1
7.7,0,1,1,87,3.9,Yes,No,75,82,NotPlaced,78.5,78.0,82.5,2
7.6,2,2,1,88,4.8,Yes,Yes,83,86,NotPlaced,84.5,96.0,92.0,5
6.5,1,1,0,77,3.6,Yes,Yes,60,74,NotPlaced,67.0,72.0,74.5,2
6.5,1,2,1,89,4.0,No,Yes,55,67,NotPlaced,61.0,80.0,84.5,4
8.3,1,3,1,73,4.7,Yes,No,71,65,NotPlaced,68.0,94.0,83.5,5
8.5,1,3,1,84,3.9,Yes,Yes,72,82,Placed,77.0,78.0,81.0,5
7.4,1,1,0,77,3.6,No,Yes,73,78,NotPlaced,75.5,72.0,74.5,2
6.6,1,3,2,89,4.5,Yes,Yes,71,88,Placed,79.5,90.0,89.5,6
7.6,1,1,1,71,4.2,Yes,Yes,63,63,NotPlaced,63.0,84.00000000000001,77.5,3
6.7,0,1,0,74,4.1,Yes,Yes,60,64,NotPlaced,62.0,82.0,78.0,1
7.6,0,1,2,75,4.2,Yes,No,77,83,NotPlaced,80.0,84.00000000000001,79.5,3
7.5,1,1,0,66,3.7,No,No,60,68,NotPlaced,64.0,74.0,70.0,2
6.5,1,1,0,74,4.2,No,Yes,55,78,NotPlaced,66.5,84.00000000000001,79.0,2
8.1,1,2,0,74,4.7,Yes,Yes,61,69,NotPlaced,65.0,94.0,84.0,3
7.5,1,3,0,77,4.0,Yes,Yes,55,65,NotPlaced,60.0,80.0,78.5,4
7.3,1,1,0,78,3.1,No,No,63,62,NotPlaced,62.5,62.0,70.0,2
8.0,1,3,2,89,4.3,Yes,Yes,84,88,Placed,86.0,86.0,87.5,6
8.3,1,1,0,81,4.5,Yes,No,80,68,Placed,74.0,90.0,85.5,2
6.5,1,1,1,85,4.8,No,Yes,55,61,NotPlaced,58.0,96.0,90.5,3
7.9,1,3,2,90,4.8,Yes,No,84,88,Placed,86.0,96.0,93.0,6
8.8,2,3,3,90,4.8,Yes,Yes,73,87,Placed,80.0,96.0,93.0,8
6.5,1,1,1,81,4.7,No,Yes,62,63,NotPlaced,62.5,94.0,87.5,3
7.5,0,1,0,88,4.7,No,No,61,60,NotPlaced,60.5,94.0,91.0,1
8.3,2,2,0,89,4.8,Yes,Yes,79,82,NotPlaced,80.5,96.0,92.5,4
7.4,1,1,1,60,4.3,Yes,Yes,80,75,NotPlaced,77.5,86.0,73.0,3
6.5,1,3,1,79,4.2,Yes,Yes,56,65,NotPlaced,60.5,84.00000000000001,81.5,5
8.3,1,2,0,82,4.5,Yes,Yes,71,67,Placed,69.0,90.0,86.0,3
8.7,1,3,2,85,4.8,Yes,Yes,75,85,Placed,80.0,96.0,90.5,6
8.1,1,1,2,68,3.2,No,Yes,55,70,NotPlaced,62.5,64.0,66.0,4
7.7,1,1,1,79,3.7,No,Yes,59,63,NotPlaced,61.0,74.0,76.5,3
8.2,2,3,2,90,4.8,Yes,Yes,90,84,Placed,87.0,96.0,93.0,7
6.8,2,3,0,82,4.7,Yes,Yes,86,81,Placed,83.5,94.0,88.0,5
7.4,1,1,0,77,3.8,No,No,55,65,NotPlaced,60.0,76.0,76.5,2
7.6,2,2,0,74,4.0,No,Yes,62,83,Placed,72.5,80.0,77.0,4
7.7,0,1,0,66,3.7,No,No,55,70,NotPlaced,62.5,74.0,70.0,1
8.5,0,3,2,76,4.8,Yes,No,74,81,Placed,77.5,96.0,86.0,5
8.6,2,3,1,90,4.8,Yes,Yes,75,83,Placed,79.0,96.0,93.0,6
7.5,1,1,1,73,3.5,No,Yes,58,69,NotPlaced,63.5,70.0,71.5,3
8.6,2,3,2,90,4.6,Yes,Yes,76,85,Placed,80.5,92.0,91.0,7
8.5,1,3,0,88,4.8,Yes,Yes,82,65,Placed,73.5,96.0,92.0,4
7.4,1,2,0,76,4.5,No,Yes,55,72,NotPlaced,63.5,90.0,83.0,3
8.4,1,3,2,76,4.5,Yes,Yes,82,83,Placed,82.5,90.0,83.0,6
7.4,2,3,1,77,4.4,Yes,Yes,78,65,NotPlaced,71.5,88.00000000000001,82.5,6
8.3,0,3,2,88,4.8,Yes,Yes,74,72,Placed,73.0,96.0,92.0,5
8.1,0,2,0,84,4.7,No,Yes,61,69,NotPlaced,65.0,94.0,89.0,2
8.5,2,3,2,71,4.6,Yes,Yes,74,83,Placed,78.5,92.0,81.5,7
8.3,0,2,2,81,4.4,Yes,No,68,87,Placed,77.5,88.00000000000001,84.5,4
8.2,2,1,1,90,4.0,No,Yes,55,66,NotPlaced,60.5,80.0,85.0,4
6.7,0,2,1,69,4.4,Yes,Yes,55,72,NotPlaced,63.5,88.00000000000001,78.5,3
6.6,1,1,0,74,4.6,No,Yes,55,75,NotPlaced,65.0,92.0,83.0,2
8.7,2,3,2,90,4.7,Yes,Yes,77,88,Placed,82.5,94.0,92.0,7
9.0,2,3,2,90,4.8,Yes,Yes,73,86,Placed,79.5,96.0,93.0,7
7.0,1,1,0,72,4.5,No,Yes,71,65,NotPlaced,68.0,90.0,81.0,2
7.2,1,3,1,71,4.4,Yes,Yes,58,68,NotPlaced,63.0,88.00000000000001,79.5,5
8.1,0,3,0,86,3.7,Yes,Yes,90,85,Placed,87.5,74.0,80.0,3
7.7,1,2,2,78,4.3,Yes,Yes,79,81,Placed,80.0,86.0,82.0,5
7.4,1,2,2,66,4.4,No,Yes,61,85,NotPlaced,73.0,88.00000000000001,77.0,5
8.2,1,2,1,86,4.5,Yes,Yes,74,83,Placed,78.5,90.0,88.0,4
8.1,1,2,2,74,4.4,Yes,Yes,79,86,Placed,82.5,88.00000000000001,81.0,5
7.4,1,1,0,69,4.0,No,Yes,64,74,NotPlaced,69.0,80.0,74.5,2
7.5,0,2,2,73,4.8,Yes,Yes,64,83,Placed,73.5,96.0,84.5,4
8.2,2,3,2,90,4.8,Yes,Yes,85,85,Placed,85.0,96.0,93.0,7
6.5,1,3,2,71,4.2,No,No,80,88,NotPlaced,84.0,84.00000000000001,77.5,6
7.6,1,1,0,69,3.9,No,Yes,64,62,NotPlaced,63.0,78.0,73.5,2
8.1,1,3,2,89,4.6,Yes,Yes,75,80,Placed,77.5,92.0,90.5,6
7.7,1,1,0,82,4.5,Yes,Yes,55,84,NotPlaced,69.5,90.0,86.0,2
8.2,2,3,3,90,4.5,Yes,Yes,80,86,NotPlaced,83.0,90.0,90.0,8
7.8,2,3,2,90,4.8,Yes,Yes,81,84,Placed,82.5,96.0,93.0,7
8.2,0,1,2,81,4.2,Yes,Yes,69,67,NotPlaced,68.0,84.00000000000001,82.5,3
8.3,1,3,2,90,4.8,Yes,Yes,84,83,Placed,83.5,96.0,93.0,6
7.8,1,1,1,70,4.1,No,Yes,79,66,NotPlaced,72.5,82.0,76.0,3
6.9,2,2,2,72,3.7,Yes,Yes,58,71,NotPlaced,64.5,74.0,73.0,6
7.9,1,3,2,90,4.4,Yes,Yes,80,84,Placed,82.0,88.00000000000001,89.0,6
7.5,1,2,1,65,4.1,No,No,68,73,NotPlaced,70.5,82.0,73.5,4
6.5,1,2,1,68,4.8,No,No,55,68,NotPlaced,61.5,96.0,82.0,4
8.2,1,1,2,76,4.5,Yes,Yes,58,81,Placed,69.5,90.0,83.0,4
7.9,2,3,2,87,4.8,Yes,Yes,83,69,Placed,76.0,96.0,91.5,7
7.2,1,2,2,82,4.5,Yes,No,55,61,NotPlaced,58.0,90.0,86.0,5
8.8,2,3,2,90,4.8,Yes,Yes,73,80,Placed,76.5,96.0,93.0,7
8.0,1,0,2,79,4.4,Yes,Yes,73,84,Placed,78.5,88.00000000000001,83.5,3
7.7,1,0,0,75,3.6,Yes,Yes,55,82,Placed,68.5,72.0,73.5,1
8.4,2,3,2,90,4.8,Yes,Yes,84,83,Placed,83.5,96.0,93.0,7
8.6,2,3,2,90,4.8,Yes,Yes,85,82,Placed,83.5,96.0,93.0,7
7.0,1,2,0,69,4.7,No,Yes,57,65,Placed,61.0,94.0,81.5,3
8.9,2,3,2,90,4.8,Yes,Yes,82,87,Placed,84.5,96.0,93.0,7
8.2,2,1,3,88,4.2,Yes,Yes,61,86,Placed,73.5,84.00000000000001,86.0,6
7.8,0,3,0,83,4.4,Yes,Yes,81,73,NotPlaced,77.0,88.00000000000001,85.5,3
8.5,0,3,0,84,4.5,Yes,Yes,73,65,Placed,69.0,90.0,87.0,3
8.0,2,3,2,90,4.8,Yes,Yes,77,82,Placed,79.5,96.0,93.0,7
7.2,0,1,0,73,4.4,No,Yes,86,76,NotPlaced,81.0,88.00000000000001,80.5,1
6.5,1,2,0,66,4.2,No,Yes,59,64,NotPlaced,61.5,84.00000000000001,75.0,3
8.0,2,1,0,78,4.6,No,No,63,71,Placed,67.0,92.0,85.0,3
6.5,1,1,0,72,4.8,No,No,68,70,NotPlaced,69.0,96.0,84.0,2
7.3,1,3,0,77,4.5,Yes,Yes,55,66,NotPlaced,60.5,90.0,83.5,4
8.3,2,3,2,90,4.8,Yes,Yes,81,87,Placed,84.0,96.0,93.0,7
7.5,0,1,1,70,4.5,No,Yes,55,64,NotPlaced,59.5,90.0,80.0,2
7.7,0,3,0,84,4.3,Yes,Yes,81,67,Placed,74.0,86.0,85.0,3
8.0,2,3,2,90,4.6,Yes,Yes,77,84,Placed,80.5,92.0,91.0,7
7.4,1,2,1,68,3.6,No,No,55,64,NotPlaced,59.5,72.0,70.0,4
8.3,2,3,0,90,4.8,Yes,Yes,77,83,Placed,80.0,96.0,93.0,5
6.5,1,3,2,77,4.2,Yes,Yes,78,81,NotPlaced,79.5,84.00000000000001,80.5,6
8.7,1,3,3,88,3.8,Yes,Yes,68,82,NotPlaced,75.0,76.0,82.0,7
8.4,2,3,2,90,4.8,Yes,Yes,85,88,Placed,86.5,96.0,93.0,7
7.7,2,1,0,83,4.6,No,Yes,63,64,NotPlaced,63.5,92.0,87.5,3
7.6,0,1,1,70,3.9,No,Yes,61,71,NotPlaced,66.0,78.0,74.0,2
7.7,1,1,0,71,4.1,Yes,Yes,75,70,NotPlaced,72.5,82.0,76.5,2
7.6,1,1,1,77,4.0,No,Yes,55,65,NotPlaced,60.0,80.0,78.5,3
7.4,1,1,1,78,3.7,No,Yes,55,64,Placed,59.5,74.0,76.0,3
7.5,1,1,1,75,4.0,No,No,55,74,NotPlaced,64.5,80.0,77.5,3
7.5,1,1,1,77,4.5,Yes,No,76,68,NotPlaced,72.0,90.0,83.5,3
7.2,1,1,1,72,4.5,Yes,Yes,61,73,NotPlaced,67.0,90.0,81.0,3
7.1,0,1,0,87,4.4,No,Yes,75,65,Placed,70.0,88.00000000000001,87.5,1
7.1,0,3,0,80,4.4,Yes,No,80,83,Placed,81.5,88.00000000000001,84.0,3
7.6,1,2,2,76,4.8,Yes,Yes,68,85,NotPlaced,76.5,96.0,86.0,5
7.6,2,2,1,88,4.6,Yes,Yes,79,86,NotPlaced,82.5,92.0,90.0,5
7.5,0,2,1,77,3.8,Yes,Yes,75,73,NotPlaced,74.0,76.0,76.5,3
7.3,1,1,1,72,3.5,No,Yes,55,67,NotPlaced,61.0,70.0,71.0,3
8.2,1,1,2,82,4.8,Yes,Yes,78,82,Placed,80.0,96.0,89.0,4
8.5,2,3,2,79,4.8,No,No,72,69,NotPlaced,70.5,96.0,87.5,7
8.2,1,2,0,67,4.1,No,Yes,56,78,NotPlaced,67.0,82.0,74.5,3
8.3,0,2,1,89,4.7,No,Yes,56,69,Placed,62.5,94.0,91.5,3
8.3,2,3,2,90,4.8,Yes,Yes,87,76,Placed,81.5,96.0,93.0,7
8.6,1,2,2,78,4.8,Yes,Yes,84,87,Placed,85.5,96.0,87.0,5
7.7,1,3,3,84,4.7,Yes,Yes,78,73,NotPlaced,75.5,94.0,89.0,7
8.0,0,3,0,76,3.6,Yes,Yes,83,71,NotPlaced,77.0,72.0,74.0,3
7.4,1,2,2,78,4.7,No,Yes,70,70,Placed,70.0,94.0,86.0,5
7.5,1,2,2,89,4.8,Yes,Yes,78,75,Placed,76.5,96.0,92.5,5
7.6,1,3,2,84,4.6,Yes,Yes,67,86,Placed,76.5,92.0,88.0,6
6.7,1,2,1,89,4.4,No,Yes,65,58,NotPlaced,61.5,88.00000000000001,88.5,4
8.8,2,3,0,88,4.7,No,Yes,58,87,Placed,72.5,94.0,91.0,5
6.5,0,2,0,74,3.5,No,No,61,61,NotPlaced,61.0,70.0,72.0,2
8.2,1,1,0,71,4.0,No,Yes,56,66,NotPlaced,61.0,80.0,75.5,2
7.7,1,3,1,71,4.6,Yes,No,55,72,NotPlaced,63.5,92.0,81.5,5
7.5,1,1,0,72,4.4,Yes,Yes,55,61,Placed,58.0,88.00000000000001,80.0,2
8.4,1,1,0,72,3.8,No,No,59,62,NotPlaced,60.5,76.0,74.0,2
8.0,1,1,1,77,4.7,No,Yes,55,71,NotPlaced,63.0,94.0,85.5,3
7.5,0,3,1,65,4.2,No,No,58,67,NotPlaced,62.5,84.00000000000001,74.5,4
8.6,1,3,0,82,4.3,Yes,Yes,71,82,Placed,76.5,86.0,84.0,4
8.6,1,3,0,88,4.5,Yes,Yes,78,67,NotPlaced,72.5,90.0,89.0,4
6.6,1,3,1,70,4.7,Yes,Yes,55,62,Placed,58.5,94.0,82.0,5
6.9,2,3,0,86,4.6,No,Yes,70,85,NotPlaced,77.5,92.0,89.0,5
7.4,1,2,0,71,3.7,No,Yes,55,62,NotPlaced,58.5,74.0,72.5,3
8.2,1,2,1,77,3.7,Yes,Yes,75,83,Placed,79.0,74.0,75.5,4
7.6,1,2,1,77,4.4,No,Yes,55,68,NotPlaced,61.5,88.00000000000001,82.5,4
8.1,1,3,2,75,3.9,Yes,Yes,74,83,NotPlaced,78.5,78.0,76.5,6
8.2,1,1,2,72,4.1,No,Yes,79,69,NotPlaced,74.0,82.0,77.0,4
8.0,2,3,2,79,4.8,No,No,74,79,Placed,76.5,96.0,87.5,7
7.5,2,2,2,90,4.3,Yes,Yes,85,83,Placed,84.0,86.0,88.0,6
7.9,1,1,0,80,4.4,Yes,Yes,74,86,NotPlaced,80.0,88.00000000000001,84.0,2
6.7,0,1,0,75,4.2,No,No,60,81,NotPlaced,70.5,84.00000000000001,79.5,1
7.6,1,2,1,86,4.8,Yes,Yes,72,81,Placed,76.5,96.0,91.0,4
7.7,2,1,0,68,4.6,No,No,65,62,NotPlaced,63.5,92.0,80.0,3
8.5,1,3,0,85,4.8,Yes,Yes,79,81,Placed,80.0,96.0,90.5,4
6.6,1,1,0,69,3.8,No,Yes,61,64,NotPlaced,62.5,76.0,72.5,2
7.0,1,3,2,85,4.3,No,Yes,74,72,Placed,73.0,86.0,85.5,6
8.2,1,2,2,84,4.5,Yes,Yes,68,63,Placed,65.5,90.0,87.0,5
6.5,1,3,2,84,4.7,No,No,58,69,NotPlaced,63.5,94.0,89.0,6
8.0,0,2,2,87,4.7,Yes,No,72,83,NotPlaced,77.5,94.0,90.5,4
7.0,0,1,1,85,4.8,Yes,No,55,63,NotPlaced,59.0,96.0,90.5,2
8.0,0,1,0,75,3.8,Yes,No,57,64,NotPlaced,60.5,76.0,75.5,1
7.7,1,2,1,70,4.0,Yes,Yes,55,67,NotPlaced,61.0,80.0,75.0,4
8.0,1,3,2,77,4.5,Yes,Yes,79,71,NotPlaced,75.0,90.0,83.5,6
7.6,1,3,1,65,3.7,No,No,56,59,NotPlaced,57.5,74.0,69.5,5
8.4,2,3,2,89,3.9,Yes,Yes,74,83,Placed,78.5,78.0,83.5,7
8.4,1,3,2,79,4.5,Yes,Yes,86,87,Placed,86.5,90.0,84.5,6
7.3,0,1,1,75,3.2,No,Yes,56,63,NotPlaced,59.5,64.0,69.5,2
8.1,2,3,2,90,4.8,Yes,Yes,90,83,Placed,86.5,96.0,93.0,7
6.6,1,2,1,64,3.5,No,Yes,62,66,NotPlaced,64.0,70.0,67.0,4
8.3,1,2,3,82,3.7,No,Yes,69,84,NotPlaced,76.5,74.0,78.0,6
7.5,0,1,0,79,3.6,No,Yes,77,72,NotPlaced,74.5,72.0,75.5,1
8.2,0,3,2,89,4.3,Yes,No,85,84,Placed,84.5,86.0,87.5,5
7.6,1,1,2,75,4.8,No,Yes,60,68,NotPlaced,64.0,96.0,85.5,4
7.5,1,3,2,88,4.8,Yes,Yes,81,77,Placed,79.0,96.0,92.0,6
8.5,2,3,2,90,4.7,Yes,Yes,73,85,Placed,79.0,94.0,92.0,7
8.5,1,1,2,87,4.5,Yes,Yes,67,67,Placed,67.0,90.0,88.5,4
8.3,2,3,1,90,4.8,Yes,Yes,69,83,Placed,76.0,96.0,93.0,6
7.4,1,2,0,68,3.8,No,Yes,57,65,NotPlaced,61.0,76.0,72.0,3
7.1,2,2,1,84,3.9,No,No,59,68,NotPlaced,63.5,78.0,81.0,5
7.5,1,1,1,80,4.2,No,No,55,62,NotPlaced,58.5,84.00000000000001,82.0,3
8.5,2,3,2,90,4.7,Yes,Yes,86,80,Placed,83.0,94.0,92.0,7
8.2,1,3,0,85,4.4,Yes,No,65,66,NotPlaced,65.5,88.00000000000001,86.5,4
7.8,1,3,1,85,4.5,Yes,Yes,87,83,Placed,85.0,90.0,87.5,5
7.1,0,3,2,74,4.5,Yes,Yes,59,79,NotPlaced,69.0,90.0,82.0,5
8.7,1,3,2,85,4.1,Yes,Yes,83,86,NotPlaced,84.5,82.0,83.5,6
8.1,1,3,2,90,4.8,Yes,Yes,78,86,Placed,82.0,96.0,93.0,6
7.5,1,1,1,78,4.2,No,No,76,69,NotPlaced,72.5,84.00000000000001,81.0,3
6.6,0,1,0,81,4.5,Yes,Yes,58,86,NotPlaced,72.0,90.0,85.5,1
7.8,0,3,3,85,4.8,Yes,Yes,80,81,Placed,80.5,96.0,90.5,6
8.7,1,2,2,73,4.4,No,Yes,72,68,NotPlaced,70.0,88.00000000000001,80.5,5
8.3,1,3,0,68,4.6,Yes,Yes,78,73,Placed,75.5,92.0,80.0,4
6.5,1,2,2,90,4.8,No,Yes,70,68,NotPlaced,69.0,96.0,93.0,5
7.4,1,3,0,71,4.4,No,Yes,84,64,Placed,74.0,88.00000000000001,79.5,4
7.9,2,3,2,80,4.4,Yes,Yes,84,81,Placed,82.5,88.00000000000001,84.0,7
7.8,1,2,0,82,4.2,No,No,63,72,NotPlaced,67.5,84.00000000000001,83.0,3
8.2,1,1,0,88,3.9,No,Yes,66,64,NotPlaced,65.0,78.0,83.0,2
8.4,0,3,2,87,4.2,Yes,Yes,80,84,Placed,82.0,84.00000000000001,85.5,5
6.7,1,2,0,78,4.6,No,Yes,73,67,Placed,70.0,92.0,85.0,3
8.1,0,2,0,81,4.5,Yes,Yes,80,83,NotPlaced,81.5,90.0,85.5,2
8.4,0,2,2,80,3.9,Yes,Yes,76,80,Placed,78.0,78.0,79.0,4
8.7,2,3,2,89,4.7,Yes,Yes,70,63,Placed,66.5,94.0,91.5,7
8.0,1,1,1,82,4.0,No,No,55,74,NotPlaced,64.5,80.0,81.0,3
8.0,1,3,2,90,4.3,Yes,Yes,66,85,Placed,75.5,86.0,88.0,6
7.8,1,3,2,87,4.8,Yes,Yes,67,88,Placed,77.5,96.0,91.5,6
7.7,0,2,2,69,4.4,Yes,Yes,82,84,NotPlaced,83.0,88.00000000000001,78.5,4
8.1,2,3,2,90,4.8,Yes,Yes,81,86,Placed,83.5,96.0,93.0,7
8.3,2,3,0,86,4.7,Yes,Yes,81,71,Placed,76.0,94.0,90.0,5
7.4,1,3,0,78,4.2,No,Yes,71,67,Placed,69.0,84.00000000000001,81.0,4
8.4,1,1,3,83,4.6,Yes,No,74,62,NotPlaced,68.0,92.0,87.5,5
7.9,1,2,1,64,4.2,No,Yes,60,58,NotPlaced,59.0,84.00000000000001,74.0,4
8.5,1,2,0,70,3.9,Yes,Yes,81,83,Placed,82.0,78.0,74.0,3
8.5,1,3,2,90,4.8,Yes,Yes,82,86,Placed,84.0,96.0,93.0,6
8.4,1,3,2,85,4.8,Yes,Yes,82,76,Placed,79.0,96.0,90.5,6
7.4,1,3,2,70,4.4,No,No,58,70,NotPlaced,64.0,88.00000000000001,79.0,6
7.4,1,2,1,84,4.4,No,Yes,81,62,NotPlaced,71.5,88.00000000000001,86.0,4
6.5,0,3,1,70,3.3,Yes,Yes,68,66,Placed,67.0,65.99999999999999,68.0,4
8.0,1,1,0,81,4.2,Yes,Yes,72,70,NotPlaced,71.0,84.00000000000001,82.5,2
6.6,1,2,1,66,4.6,Yes,No,57,70,NotPlaced,63.5,92.0,79.0,4
8.5,0,3,0,90,4.5,Yes,Yes,55,62,Placed,58.5,90.0,90.0,3
6.8,0,1,2,71,4.2,No,No,70,62,NotPlaced,66.0,84.00000000000001,77.5,3
7.5,1,1,1,78,4.4,No,Yes,55,69,NotPlaced,62.0,88.00000000000001,83.0,3
7.8,0,2,0,78,4.4,No,Yes,59,64,Placed,61.5,88.00000000000001,83.0,2
6.6,0,2,0,83,4.8,Yes,Yes,82,88,Placed,85.0,96.0,89.5,2
7.6,1,3,2,77,4.4,No,Yes,55,71,Placed,63.0,88.00000000000001,82.5,6
6.5,1,1,0,68,4.8,No,Yes,62,66,NotPlaced,64.0,96.0,82.0,2
8.0,2,2,2,85,4.5,Yes,Yes,79,81,NotPlaced,80.0,90.0,87.5,6
6.6,1,1,0,76,4.4,No,No,59,70,NotPlaced,64.5,88.00000000000001,82.0,2
6.7,0,2,0,74,4.2,Yes,Yes,55,68,NotPlaced,61.5,84.00000000000001,79.0,2
6.7,0,2,0,74,3.6,No,Yes,82,69,Placed,75.5,72.0,73.0,2
7.7,1,1,1,89,4.4,No,No,55,63,NotPlaced,59.0,88.00000000000001,88.5,3
8.1,0,2,2,68,4.8,No,Yes,72,72,NotPlaced,72.0,96.0,82.0,4
7.6,0,1,0,66,4.0,No,No,61,69,NotPlaced,65.0,80.0,73.0,1
6.5,1,1,1,75,3.6,No,Yes,60,64,NotPlaced,62.0,72.0,73.5,3
7.5,0,1,0,72,3.9,No,Yes,65,70,NotPlaced,67.5,78.0,75.0,1
8.6,2,3,2,84,4.8,Yes,Yes,79,87,Placed,83.0,96.0,90.0,7
7.5,0,2,0,81,4.3,Yes,Yes,63,61,NotPlaced,62.0,86.0,83.5,2
7.8,1,2,0,78,3.7,Yes,Yes,86,64,Placed,75.0,74.0,76.0,3
8.3,1,3,2,85,4.7,Yes,Yes,74,78,NotPlaced,76.0,94.0,89.5,6
6.9,1,1,1,62,3.5,No,No,55,66,NotPlaced,60.5,70.0,66.0,3
6.5,1,1,2,80,4.3,No,Yes,70,77,NotPlaced,73.5,86.0,83.0,4
6.5,0,1,1,75,4.5,Yes,Yes,67,81,NotPlaced,74.0,90.0,82.5,2
6.9,1,1,0,76,4.0,No,No,55,66,Placed,60.5,80.0,78.0,2
8.1,1,3,1,90,4.8,Yes,Yes,86,83,Placed,84.5,96.0,93.0,5
8.4,0,2,3,90,4.3,Yes,Yes,75,84,Placed,79.5,86.0,88.0,5
6.5,1,1,0,82,4.4,No,No,71,65,NotPlaced,68.0,88.00000000000001,85.0,2
7.7,1,1,0,78,3.8,No,Yes,55,61,NotPlaced,58.0,76.0,77.0,2
8.1,2,3,2,88,4.7,Yes,Yes,80,87,Placed,83.5,94.0,91.0,7
8.0,0,1,0,72,4.2,No,No,67,67,NotPlaced,67.0,84.00000000000001,78.0,1
7.5,2,2,1,78,4.4,Yes,Yes,80,86,Placed,83.0,88.00000000000001,83.0,5
6.9,0,1,0,72,4.4,No,No,55,57,NotPlaced,56.0,88.00000000000001,80.0,1
8.4,2,3,2,90,4.8,Yes,Yes,77,87,Placed,82.0,96.0,93.0,7
7.8,1,3,2,90,4.8,Yes,Yes,80,88,Placed,84.0,96.0,93.0,6
8.0,2,1,2,89,4.2,No,Yes,68,82,NotPlaced,75.0,84.00000000000001,86.5,5
6.9,1,1,0,76,3.3,No,Yes,71,66,NotPlaced,68.5,65.99999999999999,71.0,2
7.6,1,1,1,71,4.3,No,No,59,63,NotPlaced,61.0,86.0,78.5,3
8.0,1,3,2,90,4.7,Yes,Yes,76,88,Placed,82.0,94.0,92.0,6
8.2,2,2,2,73,4.6,Yes,Yes,83,87,NotPlaced,85.0,92.0,82.5,6
6.7,1,1,0,79,4.1,No,Yes,56,70,NotPlaced,63.0,82.0,80.5,2
8.5,2,3,2,90,4.8,Yes,Yes,82,87,Placed,84.5,96.0,93.0,7
6.8,1,1,0,85,4.3,No,Yes,86,83,Placed,84.5,86.0,85.5,2
6.9,0,3,0,89,4.4,Yes,Yes,76,83,Placed,79.5,88.00000000000001,88.5,3
8.6,1,3,2,90,4.8,Yes,Yes,71,87,Placed,79.0,96.0,93.0,6
7.6,0,1,0,76,3.5,Yes,Yes,74,65,Placed,69.5,70.0,73.0,1
8.0,0,3,0,90,3.8,Yes,No,84,80,Placed,82.0,76.0,83.0,3
7.0,0,3,2,90,4.1,Yes,Yes,73,68,NotPlaced,70.5,82.0,86.0,5
6.5,1,2,0,76,4.3,Yes,Yes,69,73,NotPlaced,71.0,86.0,81.0,3
7.4,1,1,0,75,3.9,No,No,58,60,NotPlaced,59.0,78.0,76.5,2
8.3,1,2,3,90,4.8,Yes,Yes,75,86,Placed,80.5,96.0,93.0,6
7.5,0,2,1,80,4.7,No,Yes,82,82,Placed,82.0,94.0,87.0,3
6.7,1,1,1,66,3.5,Yes,No,86,69,NotPlaced,77.5,70.0,68.0,3
8.6,2,3,2,90,4.8,Yes,Yes,75,88,Placed,81.5,96.0,93.0,7
8.2,1,3,2,90,4.8,Yes,Yes,80,81,Placed,80.5,96.0,93.0,6
7.4,1,1,1,80,4.7,Yes,Yes,68,70,NotPlaced,69.0,94.0,87.0,3
7.5,1,1,1,73,3.6,No,Yes,56,62,NotPlaced,59.0,72.0,72.5,3
7.5,1,1,0,84,3.7,No,Yes,77,87,NotPlaced,82.0,74.0,79.0,2
7.5,0,2,1,83,4.6,No,Yes,55,69,NotPlaced,62.0,92.0,87.5,3
7.4,1,1,0,87,4.6,No,No,55,70,NotPlaced,62.5,92.0,89.5,2
7.4,0,1,0,65,3.4,No,No,55,62,NotPlaced,58.5,68.0,66.5,1
7.7,0,2,1,75,4.8,No,Yes,72,68,NotPlaced,70.0,96.0,85.5,3
7.1,1,3,2,88,4.0,Yes,Yes,78,65,Placed,71.5,80.0,84.0,6
6.5,0,1,1,66,4.1,No,No,67,67,NotPlaced,67.0,82.0,74.0,2
7.9,1,2,0,76,4.7,Yes,No,78,61,NotPlaced,69.5,94.0,85.0,3
7.4,1,1,0,78,4.8,Yes,No,74,80,Placed,77.0,96.0,87.0,2
8.0,0,2,2,79,4.4,No,Yes,55,68,NotPlaced,61.5,88.00000000000001,83.5,4
7.7,1,2,0,63,4.3,No,No,55,72,NotPlaced,63.5,86.0,74.5,3
8.6,1,2,2,83,4.0,Yes,Yes,65,72,NotPlaced,68.5,80.0,81.5,5
7.1,2,3,2,90,4.7,Yes,Yes,70,83,Placed,76.5,94.0,92.0,7
6.9,1,3,2,87,4.8,Yes,Yes,71,86,Placed,78.5,96.0,91.5,6
6.6,1,1,0,78,4.3,No,Yes,83,70,NotPlaced,76.5,86.0,82.0,2
6.8,1,1,0,80,3.6,No,No,66,69,NotPlaced,67.5,72.0,76.0,2
7.6,1,2,1,81,3.9,No,No,74,66,NotPlaced,70.0,78.0,79.5,4
7.8,2,3,2,90,4.8,Yes,Yes,81,88,Placed,84.5,96.0,93.0,7
7.5,1,2,2,86,4.8,Yes,Yes,77,81,Placed,79.0,96.0,91.0,5
8.9,2,3,0,90,4.8,Yes,Yes,71,84,Placed,77.5,96.0,93.0,5
7.3,1,1,1,78,4.2,Yes,Yes,69,72,NotPlaced,70.5,84.00000000000001,81.0,3
6.8,1,1,0,82,3.8,No,No,60,65,NotPlaced,62.5,76.0,79.0,2
7.3,2,3,2,90,4.5,Yes,Yes,79,84,Placed,81.5,90.0,90.0,7
8.5,1,3,1,84,4.3,Yes,Yes,80,82,Placed,81.0,86.0,85.0,5
8.1,2,3,2,90,4.6,Yes,Yes,85,88,Placed,86.5,92.0,91.0,7
8.4,2,3,2,90,4.7,Yes,Yes,69,88,Placed,78.5,94.0,92.0,7
7.7,1,2,2,82,4.8,No,Yes,82,76,Placed,79.0,96.0,89.0,5
7.9,1,1,0,85,4.7,No,Yes,56,67,NotPlaced,61.5,94.0,89.5,2
8.2,2,3,2,90,4.8,Yes,Yes,71,88,Placed,79.5,96.0,93.0,7
7.6,0,1,0,69,3.1,No,No,60,62,NotPlaced,61.0,62.0,65.5,1
8.1,0,3,2,84,4.8,Yes,Yes,74,86,NotPlaced,80.0,96.0,90.0,5
7.8,0,1,1,84,4.3,Yes,No,67,80,NotPlaced,73.5,86.0,85.0,2
8.7,0,1,2,78,4.7,Yes,Yes,67,86,NotPlaced,76.5,94.0,86.0,3
8.3,0,3,2,90,4.8,Yes,Yes,87,84,Placed,85.5,96.0,93.0,5
8.5,1,3,2,90,4.5,Yes,Yes,76,83,NotPlaced,79.5,90.0,90.0,6
7.3,1,1,1,72,4.6,No,Yes,58,70,NotPlaced,64.0,92.0,82.0,3
7.4,1,1,1,81,4.2,No,No,82,61,NotPlaced,71.5,84.00000000000001,82.5,3
7.7,1,3,1,89,4.8,Yes,Yes,88,83,Placed,85.5,96.0,92.5,5
7.7,1,1,0,76,3.8,No,No,55,61,NotPlaced,58.0,76.0,76.0,2
7.4,1,1,0,85,4.7,Yes,Yes,70,72,NotPlaced,71.0,94.0,89.5,2
7.9,1,3,0,81,3.2,No,Yes,74,78,NotPlaced,76.0,64.0,72.5,4
7.5,1,2,0,89,4.7,Yes,Yes,85,84,Placed,84.5,94.0,91.5,3
7.6,1,2,0,71,3.5,No,Yes,75,70,NotPlaced,72.5,70.0,70.5,3
8.3,1,1,0,69,4.5,No,Yes,55,65,NotPlaced,60.0,90.0,79.5,2
7.7,1,1,0,64,4.4,No,No,62,63,NotPlaced,62.5,88.00000000000001,76.0,2
6.5,1,1,0,69,4.5,No,No,55,70,NotPlaced,62.5,90.0,79.5,2
8.2,0,2,1,75,4.6,Yes,No,82,72,NotPlaced,77.0,92.0,83.5,3
7.4,1,2,1,68,3.5,No,Yes,58,76,NotPlaced,67.0,70.0,69.0,4
7.7,1,1,0,90,4.8,No,Yes,79,80,Placed,79.5,96.0,93.0,2
8.6,2,3,2,90,4.8,Yes,Yes,88,86,Placed,87.0,96.0,93.0,7
7.6,1,2,2,80,4.5,No,Yes,68,86,NotPlaced,77.0,90.0,85.0,5
6.6,1,3,2,87,4.8,Yes,Yes,88,83,Placed,85.5,96.0,91.5,6
8.4,2,3,2,83,4.6,Yes,Yes,81,87,Placed,84.0,92.0,87.5,7
7.5,1,1,0,74,3.7,Yes,Yes,58,67,Placed,62.5,74.0,74.0,2
8.3,1,1,0,89,4.5,Yes,Yes,55,70,NotPlaced,62.5,90.0,89.5,2
8.8,2,3,2,90,4.8,Yes,Yes,79,84,Placed,81.5,96.0,93.0,7
7.6,0,3,0,88,4.6,Yes,No,82,81,Placed,81.5,92.0,90.0,3
7.5,1,2,0,83,4.3,No,Yes,56,66,Placed,61.0,86.0,84.5,3
7.5,1,2,0,82,4.2,No,Yes,77,64,NotPlaced,70.5,84.00000000000001,83.0,3
7.6,0,2,1,68,4.3,Yes,Yes,62,74,NotPlaced,68.0,86.0,77.0,3
8.4,1,2,1,85,4.8,Yes,No,79,80,NotPlaced,79.5,96.0,90.5,4
8.0,2,2,2,87,4.6,Yes,Yes,70,83,NotPlaced,76.5,92.0,89.5,6
8.2,0,3,2,81,4.7,Yes,Yes,73,80,Placed,76.5,94.0,87.5,5
8.3,2,3,2,90,4.8,Yes,Yes,85,82,Placed,83.5,96.0,93.0,7
7.6,1,1,1,69,4.3,No,No,58,70,NotPlaced,64.0,86.0,77.5,3
6.5,1,1,1,72,4.2,No,No,55,57,NotPlaced,56.0,84.00000000000001,78.0,3
7.5,0,1,0,80,3.9,No,Yes,61,62,NotPlaced,61.5,78.0,79.0,1
8.8,2,3,2,90,4.7,Yes,Yes,86,81,Placed,83.5,94.0,92.0,7
8.1,2,1,1,81,4.0,Yes,Yes,73,88,Placed,80.5,80.0,80.5,4
7.7,1,1,2,64,4.4,Yes,Yes,61,64,NotPlaced,62.5,88.00000000000001,76.0,4
8.4,2,3,2,77,4.5,Yes,Yes,74,83,NotPlaced,78.5,90.0,83.5,7
7.3,1,1,1,65,3.8,Yes,Yes,61,62,NotPlaced,61.5,76.0,70.5,3
8.1,2,3,0,86,4.5,No,Yes,73,83,Placed,78.0,90.0,88.0,5
8.4,0,1,1,82,3.6,No,Yes,61,65,Placed,63.0,72.0,77.0,2
8.7,1,3,3,90,4.5,Yes,Yes,79,87,Placed,83.0,90.0,90.0,7
8.4,0,1,0,77,3.5,No,Yes,55,63,NotPlaced,59.0,70.0,73.5,1
6.8,1,1,1,68,4.5,No,Yes,77,67,NotPlaced,72.0,90.0,79.0,3
7.7,1,1,0,78,4.3,Yes,Yes,62,69,Placed,65.5,86.0,82.0,2
8.3,1,3,2,90,4.8,Yes,Yes,83,83,Placed,83.0,96.0,93.0,6
6.5,1,3,0,72,4.6,Yes,Yes,85,69,Placed,77.0,92.0,82.0,4
7.9,1,3,2,90,4.8,Yes,Yes,76,70,Placed,73.0,96.0,93.0,6
7.5,1,2,0,79,4.2,No,Yes,55,71,NotPlaced,63.0,84.00000000000001,81.5,3
7.7,1,2,0,78,4.0,No,Yes,57,68,NotPlaced,62.5,80.0,79.0,3
7.7,1,2,0,78,4.5,No,Yes,75,65,NotPlaced,70.0,90.0,84.0,3
7.5,0,1,1,82,4.7,No,No,72,70,NotPlaced,71.0,94.0,88.0,2
8.2,1,3,3,88,4.8,No,Yes,82,69,Placed,75.5,96.0,92.0,7
7.2,1,1,0,61,3.5,No,No,55,69,NotPlaced,62.0,70.0,65.5,2
8.1,2,3,2,85,4.5,Yes,Yes,75,67,NotPlaced,71.0,90.0,87.5,7
8.3,1,2,1,76,4.2,Yes,Yes,78,80,NotPlaced,79.0,84.00000000000001,80.0,4
8.2,0,1,0,76,4.3,No,No,77,64,NotPlaced,70.5,86.0,81.0,1
7.0,1,1,1,64,4.1,No,No,58,62,NotPlaced,60.0,82.0,73.0,3
7.6,1,2,1,73,4.3,Yes,Yes,76,83,Placed,79.5,86.0,79.5,4
6.8,0,1,1,68,3.9,No,No,64,62,NotPlaced,63.0,78.0,73.0,2
7.4,1,2,0,65,4.6,No,No,79,68,NotPlaced,73.5,92.0,78.5,3
6.5,1,2,0,83,4.6,Yes,Yes,73,65,NotPlaced,69.0,92.0,87.5,3
6.6,0,2,1,74,4.6,No,Yes,55,66,NotPlaced,60.5,92.0,83.0,3
7.5,0,1,0,80,4.1,No,Yes,62,73,NotPlaced,67.5,82.0,81.0,1
7.5,1,2,0,74,4.6,No,Yes,58,75,NotPlaced,66.5,92.0,83.0,3
6.7,1,1,0,60,4.0,No,No,61,62,NotPlaced,61.5,80.0,70.0,2
7.9,1,2,0,85,4.1,Yes,Yes,59,64,NotPlaced,61.5,82.0,83.5,3
7.3,1,1,1,67,4.2,No,Yes,62,70,NotPlaced,66.0,84.00000000000001,75.5,3
8.5,2,3,2,88,4.8,Yes,Yes,75,85,Placed,80.0,96.0,92.0,7
7.4,1,2,0,76,4.4,Yes,Yes,55,73,NotPlaced,64.0,88.00000000000001,82.0,3
7.4,0,2,0,72,3.5,No,Yes,67,66,NotPlaced,66.5,70.0,71.0,2
8.0,1,3,2,89,4.8,Yes,Yes,87,80,Placed,83.5,96.0,92.5,6
8.1,0,1,1,84,4.6,Yes,No,65,79,NotPlaced,72.0,92.0,88.0,2
7.2,0,2,0,77,3.7,No,Yes,55,63,NotPlaced,59.0,74.0,75.5,2
7.6,1,1,0,72,4.2,No,Yes,74,69,NotPlaced,71.5,84.00000000000001,78.0,2
7.8,1,3,0,89,4.6,Yes,Yes,77,88,Placed,82.5,92.0,90.5,4
7.6,2,2,1,72,3.9,Yes,No,79,80,NotPlaced,79.5,78.0,75.0,5
8.0,0,1,1,75,4.1,Yes,No,83,64,NotPlaced,73.5,82.0,78.5,2
6.5,0,3,2,84,3.9,Yes,Yes,83,88,Placed,85.5,78.0,81.0,5
7.1,0,1,1,69,3.7,Yes,No,61,66,NotPlaced,63.5,74.0,71.5,2
6.8,1,2,0,82,4.4,Yes,Yes,59,69,Placed,64.0,88.00000000000001,85.0,3
7.4,1,2,0,69,3.6,No,Yes,55,63,NotPlaced,59.0,72.0,70.5,3
7.8,1,2,0,73,4.5,Yes,No,79,61,NotPlaced,70.0,90.0,81.5,3
7.6,1,1,0,73,4.2,No,Yes,55,69,NotPlaced,62.0,84.00000000000001,78.5,2
8.6,2,3,2,90,4.8,Yes,Yes,73,86,Placed,79.5,96.0,93.0,7
7.5,2,3,2,90,4.1,No,Yes,63,83,Placed,73.0,82.0,86.0,7
8.2,2,3,2,90,4.8,Yes,Yes,81,81,Placed,81.0,96.0,93.0,7
6.5,0,1,0,62,4.1,No,No,75,60,NotPlaced,67.5,82.0,72.0,1
7.4,1,3,0,88,4.1,Yes,Yes,59,73,NotPlaced,66.0,82.0,85.0,4
7.6,1,1,0,74,3.8,No,No,56,67,NotPlaced,61.5,76.0,75.0,2
8.1,0,3,2,79,4.3,Yes,Yes,72,83,Placed,77.5,86.0,82.5,5
8.1,0,1,2,90,4.7,Yes,Yes,78,74,Placed,76.0,94.0,92.0,3
8.8,1,3,2,84,4.2,Yes,Yes,73,82,Placed,77.5,84.00000000000001,84.0,6
8.2,2,3,2,90,4.8,Yes,Yes,74,85,Placed,79.5,96.0,93.0,7
8.4,2,3,2,89,4.8,Yes,Yes,76,85,Placed,80.5,96.0,92.5,7
6.5,1,1,0,72,4.7,No,No,58,68,NotPlaced,63.0,94.0,83.0,2
7.5,2,1,1,90,4.1,Yes,Yes,71,67,NotPlaced,69.0,82.0,86.0,4
7.5,1,3,2,89,4.8,Yes,Yes,61,70,NotPlaced,65.5,96.0,92.5,6
8.2,1,3,1,77,4.2,Yes,Yes,70,84,Placed,77.0,84.00000000000001,80.5,5
7.6,0,1,1,79,4.2,Yes,Yes,55,79,NotPlaced,67.0,84.00000000000001,81.5,2
6.7,0,1,0,65,4.3,No,Yes,55,58,NotPlaced,56.5,86.0,75.5,1
7.8,0,1,0,74,4.0,No,No,55,63,NotPlaced,59.0,80.0,77.0,1
6.6,1,1,0,63,3.7,No,No,59,70,NotPlaced,64.5,74.0,68.5,2
8.1,2,3,2,88,4.4,No,No,73,82,Placed,77.5,88.00000000000001,88.0,7
7.4,0,1,0,79,3.3,No,Yes,58,61,NotPlaced,59.5,65.99999999999999,72.5,1
7.5,1,1,0,76,4.2,No,No,63,73,NotPlaced,68.0,84.00000000000001,80.0,2
8.7,1,2,0,69,4.6,Yes,Yes,65,81,Placed,73.0,92.0,80.5,3
7.6,1,3,1,79,3.9,Yes,Yes,70,85,Placed,77.5,78.0,78.5,5
6.5,0,2,0,74,4.1,No,Yes,55,82,NotPlaced,68.5,82.0,78.0,2
7.5,1,3,0,71,4.2,No,Yes,65,67,NotPlaced,66.0,84.00000000000001,77.5,4
7.9,1,2,1,61,4.2,Yes,Yes,80,71,NotPlaced,75.5,84.00000000000001,72.5,4
8.9,1,3,1,84,4.8,Yes,Yes,82,81,NotPlaced,81.5,96.0,90.0,5
7.5,1,1,0,84,4.3,No,Yes,55,59,NotPlaced,57.0,86.0,85.0,2
8.1,2,3,2,89,4.8,Yes,Yes,89,71,NotPlaced,80.0,96.0,92.5,7
7.5,1,3,1,73,4.0,No,Yes,55,68,NotPlaced,61.5,80.0,76.5,5
6.7,1,1,0,77,3.8,No,No,55,57,NotPlaced,56.0,76.0,76.5,2
8.3,1,2,1,79,4.2,No,No,55,72,NotPlaced,63.5,84.00000000000001,81.5,4
7.5,1,1,0,78,3.6,No,No,57,68,NotPlaced,62.5,72.0,75.0,2
8.3,0,3,1,88,4.2,Yes,Yes,69,86,Placed,77.5,84.00000000000001,86.0,4
8.4,1,3,2,85,4.6,Yes,Yes,75,67,Placed,71.0,92.0,88.5,6
8.1,2,1,3,78,4.2,Yes,Yes,62,67,Placed,64.5,84.00000000000001,81.0,6
6.9,1,1,0,79,4.7,Yes,No,71,71,NotPlaced,71.0,94.0,86.5,2
7.3,1,2,0,80,4.2,No,No,57,69,NotPlaced,63.0,84.00000000000001,82.0,3
7.5,0,2,0,68,4.1,Yes,Yes,69,58,NotPlaced,63.5,82.0,75.0,2
6.7,1,1,0,79,4.0,No,No,57,57,NotPlaced,57.0,80.0,79.5,2
6.8,0,3,1,74,4.5,Yes,Yes,83,69,Placed,76.0,90.0,82.0,4
7.5,1,2,0,63,3.4,No,Yes,55,68,NotPlaced,61.5,68.0,65.5,3
7.8,2,2,2,65,4.3,Yes,Yes,57,72,NotPlaced,64.5,86.0,75.5,6
7.6,1,1,0,72,3.4,No,No,77,67,NotPlaced,72.0,68.0,70.0,2
7.7,1,2,1,75,4.6,Yes,Yes,68,70,NotPlaced,69.0,92.0,83.5,4
7.7,1,1,1,70,4.6,No,Yes,55,66,NotPlaced,60.5,92.0,81.0,3
8.1,1,3,2,80,4.7,No,Yes,67,67,Placed,67.0,94.0,87.0,6
8.9,2,3,2,90,4.8,Yes,Yes,83,82,Placed,82.5,96.0,93.0,7
8.4,1,3,2,78,4.1,Yes,Yes,75,83,Placed,79.0,82.0,80.0,6
8.0,2,3,2,86,4.7,Yes,Yes,85,85,Placed,85.0,94.0,90.0,7
7.4,1,1,1,65,4.5,No,No,55,73,NotPlaced,64.0,90.0,77.5,3
7.4,1,2,0,76,4.0,No,Yes,78,74,NotPlaced,76.0,80.0,78.0,3
8.4,0,3,2,77,4.6,Yes,No,63,79,Placed,71.0,92.0,84.5,5
8.1,2,3,2,90,4.8,Yes,Yes,89,85,Placed,87.0,96.0,93.0,7
7.7,1,1,0,64,4.1,No,No,55,59,NotPlaced,57.0,82.0,73.0,2
7.6,1,2,0,72,3.7,No,No,55,64,NotPlaced,59.5,74.0,73.0,3
8.3,2,3,2,79,4.4,Yes,Yes,83,85,Placed,84.0,88.00000000000001,83.5,7
7.6,1,1,0,71,4.0,No,No,56,58,NotPlaced,57.0,80.0,75.5,2
7.5,2,2,2,85,4.6,Yes,Yes,77,88,Placed,82.5,92.0,88.5,6
8.0,1,3,0,90,4.8,Yes,Yes,76,83,Placed,79.5,96.0,93.0,4
8.1,1,2,2,77,3.3,Yes,Yes,73,71,NotPlaced,72.0,65.99999999999999,71.5,5
8.5,1,3,2,89,4.0,Yes,Yes,68,74,NotPlaced,71.0,80.0,84.5,6
8.2,2,2,0,86,4.5,Yes,Yes,55,83,Placed,69.0,90.0,88.0,4
8.3,1,3,2,90,4.8,Yes,Yes,79,80,Placed,79.5,96.0,93.0,6
7.0,1,1,1,69,4.6,No,Yes,55,70,NotPlaced,62.5,92.0,80.5,3
7.5,1,1,0,72,4.3,No,No,59,65,NotPlaced,62.0,86.0,79.0,2
7.6,1,2,2,77,4.0,Yes,Yes,55,64,NotPlaced,59.5,80.0,78.5,5
8.4,2,3,2,90,4.6,Yes,Yes,80,88,Placed,84.0,92.0,91.0,7
8.0,1,1,2,82,4.6,Yes,Yes,63,88,NotPlaced,75.5,92.0,87.0,4
7.4,0,3,2,75,4.8,Yes,Yes,76,72,NotPlaced,74.0,96.0,85.5,5
7.6,2,3,2,90,4.4,Yes,Yes,77,83,Placed,80.0,88.00000000000001,89.0,7
6.7,1,1,1,71,4.0,No,Yes,59,66,NotPlaced,62.5,80.0,75.5,3
8.1,2,3,1,79,3.9,Yes,Yes,82,80,Placed,81.0,78.0,78.5,6
8.6,2,3,2,90,4.6,Yes,Yes,88,86,Placed,87.0,92.0,91.0,7
7.8,0,3,1,87,4.4,Yes,Yes,71,70,NotPlaced,70.5,88.00000000000001,87.5,4
7.8,1,1,1,75,3.8,No,No,59,63,NotPlaced,61.0,76.0,75.5,3
8.0,1,3,2,87,4.8,Yes,Yes,70,85,NotPlaced,77.5,96.0,91.5,6
7.6,1,1,0,69,3.4,Yes,Yes,73,59,NotPlaced,66.0,68.0,68.5,2
7.5,2,3,0,87,4.6,Yes,No,80,81,Placed,80.5,92.0,89.5,5
8.2,1,3,0,78,4.2,Yes,Yes,60,66,Placed,63.0,84.00000000000001,81.0,4
8.3,1,3,2,89,4.8,Yes,Yes,79,81,Placed,80.0,96.0,92.5,6
7.4,1,1,0,81,3.9,No,Yes,62,69,NotPlaced,65.5,78.0,79.5,2
7.5,0,3,2,86,4.4,No,Yes,83,85,NotPlaced,84.0,88.00000000000001,87.0,5
7.6,1,2,1,64,3.7,No,Yes,63,76,Placed,69.5,74.0,69.0,4
7.9,1,3,1,67,4.4,Yes,No,71,77,NotPlaced,74.0,88.00000000000001,77.5,5
7.5,1,3,0,71,4.7,No,No,73,66,NotPlaced,69.5,94.0,82.5,4
7.8,1,3,0,90,3.7,Yes,Yes,71,85,NotPlaced,78.0,74.0,82.0,4
8.1,2,3,2,87,4.8,No,Yes,76,82,NotPlaced,79.0,96.0,91.5,7
8.1,2,1,0,76,4.3,No,No,67,71,NotPlaced,69.0,86.0,81.0,3
7.4,1,1,1,78,4.8,Yes,Yes,72,61,NotPlaced,66.5,96.0,87.0,3
7.5,0,1,1,64,3.7,No,Yes,55,66,NotPlaced,60.5,74.0,69.0,2
8.2,2,3,2,90,4.8,Yes,Yes,86,83,Placed,84.5,96.0,93.0,7
7.5,0,1,0,83,3.8,Yes,Yes,61,67,NotPlaced,64.0,76.0,79.5,1
6.5,0,1,1,72,4.5,No,No,55,67,NotPlaced,61.0,90.0,81.0,2
7.5,1,3,2,86,4.8,Yes,Yes,71,88,Placed,79.5,96.0,91.0,6
7.6,1,1,0,71,4.0,Yes,Yes,69,88,NotPlaced,78.5,80.0,75.5,2
8.1,1,3,2,90,4.8,Yes,Yes,80,88,Placed,84.0,96.0,93.0,6
7.5,0,3,1,77,4.8,Yes,Yes,75,83,NotPlaced,79.0,96.0,86.5,4
8.7,1,3,1,90,4.0,Yes,Yes,81,80,Placed,80.5,80.0,85.0,5
6.5,0,1,0,74,4.1,Yes,No,66,61,NotPlaced,63.5,82.0,78.0,1
8.4,2,3,2,90,4.8,Yes,Yes,73,85,Placed,79.0,96.0,93.0,7
8.0,1,3,3,90,4.8,Yes,Yes,67,84,Placed,75.5,96.0,93.0,7
6.5,1,1,1,69,4.2,Yes,No,70,69,Placed,69.5,84.00000000000001,76.5,3
7.5,1,2,1,68,4.0,No,No,64,68,NotPlaced,66.0,80.0,74.0,4
7.5,1,1,2,78,4.3,Yes,No,58,70,Placed,64.0,86.0,82.0,4
7.3,1,1,1,60,4.6,No,Yes,55,61,NotPlaced,58.0,92.0,76.0,3
8.1,2,3,2,90,4.8,Yes,Yes,74,88,Placed,81.0,96.0,93.0,7
6.9,0,2,0,69,3.4,No,No,66,72,NotPlaced,69.0,68.0,68.5,2
7.0,1,1,1,74,4.4,Yes,Yes,78,71,Placed,74.5,88.00000000000001,81.0,3
7.9,1,3,3,86,4.5,Yes,Yes,69,67,Placed,68.0,90.0,88.0,7
8.3,1,3,2,88,4.7,Yes,Yes,85,80,Placed,82.5,94.0,91.0,6
7.7,1,1,0,90,4.6,No,No,73,88,Placed,80.5,92.0,91.0,2
7.1,0,3,2,90,4.8,Yes,Yes,74,87,Placed,80.5,96.0,93.0,5
8.4,2,3,0,90,4.8,Yes,Yes,58,88,Placed,73.0,96.0,93.0,5
8.7,2,3,2,90,4.8,Yes,Yes,78,84,Placed,81.0,96.0,93.0,7
7.7,2,3,2,90,4.8,Yes,Yes,82,81,Placed,81.5,96.0,93.0,7
8.6,1,1,1,83,4.8,Yes,Yes,75,80,NotPlaced,77.5,96.0,89.5,3
8.2,0,3,2,84,4.8,Yes,Yes,56,74,Placed,65.0,96.0,90.0,5
8.6,1,1,0,81,4.3,Yes,Yes,55,63,NotPlaced,59.0,86.0,83.5,2
7.6,1,2,2,79,4.1,No,No,62,67,NotPlaced,64.5,82.0,80.5,5
7.9,1,3,0,83,4.3,No,Yes,55,74,NotPlaced,64.5,86.0,84.5,4
6.5,0,1,1,80,3.4,Yes,Yes,60,66,NotPlaced,63.0,68.0,74.0,2
8.3,1,3,2,89,4.7,Yes,Yes,69,85,Placed,77.0,94.0,91.5,6
7.8,1,2,0,86,4.6,No,Yes,56,66,NotPlaced,61.0,92.0,89.0,3
6.9,1,2,1,88,4.6,Yes,Yes,77,86,NotPlaced,81.5,92.0,90.0,4
6.9,0,3,1,87,4.6,Yes,Yes,66,75,NotPlaced,70.5,92.0,89.5,4
8.2,1,3,2,90,4.7,Yes,Yes,65,84,Placed,74.5,94.0,92.0,6
7.7,1,2,1,79,4.6,Yes,Yes,68,70,NotPlaced,69.0,92.0,85.5,4
8.3,2,1,2,83,4.8,Yes,Yes,78,83,Placed,80.5,96.0,89.5,5
8.5,2,3,2,90,4.8,Yes,Yes,82,83,Placed,82.5,96.0,93.0,7
8.4,1,1,0,75,4.8,No,No,64,63,NotPlaced,63.5,96.0,85.5,2
7.5,1,2,0,74,4.2,No,No,55,63,NotPlaced,59.0,84.00000000000001,79.0,3
8.6,1,2,0,75,3.9,Yes,Yes,76,61,Placed,68.5,78.0,76.5,3
8.4,2,3,2,90,4.6,Yes,Yes,83,84,Placed,83.5,92.0,91.0,7
6.5,0,3,0,81,3.8,No,Yes,59,69,NotPlaced,64.0,76.0,78.5,3
6.9,1,1,1,70,4.5,No,No,65,72,NotPlaced,68.5,90.0,80.0,3
7.7,1,3,2,76,4.8,No,Yes,68,87,Placed,77.5,96.0,86.0,6
8.3,2,1,1,77,4.1,Yes,Yes,72,68,NotPlaced,70.0,82.0,79.5,4
8.4,1,3,2,90,4.5,Yes,Yes,77,87,Placed,82.0,90.0,90.0,6
7.6,1,1,0,79,3.7,No,Yes,55,65,Placed,60.0,74.0,76.5,2
8.6,0,3,2,90,4.8,Yes,No,81,85,Placed,83.0,96.0,93.0,5
8.2,0,3,0,87,4.8,Yes,Yes,77,83,Placed,80.0,96.0,91.5,3
6.5,1,1,2,85,4.5,Yes,Yes,73,67,Placed,70.0,90.0,87.5,4
7.7,2,2,2,90,4.8,Yes,Yes,90,84,Placed,87.0,96.0,93.0,6
7.6,1,1,2,85,4.3,No,Yes,60,87,Placed,73.5,86.0,85.5,4
7.7,1,3,2,90,4.5,No,Yes,72,88,Placed,80.0,90.0,90.0,6
7.6,2,1,1,66,3.7,No,No,64,71,NotPlaced,67.5,74.0,70.0,4
8.7,1,2,1,76,4.2,Yes,Yes,75,86,Placed,80.5,84.00000000000001,80.0,4
6.5,0,2,2,66,4.0,Yes,Yes,61,65,NotPlaced,63.0,80.0,73.0,4
7.6,1,1,0,67,3.6,No,Yes,56,68,NotPlaced,62.0,72.0,69.5,2
7.9,1,3,1,82,4.5,Yes,Yes,77,81,Placed,79.0,90.0,86.0,5
7.6,1,2,1,79,4.3,No,Yes,75,72,NotPlaced,73.5,86.0,82.5,4
7.6,1,3,0,70,3.9,Yes,Yes,85,67,NotPlaced,76.0,78.0,74.0,4
8.3,1,2,1,72,4.7,No,Yes,55,71,NotPlaced,63.0,94.0,83.0,4
8.8,1,3,2,90,4.8,Yes,Yes,81,84,Placed,82.5,96.0,93.0,6
7.6,1,1,1,76,4.0,No,Yes,83,68,NotPlaced,75.5,80.0,78.0,3
7.8,1,1,1,83,4.2,Yes,Yes,64,66,NotPlaced,65.0,84.00000000000001,83.5,3
7.5,1,2,0,80,4.3,No,No,76,71,NotPlaced,73.5,86.0,83.0,3
6.8,0,3,0,70,3.9,Yes,Yes,61,67,NotPlaced,64.0,78.0,74.0,3
8.4,1,3,0,85,4.6,Yes,Yes,82,80,Placed,81.0,92.0,88.5,4
8.6,1,3,2,90,4.7,Yes,Yes,84,84,Placed,84.0,94.0,92.0,6
8.1,2,3,2,90,4.5,Yes,Yes,80,85,Placed,82.5,90.0,90.0,7
7.7,1,2,1,68,4.5,No,Yes,56,63,NotPlaced,59.5,90.0,79.0,4
6.5,0,1,0,76,4.0,No,No,58,67,NotPlaced,62.5,80.0,78.0,1
7.7,1,1,0,72,4.1,No,No,62,65,Placed,63.5,82.0,77.0,2
7.1,2,1,1,81,4.6,Yes,Yes,77,83,NotPlaced,80.0,92.0,86.5,4
7.7,2,3,2,76,4.8,Yes,Yes,70,85,Placed,77.5,96.0,86.0,7
6.5,2,1,0,76,3.7,Yes,Yes,61,73,NotPlaced,67.0,74.0,75.0,3
6.7,0,1,1,64,4.4,No,Yes,57,70,NotPlaced,63.5,88.00000000000001,76.0,2
8.3,0,3,1,87,3.8,Yes,Yes,55,66,Placed,60.5,76.0,81.5,4
8.6,0,3,0,82,4.6,Yes,Yes,75,88,Placed,81.5,92.0,87.0,3
8.4,1,3,1,75,4.8,Yes,Yes,79,68,NotPlaced,73.5,96.0,85.5,5
8.3,1,1,2,82,4.3,Yes,No,55,83,NotPlaced,69.0,86.0,84.0,4
8.4,0,3,2,86,4.8,Yes,Yes,75,86,Placed,80.5,96.0,91.0,5
8.5,2,1,2,85,4.7,No,Yes,75,84,Placed,79.5,94.0,89.5,5
6.8,0,1,0,70,3.9,No,Yes,78,68,NotPlaced,73.0,78.0,74.0,1
7.7,2,2,1,81,4.8,Yes,No,81,86,Placed,83.5,96.0,88.5,5
7.4,1,3,0,82,4.1,Yes,Yes,77,87,Placed,82.0,82.0,82.0,4
8.7,2,3,2,90,4.8,Yes,Yes,88,84,Placed,86.0,96.0,93.0,7
7.7,1,3,0,89,4.6,Yes,Yes,80,83,Placed,81.5,92.0,90.5,4
7.4,1,1,1,76,4.0,Yes,Yes,55,62,NotPlaced,58.5,80.0,78.0,3
8.6,1,2,2,73,4.8,Yes,No,76,82,Placed,79.0,96.0,84.5,5
8.0,1,2,1,73,3.8,No,Yes,60,66,NotPlaced,63.0,76.0,74.5,4
7.4,0,1,0,65,4.2,No,No,64,67,NotPlaced,65.5,84.00000000000001,74.5,1
8.1,1,1,0,86,3.8,No,No,78,68,NotPlaced,73.0,76.0,81.0,2
6.8,1,1,0,74,4.0,No,No,66,69,NotPlaced,67.5,80.0,77.0,2
7.8,0,3,0,70,4.6,Yes,Yes,70,66,Placed,68.0,92.0,81.0,3
7.6,1,1,1,71,4.5,Yes,No,61,72,Placed,66.5,90.0,80.5,3
7.8,1,3,1,79,4.2,No,No,81,70,NotPlaced,75.5,84.00000000000001,81.5,5
8.4,2,3,2,89,4.5,Yes,Yes,82,83,Placed,82.5,90.0,89.5,7
6.8,1,2,0,74,4.3,No,Yes,55,67,NotPlaced,61.0,86.0,80.0,3
7.5,1,1,2,68,3.9,Yes,Yes,80,78,NotPlaced,79.0,78.0,73.0,4
7.4,1,2,1,75,4.6,No,Yes,55,66,NotPlaced,60.5,92.0,83.5,4
6.6,1,1,2,72,4.8,No,No,65,66,NotPlaced,65.5,96.0,84.0,4
7.5,1,2,1,65,4.1,No,No,58,64,NotPlaced,61.0,82.0,73.5,4
7.7,2,3,0,73,4.6,Yes,No,79,57,NotPlaced,68.0,92.0,82.5,5
7.0,1,3,0,74,4.6,Yes,Yes,77,67,NotPlaced,72.0,92.0,83.0,4
7.6,1,1,1,65,3.5,No,No,55,58,NotPlaced,56.5,70.0,67.5,3
7.7,1,1,2,80,4.5,Yes,Yes,81,83,NotPlaced,82.0,90.0,85.0,4
8.6,1,2,2,90,4.8,Yes,Yes,80,87,Placed,83.5,96.0,93.0,5
6.5,1,1,1,68,3.9,No,Yes,55,73,NotPlaced,64.0,78.0,73.0,3
7.3,2,3,2,90,4.3,Yes,Yes,74,72,NotPlaced,73.0,86.0,88.0,7
7.8,1,2,0,81,4.1,No,Yes,55,79,Placed,67.0,82.0,81.5,3
7.8,1,3,0,82,3.9,No,No,55,83,NotPlaced,69.0,78.0,80.0,4
7.4,1,2,0,78,4.1,No,Yes,71,66,NotPlaced,68.5,82.0,80.0,3
8.5,2,3,2,83,4.8,Yes,Yes,76,83,Placed,79.5,96.0,89.5,7
8.1,1,3,2,82,4.8,Yes,Yes,80,68,Placed,74.0,96.0,89.0,6
8.6,2,2,2,81,4.6,Yes,Yes,83,84,Placed,83.5,92.0,86.5,6
8.2,1,1,1,73,3.9,Yes,No,59,71,NotPlaced,65.0,78.0,75.5,3
7.4,1,1,1,84,4.1,No,Yes,55,70,NotPlaced,62.5,82.0,83.0,3
7.4,1,2,1,83,3.9,No,Yes,58,64,NotPlaced,61.0,78.0,80.5,4
8.1,2,3,2,83,4.6,Yes,Yes,83,85,Placed,84.0,92.0,87.5,7
8.4,2,3,0,90,4.2,Yes,Yes,82,85,Placed,83.5,84.00000000000001,87.0,5
8.2,1,3,1,88,4.5,Yes,Yes,80,86,Placed,83.0,90.0,89.0,5
8.2,0,2,2,78,4.1,Yes,No,55,63,NotPlaced,59.0,82.0,80.0,4
8.1,2,3,2,89,4.5,Yes,Yes,87,88,Placed,87.5,90.0,89.5,7
7.5,1,1,0,68,4.1,No,No,55,60,NotPlaced,57.5,82.0,75.0,2
7.5,0,1,1,71,4.5,No,Yes,55,67,NotPlaced,61.0,90.0,80.5,2
8.2,0,3,2,87,4.8,Yes,No,75,88,Placed,81.5,96.0,91.5,5
7.6,0,1,0,80,3.9,No,No,60,71,NotPlaced,65.5,78.0,79.0,1
7.5,1,2,0,81,3.6,Yes,Yes,71,87,Placed,79.0,72.0,76.5,3
6.6,0,1,1,60,3.9,No,No,64,63,NotPlaced,63.5,78.0,69.0,2
6.6,1,1,0,61,3.0,No,No,67,70,NotPlaced,68.5,60.0,60.5,2
8.4,1,3,2,83,4.8,Yes,Yes,71,81,NotPlaced,76.0,96.0,89.5,6
8.7,2,3,0,80,4.7,Yes,Yes,80,74,Placed,77.0,94.0,87.0,5
7.5,0,1,0,72,4.0,No,Yes,55,87,NotPlaced,71.0,80.0,76.0,1
7.4,1,2,2,69,3.8,No,Yes,57,67,NotPlaced,62.0,76.0,72.5,5
7.0,0,1,0,62,4.7,No,Yes,57,72,NotPlaced,64.5,94.0,78.0,1
8.0,1,2,2,87,4.6,Yes,Yes,70,69,Placed,69.5,92.0,89.5,5
8.2,0,1,2,79,4.4,No,Yes,80,73,Placed,76.5,88.00000000000001,83.5,3
7.8,2,1,1,71,4.3,Yes,Yes,69,68,Placed,68.5,86.0,78.5,4
7.5,1,1,1,70,4.1,Yes,Yes,56,63,NotPlaced,59.5,82.0,76.0,3
8.7,0,3,0,72,4.7,No,No,55,66,NotPlaced,60.5,94.0,83.0,3
7.6,1,1,0,73,3.1,No,Yes,55,61,NotPlaced,58.0,62.0,67.5,2
7.6,1,1,1,85,4.3,No,Yes,77,70,NotPlaced,73.5,86.0,85.5,3
6.5,2,2,1,61,3.5,No,No,59,67,NotPlaced,63.0,70.0,65.5,5
6.5,0,2,0,69,4.5,No,No,64,69,NotPlaced,66.5,90.0,79.5,2
7.4,1,1,0,65,3.7,No,Yes,81,82,NotPlaced,81.5,74.0,69.5,2
7.5,1,1,0,67,4.2,No,No,55,71,NotPlaced,63.0,84.00000000000001,75.5,2
8.5,2,3,2,90,4.8,Yes,Yes,77,88,Placed,82.5,96.0,93.0,7
8.0,2,3,2,90,4.2,Yes,Yes,73,87,Placed,80.0,84.00000000000001,87.0,7
8.2,2,3,2,90,4.8,Yes,Yes,77,88,Placed,82.5,96.0,93.0,7
7.7,1,2,0,82,4.1,No,Yes,57,68,NotPlaced,62.5,82.0,82.0,3
8.5,2,3,2,90,4.8,Yes,No,75,85,Placed,80.0,96.0,93.0,7
8.0,0,3,1,83,3.7,No,Yes,59,81,NotPlaced,70.0,74.0,78.5,4
7.2,0,2,1,77,4.0,No,Yes,55,64,NotPlaced,59.5,80.0,78.5,3
7.6,1,3,0,90,4.8,Yes,Yes,84,86,Placed,85.0,96.0,93.0,4
7.7,1,2,0,75,4.5,No,Yes,67,67,NotPlaced,67.0,90.0,82.5,3
7.5,2,1,0,72,3.6,No,Yes,61,60,NotPlaced,60.5,72.0,72.0,3
7.6,1,1,0,78,4.8,Yes,Yes,67,73,NotPlaced,70.0,96.0,87.0,2
7.4,0,1,2,79,3.5,No,Yes,55,66,NotPlaced,60.5,70.0,74.5,3
6.5,1,1,0,78,3.6,No,Yes,78,72,NotPlaced,75.0,72.0,75.0,2
6.5,1,1,1,70,3.3,No,Yes,55,60,NotPlaced,57.5,65.99999999999999,68.0,3
7.0,1,1,1,70,4.0,No,No,60,58,NotPlaced,59.0,80.0,75.0,3
8.1,1,1,0,76,3.4,No,Yes,70,62,Placed,66.0,68.0,72.0,2
8.1,2,3,2,84,4.1,Yes,Yes,87,85,Placed,86.0,82.0,83.0,7
7.8,1,2,1,76,4.4,No,Yes,58,66,Placed,62.0,88.00000000000001,82.0,4
7.3,1,1,3,83,4.5,Yes,Yes,64,76,Placed,70.0,90.0,86.5,5
6.5,1,1,0,86,3.9,No,Yes,55,65,NotPlaced,60.0,78.0,82.0,2
6.5,1,1,1,73,3.9,No,No,58,60,NotPlaced,59.0,78.0,75.5,3
7.8,1,3,2,83,4.8,Yes,Yes,88,83,Placed,85.5,96.0,89.5,6
7.5,1,3,1,78,4.3,No,Yes,55,64,NotPlaced,59.5,86.0,82.0,5
6.5,1,1,0,69,3.9,No,No,60,72,NotPlaced,66.0,78.0,73.5,2
7.6,1,2,1,90,3.8,Yes,Yes,72,65,NotPlaced,68.5,76.0,83.0,4
8.2,1,2,1,77,4.5,Yes,Yes,71,80,NotPlaced,75.5,90.0,83.5,4
8.4,2,1,1,87,4.2,Yes,Yes,76,78,NotPlaced,77.0,84.00000000000001,85.5,4
8.1,2,2,0,72,4.2,No,Yes,55,68,Placed,61.5,84.00000000000001,78.0,4
8.0,1,1,0,75,3.6,Yes,Yes,78,83,Placed,80.5,72.0,73.5,2
7.5,2,3,2,85,4.3,Yes,No,78,81,NotPlaced,79.5,86.0,85.5,7
8.4,0,3,2,80,4.8,Yes,Yes,86,85,Placed,85.5,96.0,88.0,5
8.4,2,3,2,90,4.8,Yes,Yes,73,84,Placed,78.5,96.0,93.0,7
7.5,1,3,0,83,4.6,Yes,Yes,81,80,NotPlaced,80.5,92.0,87.5,4
8.2,2,3,2,90,4.8,Yes,Yes,89,82,Placed,85.5,96.0,93.0,7
7.6,1,3,0,75,3.9,No,Yes,78,83,Placed,80.5,78.0,76.5,4
8.9,1,3,2,90,4.3,Yes,Yes,66,83,Placed,74.5,86.0,88.0,6
6.6,2,2,0,80,4.8,Yes,Yes,57,84,NotPlaced,70.5,96.0,88.0,4
8.1,2,3,2,90,4.8,Yes,Yes,73,85,Placed,79.0,96.0,93.0,7
6.8,1,1,0,60,4.0,No,Yes,64,66,NotPlaced,65.0,80.0,70.0,2
7.7,0,1,1,67,3.8,No,No,55,63,NotPlaced,59.0,76.0,71.5,2
7.4,1,1,0,68,4.4,No,No,56,64,NotPlaced,60.0,88.00000000000001,78.0,2
8.5,2,3,2,90,4.7,Yes,Yes,84,87,Placed,85.5,94.0,92.0,7
7.3,0,1,0,78,3.3,No,No,60,67,NotPlaced,63.5,65.99999999999999,72.0,1
8.1,0,3,0,88,4.7,Yes,No,88,86,Placed,87.0,94.0,91.0,3
6.5,1,1,1,60,4.0,No,No,62,69,NotPlaced,65.5,80.0,70.0,3
6.5,1,1,0,72,4.2,No,Yes,72,64,NotPlaced,68.0,84.00000000000001,78.0,2
7.7,0,1,1,83,3.7,No,Yes,55,69,NotPlaced,62.0,74.0,78.5,2
6.5,1,1,0,87,4.3,No,No,55,74,NotPlaced,64.5,86.0,86.5,2
7.0,1,1,0,86,4.0,No,Yes,55,83,Placed,69.0,80.0,83.0,2
8.0,0,3,2,74,4.7,Yes,Yes,77,88,Placed,82.5,94.0,84.0,5
7.7,2,1,0,74,3.6,Yes,Yes,69,70,NotPlaced,69.5,72.0,73.0,3
7.3,1,1,1,79,3.4,No,Yes,55,68,NotPlaced,61.5,68.0,73.5,3
8.3,1,1,1,70,4.3,No,No,58,70,NotPlaced,64.0,86.0,78.0,3
6.7,1,1,2,80,4.4,No,Yes,55,64,Placed,59.5,88.00000000000001,84.0,4
8.0,0,0,1,85,4.8,Yes,Yes,67,83,NotPlaced,75.0,96.0,90.5,1
7.6,0,1,0,72,4.0,No,Yes,55,73,NotPlaced,64.0,80.0,76.0,1
7.6,1,2,1,86,4.2,No,No,55,70,NotPlaced,62.5,84.00000000000001,85.0,4
7.7,1,1,3,71,3.6,Yes,No,62,84,NotPlaced,73.0,72.0,71.5,5
7.5,1,1,3,79,4.5,Yes,No,56,71,NotPlaced,63.5,90.0,84.5,5
8.6,1,3,3,81,3.9,Yes,Yes,75,84,Placed,79.5,78.0,79.5,7
7.6,1,2,2,81,4.7,Yes,Yes,57,65,Placed,61.0,94.0,87.5,5
7.5,0,2,0,69,4.3,No,No,55,70,NotPlaced,62.5,86.0,77.5,2
7.6,1,2,1,75,4.1,Yes,Yes,64,67,NotPlaced,65.5,82.0,78.5,4
7.0,1,1,1,73,4.3,Yes,Yes,62,57,NotPlaced,59.5,86.0,79.5,3
7.8,1,2,2,90,4.8,Yes,Yes,81,80,Placed,80.5,96.0,93.0,5
8.5,2,3,2,90,4.8,Yes,No,78,81,Placed,79.5,96.0,93.0,7
8.1,1,2,0,80,4.0,Yes,Yes,74,79,Placed,76.5,80.0,80.0,3
6.5,1,3,2,78,4.3,Yes,Yes,55,82,NotPlaced,68.5,86.0,82.0,6
8.5,1,3,2,88,4.6,Yes,Yes,84,86,Placed,85.0,92.0,90.0,6
7.4,1,2,2,84,4.2,Yes,Yes,55,86,NotPlaced,70.5,84.00000000000001,84.0,5
7.8,1,2,1,84,4.7,Yes,No,80,78,NotPlaced,79.0,94.0,89.0,4
7.5,1,2,0,66,3.8,No,No,64,67,NotPlaced,65.5,76.0,71.0,3
8.4,1,3,2,90,4.8,Yes,No,77,82,NotPlaced,79.5,96.0,93.0,6
8.1,1,3,0,61,3.9,No,Yes,61,68,NotPlaced,64.5,78.0,69.5,4
6.8,1,2,0,82,4.4,Yes,Yes,77,62,Placed,69.5,88.00000000000001,85.0,3
7.7,1,1,0,85,3.9,No,No,57,59,Placed,58.0,78.0,81.5,2
8.6,2,3,2,88,4.7,Yes,Yes,73,84,NotPlaced,78.5,94.0,91.0,7
7.6,1,1,1,82,4.0,Yes,Yes,59,67,NotPlaced,63.0,80.0,81.0,3
7.9,1,3,2,80,4.8,Yes,Yes,89,86,Placed,87.5,96.0,88.0,6
8.7,0,2,0,81,4.7,Yes,Yes,57,83,Placed,70.0,94.0,87.5,2
7.4,0,1,0,82,4.1,No,Yes,58,69,NotPlaced,63.5,82.0,82.0,1
6.7,0,1,0,79,4.2,No,No,62,67,NotPlaced,64.5,84.00000000000001,81.5,1
7.3,1,1,0,74,3.7,No,No,62,65,NotPlaced,63.5,74.0,74.0,2
8.2,1,3,2,90,4.4,Yes,Yes,82,85,NotPlaced,83.5,88.00000000000001,89.0,6
7.6,0,1,1,70,3.9,No,No,71,63,Placed,67.0,78.0,74.0,2
7.6,1,1,1,77,4.2,No,Yes,59,71,NotPlaced,65.0,84.00000000000001,80.5,3
6.7,1,1,0,90,4.3,No,No,80,82,Placed,81.0,86.0,88.0,2
8.3,1,2,0,81,3.6,Yes,Yes,81,84,NotPlaced,82.5,72.0,76.5,3
6.5,1,2,0,79,4.4,No,Yes,58,74,Placed,66.0,88.00000000000001,83.5,3
8.0,1,3,2,90,4.8,Yes,Yes,76,84,Placed,80.0,96.0,93.0,6
8.8,2,3,2,90,4.8,Yes,Yes,72,86,Placed,79.0,96.0,93.0,7
8.4,0,3,0,90,4.3,Yes,No,59,66,Placed,62.5,86.0,88.0,3
7.9,1,2,0,74,4.1,No,Yes,55,72,NotPlaced,63.5,82.0,78.0,3
7.6,0,2,1,80,4.6,Yes,Yes,72,83,NotPlaced,77.5,92.0,86.0,3
7.3,0,1,0,85,4.2,No,Yes,73,68,NotPlaced,70.5,84.00000000000001,84.5,1
6.7,1,3,1,78,4.1,Yes,Yes,55,82,Placed,68.5,82.0,80.0,5
7.6,1,2,0,82,4.2,No,Yes,56,70,NotPlaced,63.0,84.00000000000001,83.0,3
7.3,0,2,0,83,4.2,No,Yes,71,66,NotPlaced,68.5,84.00000000000001,83.5,2
8.5,2,3,0,82,4.4,Yes,Yes,87,83,Placed,85.0,88.00000000000001,85.0,5
8.7,1,3,2,90,4.8,Yes,Yes,77,79,Placed,78.0,96.0,93.0,6
7.7,1,3,0,81,4.8,Yes,Yes,79,85,Placed,82.0,96.0,88.5,4
6.5,1,1,0,65,4.1,No,No,58,70,NotPlaced,64.0,82.0,73.5,2
8.2,1,3,2,90,4.8,Yes,Yes,78,83,Placed,80.5,96.0,93.0,6
6.5,0,1,0,74,3.5,No,Yes,55,71,Placed,63.0,70.0,72.0,1
7.5,1,1,0,79,4.3,No,No,58,70,NotPlaced,64.0,86.0,82.5,2
7.4,1,1,1,67,3.1,No,Yes,55,63,NotPlaced,59.0,62.0,64.5,3
8.1,1,3,0,82,4.4,Yes,Yes,69,83,NotPlaced,76.0,88.00000000000001,85.0,4
7.6,0,2,0,74,4.0,Yes,Yes,62,63,Placed,62.5,80.0,77.0,2
6.6,1,1,1,60,3.3,No,No,56,66,NotPlaced,61.0,65.99999999999999,62.99999999999999,3
7.4,1,2,0,84,4.1,No,Yes,55,64,NotPlaced,59.5,82.0,83.0,3
8.9,2,3,2,80,4.4,Yes,Yes,64,74,Placed,69.0,88.00000000000001,84.0,7
6.5,1,2,1,70,3.9,Yes,Yes,74,85,NotPlaced,79.5,78.0,74.0,4
8.4,2,3,2,90,4.7,Yes,Yes,77,84,Placed,80.5,94.0,92.0,7
8.2,2,3,2,87,4.7,Yes,Yes,86,71,Placed,78.5,94.0,90.5,7
6.5,0,1,0,69,4.4,No,No,57,66,NotPlaced,61.5,88.00000000000001,78.5,1
7.0,1,3,0,82,4.7,Yes,Yes,60,67,Placed,63.5,94.0,88.0,4
6.5,2,2,0,77,3.8,No,No,59,57,Placed,58.0,76.0,76.5,4
6.5,1,1,0,86,3.4,No,Yes,59,65,NotPlaced,62.0,68.0,77.0,2
8.6,1,1,1,83,3.0,No,No,55,72,NotPlaced,63.5,60.0,71.5,3
8.2,1,3,2,87,4.6,Yes,Yes,65,85,Placed,75.0,92.0,89.5,6
7.5,1,1,0,64,3.5,No,No,74,67,NotPlaced,70.5,70.0,67.0,2
7.4,1,1,0,67,4.4,No,Yes,60,61,NotPlaced,60.5,88.00000000000001,77.5,2
7.4,1,1,0,71,3.9,No,No,57,72,NotPlaced,64.5,78.0,74.5,2
8.6,2,3,2,86,4.3,Yes,Yes,77,86,Placed,81.5,86.0,86.0,7
6.7,1,2,1,81,3.8,No,No,61,65,NotPlaced,63.0,76.0,78.5,4
8.6,2,3,2,76,4.8,Yes,Yes,68,80,NotPlaced,74.0,96.0,86.0,7
7.7,2,2,0,71,4.3,Yes,Yes,79,81,Placed,80.0,86.0,78.5,4
6.5,2,2,0,79,4.1,Yes,No,57,64,NotPlaced,60.5,82.0,80.5,4
6.5,1,1,1,82,3.9,No,Yes,57,70,NotPlaced,63.5,78.0,80.0,3
8.2,1,3,2,83,4.5,Yes,Yes,76,85,Placed,80.5,90.0,86.5,6
7.7,0,3,0,74,4.2,Yes,Yes,74,81,Placed,77.5,84.00000000000001,79.0,3
8.0,2,3,2,71,4.1,Yes,Yes,77,83,NotPlaced,80.0,82.0,76.5,7
6.5,0,2,1,87,4.8,Yes,Yes,74,88,Placed,81.0,96.0,91.5,3
7.7,1,2,2,78,4.2,Yes,Yes,69,76,Placed,72.5,84.00000000000001,81.0,5
8.1,1,2,3,85,4.6,Yes,Yes,55,63,NotPlaced,59.0,92.0,88.5,6
6.8,1,1,0,74,4.3,No,Yes,61,68,NotPlaced,64.5,86.0,80.0,2
7.9,1,1,2,80,4.1,Yes,Yes,76,83,NotPlaced,79.5,82.0,81.0,4
7.5,0,2,0,72,4.3,No,No,56,71,NotPlaced,63.5,86.0,79.0,2
7.4,0,2,1,80,4.1,No,No,66,64,NotPlaced,65.0,82.0,81.0,3
6.9,1,1,1,75,3.7,No,Yes,65,66,NotPlaced,65.5,74.0,74.5,3
7.5,1,1,0,67,3.8,No,No,66,59,NotPlaced,62.5,76.0,71.5,2
7.9,2,3,2,90,4.7,Yes,Yes,88,83,Placed,85.5,94.0,92.0,7
7.9,2,3,2,90,4.3,Yes,Yes,83,84,Placed,83.5,86.0,88.0,7
8.2,0,2,1,83,4.8,No,Yes,71,65,NotPlaced,68.0,96.0,89.5,3
7.6,1,3,2,75,4.3,Yes,No,55,64,NotPlaced,59.5,86.0,80.5,6
8.3,1,3,1,88,4.8,Yes,Yes,79,86,Placed,82.5,96.0,92.0,5
9.0,0,1,1,70,3.5,Yes,No,56,61,Placed,58.5,70.0,70.0,2
7.7,0,1,1,75,3.6,Yes,Yes,56,65,NotPlaced,60.5,72.0,73.5,2
8.2,0,3,0,84,4.6,Yes,Yes,71,84,NotPlaced,77.5,92.0,88.0,3
7.4,1,1,0,83,4.4,No,Yes,55,71,NotPlaced,63.0,88.00000000000001,85.5,2
8.2,1,3,0,90,4.7,Yes,Yes,55,70,Placed,62.5,94.0,92.0,4
8.1,1,3,2,82,4.3,Yes,Yes,76,65,Placed,70.5,86.0,84.0,6
8.2,2,3,2,90,4.8,Yes,Yes,77,86,NotPlaced,81.5,96.0,93.0,7
7.7,1,1,0,78,3.2,No,No,55,59,NotPlaced,57.0,64.0,71.0,2
7.4,1,3,1,85,3.7,Yes,Yes,64,70,Placed,67.0,74.0,79.5,5
8.2,2,3,2,90,4.8,Yes,Yes,85,83,Placed,84.0,96.0,93.0,7
8.3,0,3,2,84,4.4,Yes,Yes,76,88,Placed,82.0,88.00000000000001,86.0,5
8.5,1,1,2,77,4.6,No,Yes,55,82,Placed,68.5,92.0,84.5,4
8.4,2,3,3,90,4.8,Yes,No,66,71,NotPlaced,68.5,96.0,93.0,8
8.1,1,3,2,88,4.8,Yes,Yes,80,82,NotPlaced,81.0,96.0,92.0,6
6.5,1,3,0,77,4.4,No,No,55,70,NotPlaced,62.5,88.00000000000001,82.5,4
6.5,1,1,0,70,3.8,No,Yes,59,68,Placed,63.5,76.0,73.0,2
7.6,0,1,0,67,3.8,No,No,60,69,NotPlaced,64.5,76.0,71.5,1
6.5,1,1,1,73,3.4,No,No,55,65,NotPlaced,60.0,68.0,70.5,3
8.3,1,3,2,79,4.4,Yes,No,70,86,NotPlaced,78.0,88.00000000000001,83.5,6
7.2,2,2,0,88,4.8,No,Yes,55,65,NotPlaced,60.0,96.0,92.0,4
7.9,2,3,2,90,4.7,Yes,Yes,87,83,Placed,85.0,94.0,92.0,7
8.3,1,3,2,89,4.4,Yes,Yes,63,81,Placed,72.0,88.00000000000001,88.5,6
7.7,0,2,0,72,3.6,No,Yes,55,66,NotPlaced,60.5,72.0,72.0,2
8.9,2,3,2,85,4.8,Yes,Yes,81,79,Placed,80.0,96.0,90.5,7
8.6,0,3,1,87,4.6,Yes,Yes,72,85,NotPlaced,78.5,92.0,89.5,4
7.4,1,1,1,71,3.3,No,No,55,62,NotPlaced,58.5,65.99999999999999,68.5,3
9.0,2,3,3,83,4.8,Yes,Yes,76,87,Placed,81.5,96.0,89.5,8
6.5,1,3,0,80,4.3,Yes,Yes,82,68,NotPlaced,75.0,86.0,83.0,4
7.7,1,2,0,71,4.0,Yes,Yes,57,70,NotPlaced,63.5,80.0,75.5,3
7.6,1,2,0,88,4.7,No,Yes,83,86,Placed,84.5,94.0,91.0,3
7.3,1,1,1,70,4.5,No,Yes,68,73,NotPlaced,70.5,90.0,80.0,3
8.5,1,3,3,87,4.3,Yes,Yes,79,85,Placed,82.0,86.0,86.5,7
8.3,1,3,2,86,4.8,Yes,No,70,80,NotPlaced,75.0,96.0,91.0,6
8.4,2,3,2,90,4.6,Yes,Yes,74,80,NotPlaced,77.0,92.0,91.0,7
6.5,0,1,1,80,3.7,No,Yes,67,68,Placed,67.5,74.0,77.0,2
8.1,1,1,0,69,4.0,No,Yes,55,70,NotPlaced,62.5,80.0,74.5,2
8.6,2,3,1,90,4.8,Yes,Yes,77,84,Placed,80.5,96.0,93.0,6
7.6,1,1,1,68,4.3,Yes,Yes,64,71,NotPlaced,67.5,86.0,77.0,3
8.7,1,2,1,74,4.2,Yes,Yes,55,80,Placed,67.5,84.00000000000001,79.0,4
6.5,1,2,0,74,4.1,No,Yes,55,59,NotPlaced,57.0,82.0,78.0,3
7.4,2,3,2,80,4.6,Yes,Yes,79,73,NotPlaced,76.0,92.0,86.0,7
7.4,1,1,1,71,4.3,Yes,Yes,63,69,NotPlaced,66.0,86.0,78.5,3
8.5,1,2,3,80,4.3,Yes,Yes,55,86,NotPlaced,70.5,86.0,83.0,6
8.3,2,3,2,83,4.2,Yes,Yes,76,86,NotPlaced,81.0,84.00000000000001,83.5,7
8.4,2,3,1,76,4.8,Yes,Yes,56,80,NotPlaced,68.0,96.0,86.0,6
6.7,1,3,0,87,4.4,Yes,Yes,69,67,NotPlaced,68.0,88.00000000000001,87.5,4
7.4,1,1,0,70,3.1,No,No,68,64,NotPlaced,66.0,62.0,66.0,2
8.1,1,3,0,72,4.0,Yes,Yes,72,65,Placed,68.5,80.0,76.0,4
7.6,1,1,0,83,4.8,Yes,Yes,79,79,NotPlaced,79.0,96.0,89.5,2
7.0,1,3,0,84,4.8,Yes,Yes,72,84,Placed,78.0,96.0,90.0,4
7.5,1,3,0,80,4.0,Yes,Yes,79,83,NotPlaced,81.0,80.0,80.0,4
7.7,0,1,1,90,4.4,No,Yes,80,64,NotPlaced,72.0,88.00000000000001,89.0,2
8.1,2,3,2,86,3.8,Yes,Yes,71,84,Placed,77.5,76.0,81.0,7
8.1,0,2,1,79,4.3,No,Yes,58,78,NotPlaced,68.0,86.0,82.5,3
7.8,2,3,3,80,4.4,Yes,Yes,61,84,Placed,72.5,88.00000000000001,84.0,8
8.4,1,3,0,88,4.7,Yes,Yes,72,85,Placed,78.5,94.0,91.0,4
6.8,1,1,0,90,4.5,No,Yes,73,57,NotPlaced,65.0,90.0,90.0,2
8.4,1,3,2,77,4.5,Yes,Yes,68,83,Placed,75.5,90.0,83.5,6
8.5,2,3,2,90,4.8,Yes,Yes,85,84,Placed,84.5,96.0,93.0,7
8.3,1,3,1,82,4.4,Yes,Yes,72,81,Placed,76.5,88.00000000000001,85.0,5
7.5,1,3,2,90,4.8,Yes,Yes,67,88,Placed,77.5,96.0,93.0,6
7.5,0,3,0,88,4.4,Yes,Yes,67,86,NotPlaced,76.5,88.00000000000001,88.0,3
8.2,1,3,2,81,4.3,Yes,Yes,82,84,Placed,83.0,86.0,83.5,6
7.4,1,1,0,71,4.7,No,Yes,55,62,NotPlaced,58.5,94.0,82.5,2
7.4,1,1,0,64,4.2,No,Yes,56,71,NotPlaced,63.5,84.00000000000001,74.0,2
6.5,0,1,1,60,4.1,No,No,55,66,NotPlaced,60.5,82.0,71.0,2
7.6,1,1,1,70,3.8,No,Yes,55,69,Placed,62.0,76.0,73.0,3
8.4,1,3,2,90,4.8,Yes,Yes,76,84,Placed,80.0,96.0,93.0,6
7.5,1,1,2,68,3.7,Yes,Yes,57,70,NotPlaced,63.5,74.0,71.0,4
8.2,1,3,0,68,3.8,Yes,Yes,75,73,Placed,74.0,76.0,72.0,4
6.8,0,2,0,80,4.3,Yes,No,55,64,Placed,59.5,86.0,83.0,2
6.9,1,1,0,69,4.0,No,Yes,64,71,NotPlaced,67.5,80.0,74.5,2
7.7,2,3,2,90,4.8,Yes,Yes,86,88,Placed,87.0,96.0,93.0,7
8.2,1,1,2,79,4.8,Yes,Yes,61,58,NotPlaced,59.5,96.0,87.5,4
8.0,0,2,0,76,3.8,No,Yes,55,65,NotPlaced,60.0,76.0,76.0,2
8.4,1,2,1,76,4.0,Yes,Yes,55,84,Placed,69.5,80.0,78.0,4
7.6,1,2,2,73,4.7,Yes,Yes,61,75,NotPlaced,68.0,94.0,83.5,5
7.8,1,1,1,78,4.2,No,No,55,72,NotPlaced,63.5,84.00000000000001,81.0,3
7.7,1,2,0,78,3.9,Yes,Yes,59,70,NotPlaced,64.5,78.0,78.0,3
7.2,0,1,1,76,4.2,No,No,55,69,NotPlaced,62.0,84.00000000000001,80.0,2
6.6,1,2,0,76,3.8,No,No,58,62,NotPlaced,60.0,76.0,76.0,3
6.9,2,3,2,86,4.8,Yes,Yes,79,85,Placed,82.0,96.0,91.0,7
7.9,0,1,1,69,3.6,Yes,Yes,76,63,NotPlaced,69.5,72.0,70.5,2
8.4,2,3,0,90,4.8,Yes,Yes,88,80,Placed,84.0,96.0,93.0,5
6.8,1,1,0,83,3.9,No,No,58,61,NotPlaced,59.5,78.0,80.5,2
7.7,0,2,0,90,4.4,Yes,Yes,79,69,Placed,74.0,88.00000000000001,89.0,2
7.6,1,1,0,77,4.4,No,Yes,63,66,NotPlaced,64.5,88.00000000000001,82.5,2
8.2,2,2,2,78,4.0,No,No,65,63,NotPlaced,64.0,80.0,79.0,6
7.7,1,1,0,74,4.5,No,No,84,67,NotPlaced,75.5,90.0,82.0,2
7.1,1,1,1,76,4.3,No,Yes,78,71,NotPlaced,74.5,86.0,81.0,3
8.4,1,1,1,74,3.7,No,Yes,55,72,Placed,63.5,74.0,74.0,3
6.6,1,1,1,81,4.0,No,No,55,66,NotPlaced,60.5,80.0,80.5,3
8.5,2,3,2,90,4.6,Yes,Yes,71,84,Placed,77.5,92.0,91.0,7
8.8,2,3,2,90,4.7,Yes,Yes,84,86,Placed,85.0,94.0,92.0,7
8.3,1,3,0,90,4.8,Yes,Yes,82,68,Placed,75.0,96.0,93.0,4
7.7,1,1,0,78,3.9,No,Yes,69,72,NotPlaced,70.5,78.0,78.0,2
6.5,0,3,0,77,4.0,Yes,No,62,71,NotPlaced,66.5,80.0,78.5,3
7.5,2,1,1,80,4.3,No,Yes,72,64,NotPlaced,68.0,86.0,83.0,4
7.9,1,3,2,88,4.6,Yes,Yes,84,85,Placed,84.5,92.0,90.0,6
8.1,2,3,2,90,4.4,Yes,No,81,80,NotPlaced,80.5,88.00000000000001,89.0,7
7.6,0,1,1,72,3.7,No,Yes,71,72,NotPlaced,71.5,74.0,73.0,2
7.8,2,3,2,81,4.8,No,Yes,65,79,NotPlaced,72.0,96.0,88.5,7
6.5,0,2,0,73,4.1,No,No,59,69,NotPlaced,64.0,82.0,77.5,2
7.5,0,3,0,89,3.9,No,Yes,77,76,Placed,76.5,78.0,83.5,3
6.5,2,3,2,66,4.7,Yes,No,67,65,NotPlaced,66.0,94.0,80.0,7
7.4,1,2,0,81,4.3,No,Yes,71,69,NotPlaced,70.0,86.0,83.5,3
7.9,1,2,0,75,3.9,No,Yes,62,73,NotPlaced,67.5,78.0,76.5,3
6.7,0,3,1,88,4.1,Yes,No,60,84,NotPlaced,72.0,82.0,85.0,4
8.1,2,3,2,90,4.8,Yes,Yes,80,87,Placed,83.5,96.0,93.0,7
8.0,1,2,1,85,4.5,No,Yes,66,71,NotPlaced,68.5,90.0,87.5,4
7.5,0,2,1,82,4.8,Yes,Yes,66,71,Placed,68.5,96.0,89.0,3
7.6,1,3,1,74,4.3,Yes,Yes,68,64,Placed,66.0,86.0,80.0,5
8.4,2,3,2,88,4.5,Yes,Yes,73,83,Placed,78.0,90.0,89.0,7
7.5,1,2,0,64,3.4,No,Yes,55,68,NotPlaced,61.5,68.0,66.0,3
7.3,1,1,0,65,3.3,No,Yes,61,74,NotPlaced,67.5,65.99999999999999,65.5,2
7.6,1,1,1,66,3.6,No,Yes,67,65,NotPlaced,66.0,72.0,69.0,3
7.5,1,2,0,81,4.3,No,Yes,66,66,NotPlaced,66.0,86.0,83.5,3
7.9,1,3,2,83,4.8,Yes,Yes,58,81,NotPlaced,69.5,96.0,89.5,6
8.6,1,2,2,81,4.3,Yes,Yes,79,84,Placed,81.5,86.0,83.5,5
6.8,1,1,1,81,4.2,No,Yes,55,64,NotPlaced,59.5,84.00000000000001,82.5,3
8.3,2,3,2,84,4.3,Yes,Yes,81,81,NotPlaced,81.0,86.0,85.0,7
7.5,1,2,1,74,4.2,Yes,No,76,80,NotPlaced,78.0,84.00000000000001,79.0,4
7.2,1,1,0,71,3.8,No,Yes,62,59,NotPlaced,60.5,76.0,73.5,2
7.6,1,3,3,82,4.8,Yes,No,79,83,NotPlaced,81.0,96.0,89.0,7
8.6,2,3,2,90,4.8,Yes,Yes,81,82,Placed,81.5,96.0,93.0,7
6.5,1,2,1,68,4.5,Yes,Yes,69,71,NotPlaced,70.0,90.0,79.0,4
8.0,1,1,2,86,4.6,Yes,Yes,77,84,NotPlaced,80.5,92.0,89.0,4
8.4,0,2,1,70,4.0,Yes,No,75,64,NotPlaced,69.5,80.0,75.0,3
7.4,1,2,0,70,4.1,Yes,No,77,69,NotPlaced,73.0,82.0,76.0,3
7.7,0,1,0,82,4.7,Yes,Yes,62,68,NotPlaced,65.0,94.0,88.0,1
7.1,0,2,2,89,4.2,Yes,Yes,61,76,Placed,68.5,84.00000000000001,86.5,4
6.9,0,1,0,72,4.6,No,Yes,55,67,NotPlaced,61.0,92.0,82.0,1
6.7,0,1,1,60,4.5,No,No,62,59,NotPlaced,60.5,90.0,75.0,2
8.0,1,2,1,71,4.1,Yes,Yes,80,65,NotPlaced,72.5,82.0,76.5,4
8.1,1,3,3,85,4.8,No,Yes,72,83,Placed,77.5,96.0,90.5,7
8.5,1,3,2,78,4.8,Yes,Yes,76,84,Placed,80.0,96.0,87.0,6
7.7,1,2,1,74,4.8,Yes,Yes,70,66,NotPlaced,68.0,96.0,85.0,4
8.4,1,3,3,89,4.8,Yes,Yes,84,72,Placed,78.0,96.0,92.5,7
7.1,1,2,2,74,4.3,Yes,Yes,55,66,NotPlaced,60.5,86.0,80.0,5
6.9,0,2,0,71,4.0,No,Yes,55,71,NotPlaced,63.0,80.0,75.5,2
8.3,2,3,2,90,4.8,Yes,Yes,68,81,NotPlaced,74.5,96.0,93.0,7
8.3,2,3,2,86,4.8,Yes,Yes,78,83,Placed,80.5,96.0,91.0,7
8.5,2,3,2,87,4.1,Yes,Yes,85,83,Placed,84.0,82.0,84.5,7
6.5,1,1,2,74,4.7,Yes,Yes,66,67,NotPlaced,66.5,94.0,84.0,4
8.6,2,3,2,90,4.8,Yes,Yes,88,87,Placed,87.5,96.0,93.0,7
7.8,1,3,2,77,4.2,Yes,No,81,64,NotPlaced,72.5,84.00000000000001,80.5,6
8.0,0,3,2,90,4.8,Yes,Yes,71,83,Placed,77.0,96.0,93.0,5
8.3,2,3,2,90,4.8,Yes,Yes,75,85,Placed,80.0,96.0,93.0,7
8.3,2,3,2,84,4.5,Yes,No,73,84,Placed,78.5,90.0,87.0,7
7.7,2,3,0,90,4.7,Yes,No,88,78,NotPlaced,83.0,94.0,92.0,5
6.5,1,1,0,73,3.6,No,No,61,72,NotPlaced,66.5,72.0,72.5,2
8.7,2,3,2,88,4.8,Yes,Yes,72,88,Placed,80.0,96.0,92.0,7
7.5,1,1,0,74,3.4,No,Yes,57,73,NotPlaced,65.0,68.0,71.0,2
7.4,1,3,1,82,4.4,Yes,No,56,83,NotPlaced,69.5,88.00000000000001,85.0,5
7.4,1,2,1,79,4.1,No,Yes,61,82,NotPlaced,71.5,82.0,80.5,4
7.6,1,1,2,74,4.3,No,Yes,55,66,Placed,60.5,86.0,80.0,4
8.2,0,3,2,90,4.4,Yes,Yes,67,88,Placed,77.5,88.00000000000001,89.0,5
8.2,2,3,2,90,4.8,Yes,Yes,73,88,Placed,80.5,96.0,93.0,7
8.8,0,3,2,77,4.5,Yes,Yes,83,82,Placed,82.5,90.0,83.5,5
7.6,0,1,0,78,4.8,No,No,78,63,NotPlaced,70.5,96.0,87.0,1
7.5,0,3,2,90,4.7,Yes,Yes,71,85,Placed,78.0,94.0,92.0,5
7.8,1,2,1,74,4.3,No,No,55,68,NotPlaced,61.5,86.0,80.0,4
8.4,1,3,0,80,4.7,Yes,Yes,71,87,Placed,79.0,94.0,87.0,4
7.9,0,1,0,89,4.8,Yes,Yes,81,85,Placed,83.0,96.0,92.5,1
7.6,0,2,2,90,4.6,Yes,Yes,85,77,Placed,81.0,92.0,91.0,4
7.5,1,1,2,72,4.3,No,No,55,66,NotPlaced,60.5,86.0,79.0,4
8.0,1,1,1,76,3.8,Yes,Yes,62,69,NotPlaced,65.5,76.0,76.0,3
8.4,1,3,0,63,4.3,Yes,Yes,55,68,NotPlaced,61.5,86.0,74.5,4
7.4,1,2,1,67,3.6,No,Yes,58,67,NotPlaced,62.5,72.0,69.5,4
8.4,1,3,2,90,4.8,Yes,Yes,86,85,Placed,85.5,96.0,93.0,6
7.5,1,1,1,71,4.0,Yes,No,59,69,NotPlaced,64.0,80.0,75.5,3
8.2,1,1,1,88,4.8,No,Yes,68,77,Placed,72.5,96.0,92.0,3
7.7,1,3,1,90,4.6,Yes,Yes,81,82,Placed,81.5,92.0,91.0,5
8.3,1,2,2,85,4.6,Yes,Yes,75,88,Placed,81.5,92.0,88.5,5
7.6,0,3,1,86,4.7,Yes,No,78,81,Placed,79.5,94.0,90.0,4
8.6,2,2,2,87,4.8,Yes,Yes,80,83,Placed,81.5,96.0,91.5,6
8.1,1,2,1,83,4.6,No,Yes,82,81,NotPlaced,81.5,92.0,87.5,4
8.1,1,3,2,90,4.6,Yes,Yes,75,82,Placed,78.5,92.0,91.0,6
8.5,1,3,2,85,4.3,Yes,Yes,72,84,Placed,78.0,86.0,85.5,6
7.5,1,1,0,82,3.3,Yes,Yes,81,66,NotPlaced,73.5,65.99999999999999,74.0,2
7.9,1,1,0,81,4.2,No,Yes,72,69,NotPlaced,70.5,84.00000000000001,82.5,2
7.5,0,2,0,72,4.1,Yes,Yes,74,77,NotPlaced,75.5,82.0,77.0,2
6.9,1,1,1,77,4.4,Yes,Yes,80,83,Placed,81.5,88.00000000000001,82.5,3
7.5,1,3,1,77,4.8,No,Yes,69,73,Placed,71.0,96.0,86.5,5
8.2,2,3,2,90,4.8,Yes,Yes,72,82,Placed,77.0,96.0,93.0,7
7.6,1,2,1,73,3.9,No,No,81,64,NotPlaced,72.5,78.0,75.5,4
8.3,1,3,2,90,4.6,Yes,Yes,85,84,Placed,84.5,92.0,91.0,6
8.6,2,3,2,90,4.8,Yes,Yes,67,85,NotPlaced,76.0,96.0,93.0,7
8.5,2,3,3,76,4.7,No,Yes,66,85,Placed,75.5,94.0,85.0,8
7.9,2,2,0,90,3.6,Yes,Yes,69,71,NotPlaced,70.0,72.0,81.0,4
8.5,1,3,2,90,4.8,Yes,Yes,85,85,NotPlaced,85.0,96.0,93.0,6
7.0,1,1,0,69,4.1,No,No,65,57,NotPlaced,61.0,82.0,75.5,2
7.7,0,3,2,87,4.8,Yes,Yes,80,86,Placed,83.0,96.0,91.5,5
8.6,1,3,2,82,4.8,Yes,Yes,88,81,Placed,84.5,96.0,89.0,6
8.1,1,3,0,90,4.5,No,Yes,59,83,NotPlaced,71.0,90.0,90.0,4
7.7,1,2,0,79,4.7,Yes,Yes,79,66,Placed,72.5,94.0,86.5,3
6.5,1,1,1,81,4.3,No,Yes,67,70,NotPlaced,68.5,86.0,83.5,3
6.7,1,2,1,64,3.1,No,Yes,55,68,NotPlaced,61.5,62.0,63.0,4
7.0,1,1,2,80,4.1,No,No,69,59,Placed,64.0,82.0,81.0,4
8.6,1,3,2,90,4.7,Yes,Yes,77,80,Placed,78.5,94.0,92.0,6
6.8,1,3,0,80,4.4,Yes,No,78,67,NotPlaced,72.5,88.00000000000001,84.0,4
7.2,0,1,1,68,4.3,Yes,Yes,58,59,NotPlaced,58.5,86.0,77.0,2
7.5,1,1,1,90,4.6,Yes,Yes,59,86,Placed,72.5,92.0,91.0,3
7.0,1,1,0,71,4.1,No,Yes,56,73,NotPlaced,64.5,82.0,76.5,2
8.6,1,2,0,85,4.2,No,Yes,71,67,Placed,69.0,84.00000000000001,84.5,3
7.6,1,1,1,78,4.0,Yes,Yes,55,69,NotPlaced,62.0,80.0,79.0,3
8.5,1,2,1,60,4.8,No,No,66,67,NotPlaced,66.5,96.0,78.0,4
8.1,0,3,2,90,4.8,Yes,Yes,84,86,Placed,85.0,96.0,93.0,5
8.4,1,2,2,72,4.0,Yes,Yes,75,79,Placed,77.0,80.0,76.0,5
8.2,2,3,2,90,4.8,Yes,Yes,74,85,NotPlaced,79.5,96.0,93.0,7
7.3,2,1,1,87,4.2,Yes,No,90,65,NotPlaced,77.5,84.00000000000001,85.5,4
8.4,2,3,2,90,4.8,Yes,Yes,83,84,Placed,83.5,96.0,93.0,7
7.3,1,1,1,76,4.5,No,Yes,55,74,NotPlaced,64.5,90.0,83.0,3
7.4,0,2,0,85,4.4,No,No,89,69,NotPlaced,79.0,88.00000000000001,86.5,2
6.6,1,2,0,79,3.6,No,No,55,67,NotPlaced,61.0,72.0,75.5,3
8.6,1,2,1,67,4.0,Yes,Yes,55,67,NotPlaced,61.0,80.0,73.5,4
8.7,1,2,2,86,4.8,Yes,Yes,89,85,Placed,87.0,96.0,91.0,5
8.0,1,2,0,80,4.4,No,No,55,72,NotPlaced,63.5,88.00000000000001,84.0,3
7.6,1,3,1,71,4.8,Yes,Yes,55,74,NotPlaced,64.5,96.0,83.5,5
7.6,1,3,0,78,3.9,No,Yes,59,71,Placed,65.0,78.0,78.0,4
8.2,1,3,1,82,4.0,Yes,Yes,55,66,NotPlaced,60.5,80.0,81.0,5
7.5,1,2,0,65,4.4,No,No,55,62,NotPlaced,58.5,88.00000000000001,76.5,3
8.3,2,3,2,88,4.4,Yes,Yes,81,86,Placed,83.5,88.00000000000001,88.0,7
6.7,0,1,0,69,4.5,No,No,65,60,NotPlaced,62.5,90.0,79.5,1
7.5,1,1,1,80,4.5,No,Yes,73,67,NotPlaced,70.0,90.0,85.0,3
8.3,2,1,0,81,4.3,Yes,Yes,86,70,NotPlaced,78.0,86.0,83.5,3
7.4,1,1,0,61,4.1,No,Yes,55,72,Placed,63.5,82.0,71.5,2
8.2,2,3,0,83,4.3,Yes,Yes,84,87,Placed,85.5,86.0,84.5,5
8.5,2,3,2,78,4.8,Yes,Yes,68,84,Placed,76.0,96.0,87.0,7
8.3,1,2,1,77,4.2,No,Yes,67,84,NotPlaced,75.5,84.00000000000001,80.5,4
6.7,1,1,0,78,3.7,No,Yes,77,83,NotPlaced,80.0,74.0,76.0,2
8.1,1,3,2,88,4.2,Yes,Yes,75,88,NotPlaced,81.5,84.00000000000001,86.0,6
8.4,1,3,3,75,4.7,Yes,Yes,76,79,NotPlaced,77.5,94.0,84.5,7
8.0,1,1,0,82,3.3,No,No,78,80,NotPlaced,79.0,65.99999999999999,74.0,2
8.2,1,0,0,85,4.8,No,Yes,72,66,Placed,69.0,96.0,90.5,1
7.6,1,1,1,60,4.4,No,Yes,56,69,NotPlaced,62.5,88.00000000000001,74.0,3
8.3,1,3,2,83,4.7,Yes,No,77,87,Placed,82.0,94.0,88.5,6
8.0,1,1,0,83,4.8,No,Yes,61,68,NotPlaced,64.5,96.0,89.5,2
7.5,1,1,1,81,4.0,No,No,56,63,NotPlaced,59.5,80.0,80.5,3
7.8,1,2,0,90,4.8,Yes,Yes,84,84,NotPlaced,84.0,96.0,93.0,3
8.5,1,1,1,71,4.0,Yes,Yes,59,83,NotPlaced,71.0,80.0,75.5,3
7.8,2,1,2,83,4.3,Yes,Yes,77,70,NotPlaced,73.5,86.0,84.5,5
7.8,1,2,1,67,4.4,Yes,Yes,70,77,NotPlaced,73.5,88.00000000000001,77.5,4
7.6,2,3,0,81,3.9,Yes,Yes,68,80,Placed,74.0,78.0,79.5,5
8.4,0,3,2,88,4.7,Yes,Yes,70,70,Placed,70.0,94.0,91.0,5
7.4,1,3,1,78,4.3,No,Yes,71,62,NotPlaced,66.5,86.0,82.0,5
7.4,1,1,0,69,4.3,Yes,Yes,60,83,Placed,71.5,86.0,77.5,2
7.3,0,2,0,83,4.5,No,No,60,69,NotPlaced,64.5,90.0,86.5,2
7.1,1,3,2,72,3.8,Yes,No,57,62,NotPlaced,59.5,76.0,74.0,6
6.6,1,2,0,77,4.4,No,Yes,58,71,NotPlaced,64.5,88.00000000000001,82.5,3
8.1,2,3,2,90,4.8,Yes,Yes,73,88,Placed,80.5,96.0,93.0,7
8.5,2,3,2,90,4.8,Yes,No,80,87,Placed,83.5,96.0,93.0,7
8.4,1,3,0,88,4.1,Yes,Yes,87,85,Placed,86.0,82.0,85.0,4
8.3,2,1,0,79,4.0,Yes,Yes,62,67,Placed,64.5,80.0,79.5,3
7.7,1,3,0,81,4.8,Yes,Yes,59,62,NotPlaced,60.5,96.0,88.5,4
7.7,1,1,0,66,3.6,No,Yes,55,63,NotPlaced,59.0,72.0,69.0,2
7.6,1,1,1,70,4.4,Yes,Yes,55,70,NotPlaced,62.5,88.00000000000001,79.0,3
6.5,1,1,1,64,3.5,No,No,55,65,NotPlaced,60.0,70.0,67.0,3
8.1,2,3,2,90,4.7,Yes,Yes,78,84,Placed,81.0,94.0,92.0,7
8.6,2,3,1,88,4.8,Yes,Yes,71,83,Placed,77.0,96.0,92.0,6
8.0,1,3,2,90,4.0,No,Yes,78,86,Placed,82.0,80.0,85.0,6
8.5,2,3,2,85,4.8,Yes,Yes,73,83,Placed,78.0,96.0,90.5,7
7.9,0,3,2,90,4.6,Yes,Yes,79,88,Placed,83.5,92.0,91.0,5
8.0,0,3,2,79,4.6,Yes,No,82,82,Placed,82.0,92.0,85.5,5
8.4,1,3,2,82,4.6,Yes,Yes,59,85,NotPlaced,72.0,92.0,87.0,6
8.2,1,3,0,83,4.4,Yes,Yes,80,87,Placed,83.5,88.00000000000001,85.5,4
8.4,1,3,2,86,4.4,Yes,No,79,76,NotPlaced,77.5,88.00000000000001,87.0,6
8.6,1,3,2,90,4.8,No,Yes,78,83,NotPlaced,80.5,96.0,93.0,6
7.4,1,1,0,72,4.3,No,No,64,63,NotPlaced,63.5,86.0,79.0,2
7.9,1,3,0,77,4.1,Yes,Yes,73,82,NotPlaced,77.5,82.0,79.5,4
7.6,2,3,2,89,4.7,Yes,Yes,80,83,Placed,81.5,94.0,91.5,7
8.5,1,3,0,85,4.8,Yes,Yes,76,67,Placed,71.5,96.0,90.5,4
8.3,2,3,2,86,4.8,Yes,Yes,81,80,Placed,80.5,96.0,91.0,7
7.4,1,1,0,76,4.3,No,No,57,74,NotPlaced,65.5,86.0,81.0,2
7.4,1,2,2,78,4.4,Yes,Yes,82,68,NotPlaced,75.0,88.00000000000001,83.0,5
7.7,1,2,0,75,3.7,No,Yes,71,69,NotPlaced,70.0,74.0,74.5,3
8.7,1,3,2,90,4.8,Yes,Yes,84,86,Placed,85.0,96.0,93.0,6
8.2,0,3,2,85,4.8,Yes,Yes,83,79,Placed,81.0,96.0,90.5,5
7.8,1,1,0,70,4.0,No,Yes,55,66,NotPlaced,60.5,80.0,75.0,2
7.6,1,1,0,77,4.1,No,Yes,57,67,Placed,62.0,82.0,79.5,2
8.2,2,3,2,90,4.7,Yes,Yes,78,84,Placed,81.0,94.0,92.0,7
6.5,2,1,0,87,4.4,No,No,69,68,NotPlaced,68.5,88.00000000000001,87.5,3
8.2,2,3,2,90,4.8,Yes,Yes,81,88,Placed,84.5,96.0,93.0,7
8.6,0,1,0,66,4.4,No,Yes,56,72,NotPlaced,64.0,88.00000000000001,77.0,1
7.8,2,3,2,90,4.8,Yes,Yes,76,88,Placed,82.0,96.0,93.0,7
8.1,0,1,1,77,4.1,No,No,56,66,NotPlaced,61.0,82.0,79.5,2
8.2,1,1,1,64,3.7,No,No,59,66,NotPlaced,62.5,74.0,69.0,3
8.2,1,3,2,89,4.7,Yes,Yes,64,84,NotPlaced,74.0,94.0,91.5,6
8.4,1,1,0,84,4.5,No,Yes,68,71,NotPlaced,69.5,90.0,87.0,2
8.2,1,3,2,90,4.3,Yes,Yes,77,87,Placed,82.0,86.0,88.0,6
8.5,2,2,0,83,4.7,Yes,Yes,80,87,NotPlaced,83.5,94.0,88.5,4
8.1,2,1,2,80,4.2,Yes,No,75,80,Placed,77.5,84.00000000000001,82.0,5
8.1,1,3,3,90,4.8,Yes,Yes,67,83,Placed,75.0,96.0,93.0,7
7.8,1,1,1,72,4.2,No,Yes,58,68,NotPlaced,63.0,84.00000000000001,78.0,3
8.3,2,1,0,89,4.6,No,No,74,77,Placed,75.5,92.0,90.5,3
7.6,2,3,2,90,4.7,Yes,Yes,89,82,Placed,85.5,94.0,92.0,7
8.4,1,3,3,78,4.7,Yes,Yes,77,83,NotPlaced,80.0,94.0,86.0,7
8.7,0,3,2,87,4.2,Yes,Yes,76,85,Placed,80.5,84.00000000000001,85.5,5
8.9,0,1,1,90,4.6,No,Yes,79,87,Placed,83.0,92.0,91.0,2
8.1,1,1,0,77,4.4,Yes,No,66,67,NotPlaced,66.5,88.00000000000001,82.5,2
8.3,0,3,0,87,4.5,Yes,Yes,83,70,Placed,76.5,90.0,88.5,3
7.5,2,2,2,78,4.2,No,No,59,71,NotPlaced,65.0,84.00000000000001,81.0,6
8.8,0,3,1,90,4.8,Yes,Yes,77,85,Placed,81.0,96.0,93.0,4
7.4,2,1,2,75,4.4,Yes,No,64,66,NotPlaced,65.0,88.00000000000001,81.5,5
8.5,2,3,2,89,4.8,Yes,Yes,78,82,Placed,80.0,96.0,92.5,7
7.3,1,2,0,80,4.1,No,Yes,55,69,NotPlaced,62.0,82.0,81.0,3
7.8,2,2,0,73,4.2,No,Yes,55,69,NotPlaced,62.0,84.00000000000001,78.5,4
6.7,1,1,1,67,4.3,No,No,57,60,NotPlaced,58.5,86.0,76.5,3
7.6,1,2,1,75,4.2,No,Yes,70,81,NotPlaced,75.5,84.00000000000001,79.5,4
6.5,1,2,0,78,3.8,No,No,56,85,NotPlaced,70.5,76.0,77.0,3
7.3,1,2,1,74,3.9,No,Yes,55,82,NotPlaced,68.5,78.0,76.0,4
7.9,0,1,0,69,4.2,No,Yes,60,66,NotPlaced,63.0,84.00000000000001,76.5,1
8.4,1,2,1,80,4.8,Yes,Yes,80,64,NotPlaced,72.0,96.0,88.0,4
7.5,2,2,0,86,3.9,Yes,Yes,84,88,NotPlaced,86.0,78.0,82.0,4
7.0,1,1,1,75,4.8,No,No,64,70,NotPlaced,67.0,96.0,85.5,3
7.3,1,2,3,81,3.8,No,Yes,76,64,NotPlaced,70.0,76.0,78.5,6
7.6,1,3,0,80,4.7,Yes,Yes,77,84,Placed,80.5,94.0,87.0,4
7.9,0,1,0,78,4.4,Yes,Yes,77,73,NotPlaced,75.0,88.00000000000001,83.0,1
6.6,1,1,0,73,4.2,No,No,64,70,NotPlaced,67.0,84.00000000000001,78.5,2
7.7,1,3,2,74,3.6,Yes,Yes,78,64,NotPlaced,71.0,72.0,73.0,6
7.6,1,2,0,80,4.0,No,Yes,78,73,NotPlaced,75.5,80.0,80.0,3
7.6,2,3,3,77,4.1,No,Yes,76,57,Placed,66.5,82.0,79.5,8
7.5,2,1,0,82,4.3,No,Yes,71,63,NotPlaced,67.0,86.0,84.0,3
8.4,0,3,2,90,4.8,Yes,Yes,81,86,Placed,83.5,96.0,93.0,5
7.8,1,2,0,80,3.8,No,Yes,64,60,Placed,62.0,76.0,78.0,3
6.7,1,1,1,79,3.5,No,Yes,66,69,NotPlaced,67.5,70.0,74.5,3
7.5,1,1,0,70,3.7,No,Yes,55,72,NotPlaced,63.5,74.0,72.0,2
8.2,2,3,2,83,4.5,Yes,Yes,84,88,Placed,86.0,90.0,86.5,7
7.6,1,1,1,79,4.2,Yes,No,55,87,NotPlaced,71.0,84.00000000000001,81.5,3
7.8,1,3,2,77,4.7,Yes,Yes,83,77,Placed,80.0,94.0,85.5,6
8.2,1,2,0,82,4.5,Yes,Yes,74,66,NotPlaced,70.0,90.0,86.0,3
7.7,0,2,0,68,4.4,Yes,Yes,71,66,NotPlaced,68.5,88.00000000000001,78.0,2
8.7,2,3,2,87,4.6,Yes,Yes,77,81,Placed,79.0,92.0,89.5,7
8.3,2,3,1,83,4.5,Yes,Yes,60,63,Placed,61.5,90.0,86.5,6
8.2,1,1,1,82,4.1,Yes,Yes,57,71,NotPlaced,64.0,82.0,82.0,3
7.8,1,3,0,83,4.8,Yes,Yes,70,85,NotPlaced,77.5,96.0,89.5,4
7.7,1,1,1,75,4.2,Yes,Yes,61,71,Placed,66.0,84.00000000000001,79.5,3
8.2,2,3,2,90,4.8,Yes,Yes,84,88,Placed,86.0,96.0,93.0,7
8.0,0,2,2,73,4.8,Yes,No,83,81,NotPlaced,82.0,96.0,84.5,4
7.9,1,2,0,86,4.5,Yes,Yes,76,70,NotPlaced,73.0,90.0,88.0,3
7.8,0,3,1,90,4.7,No,No,75,74,Placed,74.5,94.0,92.0,4
7.6,2,3,0,90,4.8,Yes,Yes,78,88,Placed,83.0,96.0,93.0,5
8.3,2,3,2,90,4.8,Yes,Yes,68,82,Placed,75.0,96.0,93.0,7
7.4,0,2,0,81,3.8,Yes,Yes,72,73,NotPlaced,72.5,76.0,78.5,2
7.4,1,2,2,77,4.1,No,No,55,71,Placed,63.0,82.0,79.5,5
6.9,1,2,1,72,3.5,No,Yes,58,70,NotPlaced,64.0,70.0,71.0,4
8.0,1,1,0,75,4.0,No,No,55,65,NotPlaced,60.0,80.0,77.5,2
7.1,2,3,2,88,4.7,Yes,Yes,76,86,Placed,81.0,94.0,91.0,7
8.6,1,3,2,83,4.8,Yes,Yes,77,77,Placed,77.0,96.0,89.5,6
8.7,2,3,2,90,4.8,Yes,Yes,75,87,Placed,81.0,96.0,93.0,7
8.3,1,2,0,70,4.3,Yes,Yes,72,81,NotPlaced,76.5,86.0,78.0,3
7.9,1,3,3,77,4.3,No,No,60,74,NotPlaced,67.0,86.0,81.5,7
8.0,1,3,2,79,3.7,Yes,Yes,80,86,Placed,83.0,74.0,76.5,6
8.0,2,3,0,75,4.4,No,Yes,70,82,NotPlaced,76.0,88.00000000000001,81.5,5
7.4,0,1,0,76,4.3,No,Yes,65,68,NotPlaced,66.5,86.0,81.0,1
8.4,0,1,3,72,4.2,Yes,Yes,74,82,NotPlaced,78.0,84.00000000000001,78.0,4
8.6,2,2,0,70,4.1,Yes,Yes,79,64,Placed,71.5,82.0,76.0,4
7.7,2,3,2,90,4.8,Yes,Yes,80,83,Placed,81.5,96.0,93.0,7
8.4,1,1,1,70,3.8,Yes,Yes,55,67,NotPlaced,61.0,76.0,73.0,3
7.6,0,1,0,79,4.0,No,No,55,63,NotPlaced,59.0,80.0,79.5,1
6.5,1,1,1,67,4.3,Yes,Yes,57,68,NotPlaced,62.5,86.0,76.5,3
8.5,2,3,2,90,4.8,Yes,Yes,84,88,Placed,86.0,96.0,93.0,7
7.0,2,3,2,84,4.8,Yes,Yes,79,82,Placed,80.5,96.0,90.0,7
7.1,1,1,3,83,4.2,Yes,Yes,82,86,Placed,84.0,84.00000000000001,83.5,5
7.7,0,1,2,83,4.4,Yes,Yes,56,61,Placed,58.5,88.00000000000001,85.5,3
8.2,1,2,3,83,4.4,Yes,Yes,76,84,Placed,80.0,88.00000000000001,85.5,6
7.4,1,2,2,74,4.5,Yes,Yes,78,83,NotPlaced,80.5,90.0,82.0,5
8.5,0,3,0,89,4.7,Yes,Yes,83,80,Placed,81.5,94.0,91.5,3
7.9,1,3,3,81,4.5,Yes,Yes,60,84,Placed,72.0,90.0,85.5,7
7.8,2,3,2,90,4.8,Yes,Yes,87,87,Placed,87.0,96.0,93.0,7
8.2,1,3,2,88,4.8,Yes,Yes,77,80,NotPlaced,78.5,96.0,92.0,6
6.8,1,1,1,77,4.2,No,No,65,66,NotPlaced,65.5,84.00000000000001,80.5,3
8.7,1,3,2,74,4.6,Yes,Yes,82,81,Placed,81.5,92.0,83.0,6
6.7,0,1,0,63,3.4,No,No,69,69,NotPlaced,69.0,68.0,65.5,1
7.6,1,2,0,84,4.4,Yes,Yes,72,86,Placed,79.0,88.00000000000001,86.0,3
8.3,1,3,0,75,4.6,Yes,Yes,76,70,Placed,73.0,92.0,83.5,4
7.9,1,1,1,62,3.9,No,No,62,57,NotPlaced,59.5,78.0,70.0,3
7.6,0,3,2,83,4.8,No,Yes,76,71,Placed,73.5,96.0,89.5,5
8.4,2,3,2,83,4.7,Yes,Yes,77,78,Placed,77.5,94.0,88.5,7
7.5,1,1,0,68,3.6,No,Yes,67,66,NotPlaced,66.5,72.0,70.0,2
7.9,1,1,1,81,4.7,No,No,55,66,NotPlaced,60.5,94.0,87.5,3
7.8,1,2,0,79,4.0,Yes,Yes,55,69,NotPlaced,62.0,80.0,79.5,3
7.6,1,1,0,77,4.0,No,Yes,58,73,NotPlaced,65.5,80.0,78.5,2
8.4,2,3,2,88,4.8,Yes,Yes,70,84,Placed,77.0,96.0,92.0,7
7.9,1,2,2,89,4.8,Yes,Yes,82,83,Placed,82.5,96.0,92.5,5
6.5,1,3,1,83,4.8,Yes,Yes,78,69,NotPlaced,73.5,96.0,89.5,5
7.3,1,1,1,71,3.8,No,Yes,57,57,NotPlaced,57.0,76.0,73.5,3
7.8,1,2,1,80,4.2,Yes,Yes,57,82,NotPlaced,69.5,84.00000000000001,82.0,4
8.1,1,3,2,90,4.8,Yes,Yes,74,82,Placed,78.0,96.0,93.0,6
7.7,1,1,1,74,4.5,Yes,Yes,72,88,Placed,80.0,90.0,82.0,3
8.1,0,1,1,76,3.3,No,No,56,65,NotPlaced,60.5,65.99999999999999,71.0,2
7.6,1,3,2,78,4.4,Yes,Yes,72,81,Placed,76.5,88.00000000000001,83.0,6
8.0,2,3,0,84,4.1,Yes,No,83,66,Placed,74.5,82.0,83.0,5
8.2,0,3,2,90,4.7,Yes,Yes,76,88,Placed,82.0,94.0,92.0,5
6.8,1,2,0,79,4.1,No,Yes,62,82,Placed,72.0,82.0,80.5,3
8.0,1,1,0,80,4.4,Yes,Yes,73,76,NotPlaced,74.5,88.00000000000001,84.0,2
8.3,1,3,2,90,4.8,Yes,No,82,84,Placed,83.0,96.0,93.0,6
8.1,0,3,2,89,4.8,Yes,Yes,78,83,Placed,80.5,96.0,92.5,5
8.1,1,3,1,80,4.0,Yes,Yes,75,85,NotPlaced,80.0,80.0,80.0,5
6.9,1,3,0,81,4.5,No,No,72,76,Placed,74.0,90.0,85.5,4
7.5,0,1,0,81,4.7,No,Yes,55,70,NotPlaced,62.5,94.0,87.5,1
7.8,2,3,2,83,4.5,Yes,No,90,83,NotPlaced,86.5,90.0,86.5,7
7.6,1,1,1,70,4.6,No,Yes,60,72,NotPlaced,66.0,92.0,81.0,3
7.8,0,2,2,77,3.6,No,Yes,64,72,Placed,68.0,72.0,74.5,4
8.4,2,2,2,78,4.5,Yes,Yes,75,80,Placed,77.5,90.0,84.0,6
7.8,1,1,0,71,4.1,Yes,Yes,77,67,Placed,72.0,82.0,76.5,2
8.0,1,1,2,83,4.4,Yes,No,71,74,NotPlaced,72.5,88.00000000000001,85.5,4
7.8,1,3,2,73,4.1,Yes,Yes,73,81,Placed,77.0,82.0,77.5,6
8.7,2,3,2,90,4.8,Yes,Yes,77,86,Placed,81.5,96.0,93.0,7
8.4,1,1,0,72,4.6,Yes,Yes,77,60,Placed,68.5,92.0,82.0,2
8.2,0,1,1,67,4.2,Yes,Yes,74,66,NotPlaced,70.0,84.00000000000001,75.5,2
7.8,1,1,0,72,3.6,No,Yes,58,65,NotPlaced,61.5,72.0,72.0,2
7.7,0,1,2,84,3.9,No,Yes,60,65,NotPlaced,62.5,78.0,81.0,3
8.5,2,3,2,90,4.8,Yes,Yes,80,80,NotPlaced,80.0,96.0,93.0,7
8.1,2,2,1,76,4.0,No,Yes,75,74,Placed,74.5,80.0,78.0,5
8.1,0,3,2,85,4.7,Yes,No,87,79,NotPlaced,83.0,94.0,89.5,5
7.0,1,2,0,74,4.2,No,Yes,55,69,Placed,62.0,84.00000000000001,79.0,3
8.0,2,3,2,90,4.8,Yes,Yes,85,83,Placed,84.0,96.0,93.0,7
7.7,2,3,2,90,4.8,Yes,Yes,84,88,NotPlaced,86.0,96.0,93.0,7
8.4,2,3,2,90,4.8,Yes,Yes,82,84,Placed,83.0,96.0,93.0,7
7.5,1,2,1,90,4.6,No,Yes,72,83,Placed,77.5,92.0,91.0,4
6.8,1,1,0,69,3.3,No,No,63,63,NotPlaced,63.0,65.99999999999999,67.5,2
8.6,1,1,2,77,4.6,Yes,Yes,87,86,Placed,86.5,92.0,84.5,4
8.2,2,3,2,90,4.8,Yes,Yes,80,87,Placed,83.5,96.0,93.0,7
6.5,1,3,0,79,4.3,Yes,Yes,55,85,Placed,70.0,86.0,82.5,4
7.6,2,1,2,79,4.5,Yes,Yes,80,80,Placed,80.0,90.0,84.5,5
8.4,1,1,1,73,4.3,No,Yes,64,73,NotPlaced,68.5,86.0,79.5,3
8.3,1,3,2,88,4.8,Yes,Yes,77,68,Placed,72.5,96.0,92.0,6
7.4,1,1,1,70,4.5,No,No,55,67,NotPlaced,61.0,90.0,80.0,3
7.9,0,1,0,87,4.5,No,Yes,75,75,Placed,75.0,90.0,88.5,1
7.6,1,2,1,80,4.8,No,Yes,82,65,NotPlaced,73.5,96.0,88.0,4
8.0,2,3,2,90,4.8,Yes,Yes,75,86,Placed,80.5,96.0,93.0,7
7.9,2,3,2,87,4.8,Yes,Yes,81,87,Placed,84.0,96.0,91.5,7
7.6,1,3,2,81,4.8,Yes,Yes,78,87,Placed,82.5,96.0,88.5,6
7.6,1,1,1,72,4.5,No,No,55,66,NotPlaced,60.5,90.0,81.0,3
8.2,0,2,2,71,4.4,Yes,Yes,55,73,Placed,64.0,88.00000000000001,79.5,4
7.4,1,2,1,82,4.5,No,Yes,59,66,NotPlaced,62.5,90.0,86.0,4
8.3,2,3,1,83,4.5,Yes,Yes,80,84,Placed,82.0,90.0,86.5,6
7.8,2,1,1,77,4.2,No,No,55,67,NotPlaced,61.0,84.00000000000001,80.5,4
8.4,1,3,2,88,4.8,Yes,Yes,73,84,NotPlaced,78.5,96.0,92.0,6
8.5,1,3,2,76,4.8,Yes,Yes,67,83,Placed,75.0,96.0,86.0,6
7.6,1,3,0,80,4.8,Yes,Yes,71,85,NotPlaced,78.0,96.0,88.0,4
6.8,0,2,1,74,3.7,Yes,Yes,61,65,NotPlaced,63.0,74.0,74.0,3
8.0,0,3,0,86,4.5,Yes,Yes,74,85,Placed,79.5,90.0,88.0,3
6.6,2,3,2,85,4.8,Yes,Yes,79,85,Placed,82.0,96.0,90.5,7
7.8,1,2,0,73,4.6,No,Yes,55,64,NotPlaced,59.5,92.0,82.5,3
6.5,1,2,0,78,4.0,Yes,Yes,57,78,NotPlaced,67.5,80.0,79.0,3
8.8,2,3,2,90,4.8,Yes,Yes,70,83,Placed,76.5,96.0,93.0,7
8.3,1,1,1,73,4.3,Yes,Yes,59,62,NotPlaced,60.5,86.0,79.5,3
7.5,1,2,1,90,4.8,Yes,Yes,61,82,Placed,71.5,96.0,93.0,4
8.7,1,3,2,85,4.8,Yes,Yes,80,80,Placed,80.0,96.0,90.5,6
6.5,1,1,1,81,4.8,No,Yes,55,64,NotPlaced,59.5,96.0,88.5,3
6.7,2,2,2,78,4.5,Yes,Yes,57,67,NotPlaced,62.0,90.0,84.0,6
7.6,0,2,0,60,3.8,No,No,55,57,NotPlaced,56.0,76.0,68.0,2
6.5,2,1,0,85,4.8,No,Yes,72,68,NotPlaced,70.0,96.0,90.5,3
6.5,0,2,1,75,3.5,No,Yes,61,68,NotPlaced,64.5,70.0,72.5,3
7.4,1,2,0,88,4.6,No,Yes,73,66,NotPlaced,69.5,92.0,90.0,3
7.4,0,2,0,65,4.4,No,Yes,58,68,NotPlaced,63.0,88.00000000000001,76.5,2
6.5,1,1,0,79,4.2,No,Yes,61,59,NotPlaced,60.0,84.00000000000001,81.5,2
7.9,0,1,0,64,3.6,No,No,55,62,NotPlaced,58.5,72.0,68.0,1
6.5,1,2,0,70,4.0,No,Yes,68,66,NotPlaced,67.0,80.0,75.0,3
7.3,0,3,0,70,4.3,No,No,55,70,Placed,62.5,86.0,78.0,3
8.0,1,1,2,81,3.8,Yes,Yes,76,70,Placed,73.0,76.0,78.5,4
8.4,2,3,1,78,4.8,Yes,Yes,55,87,NotPlaced,71.0,96.0,87.0,6
7.5,1,1,2,80,4.5,No,No,64,70,NotPlaced,67.0,90.0,85.0,4
8.3,2,3,3,88,4.8,Yes,Yes,78,84,Placed,81.0,96.0,92.0,8
7.4,1,1,0,75,4.3,No,No,55,68,NotPlaced,61.5,86.0,80.5,2
6.9,1,1,1,83,4.6,Yes,No,55,67,Placed,61.0,92.0,87.5,3
7.5,0,2,0,86,4.2,Yes,Yes,74,66,Placed,70.0,84.00000000000001,85.0,2
7.7,1,1,1,69,4.5,No,Yes,55,60,NotPlaced,57.5,90.0,79.5,3
7.6,1,1,1,80,3.6,No,Yes,59,75,NotPlaced,67.0,72.0,76.0,3
8.2,2,3,2,85,4.8,Yes,No,78,82,Placed,80.0,96.0,90.5,7
7.9,0,1,0,68,4.1,No,Yes,55,65,NotPlaced,60.0,82.0,75.0,1
6.6,1,1,1,69,4.5,No,Yes,61,68,NotPlaced,64.5,90.0,79.5,3
7.2,1,2,0,71,3.2,No,No,55,69,NotPlaced,62.0,64.0,67.5,3
6.5,0,2,0,85,4.8,Yes,Yes,55,83,Placed,69.0,96.0,90.5,2
7.3,2,3,1,87,4.8,No,Yes,73,80,Placed,76.5,96.0,91.5,6
8.7,1,3,2,81,4.7,Yes,Yes,74,74,Placed,74.0,94.0,87.5,6
7.7,1,3,3,90,4.8,Yes,Yes,82,73,NotPlaced,77.5,96.0,93.0,7
8.0,0,3,2,80,4.1,Yes,Yes,70,79,Placed,74.5,82.0,81.0,5
8.6,1,3,2,90,4.8,Yes,Yes,73,83,Placed,78.0,96.0,93.0,6
8.5,1,3,0,88,4.7,Yes,Yes,74,88,Placed,81.0,94.0,91.0,4
8.8,2,3,2,88,4.7,Yes,Yes,78,88,Placed,83.0,94.0,91.0,7
8.0,1,1,0,79,3.8,No,No,55,66,NotPlaced,60.5,76.0,77.5,2
7.2,1,2,0,79,4.1,No,Yes,55,64,NotPlaced,59.5,82.0,80.5,3
8.3,1,3,2,90,4.7,Yes,No,71,83,Placed,77.0,94.0,92.0,6
8.2,1,3,0,79,4.6,No,Yes,71,68,NotPlaced,69.5,92.0,85.5,4
8.3,2,3,2,87,4.3,Yes,Yes,67,84,Placed,75.5,86.0,86.5,7
7.3,1,1,0,73,4.0,No,Yes,66,66,NotPlaced,66.0,80.0,76.5,2
7.6,1,1,1,66,3.6,Yes,Yes,62,65,NotPlaced,63.5,72.0,69.0,3
7.8,1,2,0,81,4.8,No,Yes,55,62,NotPlaced,58.5,96.0,88.5,3
8.5,2,3,2,90,4.8,Yes,Yes,76,82,Placed,79.0,96.0,93.0,7
7.9,1,2,0,90,4.2,Yes,Yes,55,66,NotPlaced,60.5,84.00000000000001,87.0,3
6.7,1,3,2,71,3.7,Yes,Yes,87,71,NotPlaced,79.0,74.0,72.5,6
8.8,2,3,2,83,4.1,Yes,Yes,73,83,Placed,78.0,82.0,82.5,7
7.6,1,2,0,63,4.7,No,No,55,63,NotPlaced,59.0,94.0,78.5,3
8.2,2,3,2,90,4.8,Yes,Yes,84,82,Placed,83.0,96.0,93.0,7
7.6,1,1,0,82,4.0,No,No,65,58,NotPlaced,61.5,80.0,81.0,2
6.5,1,1,1,70,3.5,No,Yes,60,75,NotPlaced,67.5,70.0,70.0,3
8.6,2,3,2,87,4.8,Yes,Yes,69,81,Placed,75.0,96.0,91.5,7
7.9,0,3,2,90,4.5,Yes,No,79,88,Placed,83.5,90.0,90.0,5
7.3,0,1,1,69,3.7,No,Yes,59,59,NotPlaced,59.0,74.0,71.5,2
8.2,1,1,0,79,4.6,Yes,No,56,61,NotPlaced,58.5,92.0,85.5,2
8.0,0,3,1,73,4.8,Yes,Yes,57,64,NotPlaced,60.5,96.0,84.5,4
8.3,2,3,2,90,4.8,Yes,Yes,73,84,Placed,78.5,96.0,93.0,7
7.7,1,2,1,68,4.3,No,No,64,69,NotPlaced,66.5,86.0,77.0,4
6.5,1,1,1,63,4.5,No,No,59,69,NotPlaced,64.0,90.0,76.5,3
8.4,0,3,0,77,4.6,Yes,Yes,79,84,Placed,81.5,92.0,84.5,3
6.6,1,3,2,86,4.4,Yes,Yes,57,88,Placed,72.5,88.00000000000001,87.0,6
8.2,1,3,0,90,4.7,Yes,Yes,68,60,Placed,64.0,94.0,92.0,4
6.6,1,2,1,66,4.8,No,No,64,69,NotPlaced,66.5,96.0,81.0,4
6.7,1,1,1,63,4.6,No,No,55,69,NotPlaced,62.0,92.0,77.5,3
7.6,0,1,1,76,3.8,No,No,58,66,NotPlaced,62.0,76.0,76.0,2
8.1,2,1,0,71,3.4,Yes,No,66,67,NotPlaced,66.5,68.0,69.5,3
8.1,1,3,1,90,4.8,No,No,87,84,Placed,85.5,96.0,93.0,5
7.6,1,1,0,76,3.9,No,Yes,57,68,Placed,62.5,78.0,77.0,2
7.6,1,1,1,83,4.3,Yes,Yes,68,66,Placed,67.0,86.0,84.5,3
6.5,1,1,0,80,4.4,Yes,Yes,55,66,NotPlaced,60.5,88.00000000000001,84.0,2
7.6,1,2,0,63,4.1,No,Yes,55,64,NotPlaced,59.5,82.0,72.5,3
6.6,0,1,1,72,3.9,No,No,64,62,NotPlaced,63.0,78.0,75.0,2
8.0,0,2,1,78,4.2,Yes,Yes,77,82,NotPlaced,79.5,84.00000000000001,81.0,3
8.2,0,3,1,86,4.1,Yes,Yes,73,81,Placed,77.0,82.0,84.0,4
6.5,1,2,0,74,4.6,No,Yes,56,62,Placed,59.0,92.0,83.0,3
7.2,1,2,2,66,4.1,Yes,Yes,78,75,Placed,76.5,82.0,74.0,5
6.5,1,1,0,72,4.0,No,Yes,56,71,NotPlaced,63.5,80.0,76.0,2
8.2,2,3,2,86,4.5,No,No,77,80,NotPlaced,78.5,90.0,88.0,7
8.5,2,3,2,84,4.0,Yes,Yes,72,80,Placed,76.0,80.0,82.0,7
7.5,0,3,1,79,4.4,Yes,Yes,55,67,NotPlaced,61.0,88.00000000000001,83.5,4
8.2,1,3,0,90,3.9,Yes,Yes,75,87,NotPlaced,81.0,78.0,84.0,4
6.7,1,1,1,82,4.4,Yes,Yes,82,73,NotPlaced,77.5,88.00000000000001,85.0,3
7.6,0,3,2,90,4.7,Yes,Yes,80,69,Placed,74.5,94.0,92.0,5
7.6,1,2,1,72,3.8,No,Yes,55,67,NotPlaced,61.0,76.0,74.0,4
7.5,1,1,1,67,3.8,No,No,59,63,NotPlaced,61.0,76.0,71.5,3
6.9,2,3,1,68,3.7,No,No,64,64,NotPlaced,64.0,74.0,71.0,6
6.7,2,3,0,76,4.2,No,Yes,78,85,NotPlaced,81.5,84.00000000000001,80.0,5
7.6,0,1,0,80,3.8,No,No,55,83,NotPlaced,69.0,76.0,78.0,1
8.1,1,3,0,86,4.5,Yes,Yes,72,88,Placed,80.0,90.0,88.0,4
8.1,2,3,2,90,4.6,Yes,Yes,71,87,Placed,79.0,92.0,91.0,7
7.4,0,2,1,77,4.8,Yes,Yes,66,68,NotPlaced,67.0,96.0,86.5,3
8.4,1,3,2,90,4.3,Yes,Yes,73,85,Placed,79.0,86.0,88.0,6
8.0,0,1,0,82,4.3,No,Yes,72,65,NotPlaced,68.5,86.0,84.0,1
7.5,1,1,1,66,4.4,No,No,69,61,NotPlaced,65.0,88.00000000000001,77.0,3
8.3,2,3,2,90,4.7,Yes,Yes,82,83,Placed,82.5,94.0,92.0,7
8.8,1,3,0,86,4.6,No,Yes,69,72,Placed,70.5,92.0,89.0,4
6.5,1,3,1,70,4.1,No,No,59,62,NotPlaced,60.5,82.0,76.0,5
7.5,1,1,1,87,4.7,Yes,Yes,68,65,Placed,66.5,94.0,90.5,3
8.2,2,3,2,90,4.8,Yes,Yes,81,82,Placed,81.5,96.0,93.0,7
6.5,1,1,1,60,3.8,No,Yes,81,65,NotPlaced,73.0,76.0,68.0,3
6.8,1,2,0,75,4.3,Yes,Yes,73,73,NotPlaced,73.0,86.0,80.5,3
8.4,2,3,2,82,4.7,Yes,Yes,86,82,Placed,84.0,94.0,88.0,7
8.4,0,3,2,90,4.8,Yes,Yes,82,62,Placed,72.0,96.0,93.0,5
7.9,1,1,0,66,4.5,No,No,63,62,NotPlaced,62.5,90.0,78.0,2
7.8,0,2,1,82,4.4,Yes,Yes,73,88,Placed,80.5,88.00000000000001,85.0,3
7.3,1,2,0,75,3.9,No,Yes,80,71,NotPlaced,75.5,78.0,76.5,3
8.0,2,2,2,90,4.8,Yes,Yes,84,87,Placed,85.5,96.0,93.0,6
6.8,0,1,0,82,4.0,No,Yes,65,63,Placed,64.0,80.0,81.0,1
8.2,2,3,2,90,4.5,Yes,Yes,83,83,Placed,83.0,90.0,90.0,7
6.7,1,2,1,69,4.0,No,Yes,59,64,NotPlaced,61.5,80.0,74.5,4
8.5,2,3,2,90,4.7,Yes,Yes,90,86,Placed,88.0,94.0,92.0,7
7.4,1,1,1,64,4.3,Yes,Yes,55,64,NotPlaced,59.5,86.0,75.0,3
7.6,0,2,0,74,4.1,No,Yes,67,73,NotPlaced,70.0,82.0,78.0,2
8.5,1,3,2,81,4.2,No,Yes,55,86,NotPlaced,70.5,84.00000000000001,82.5,6
6.5,1,1,0,61,4.1,No,No,66,69,NotPlaced,67.5,82.0,71.5,2
7.9,2,1,0,73,4.4,Yes,No,66,57,Placed,61.5,88.00000000000001,80.5,3
8.3,1,3,2,84,4.4,Yes,Yes,79,88,Placed,83.5,88.00000000000001,86.0,6
8.6,1,3,2,90,4.8,Yes,Yes,71,79,Placed,75.0,96.0,93.0,6
8.2,2,2,0,90,4.2,No,Yes,71,85,Placed,78.0,84.00000000000001,87.0,4
7.0,1,1,0,72,4.4,No,Yes,74,65,NotPlaced,69.5,88.00000000000001,80.0,2
7.6,0,1,1,64,4.1,No,No,55,58,NotPlaced,56.5,82.0,73.0,2
6.7,1,2,0,80,3.5,No,No,59,73,NotPlaced,66.0,70.0,75.0,3
6.8,1,2,0,88,4.8,Yes,Yes,80,64,Placed,72.0,96.0,92.0,3
8.0,2,3,1,87,4.3,Yes,No,70,84,NotPlaced,77.0,86.0,86.5,6
8.0,1,3,2,90,4.8,Yes,Yes,66,79,NotPlaced,72.5,96.0,93.0,6
7.8,1,2,1,73,4.0,Yes,Yes,55,87,NotPlaced,71.0,80.0,76.5,4
7.9,1,2,1,68,4.0,No,Yes,71,68,NotPlaced,69.5,80.0,74.0,4
7.9,1,2,0,73,4.5,Yes,No,68,74,Placed,71.0,90.0,81.5,3
7.5,1,2,1,74,4.0,No,Yes,64,82,Placed,73.0,80.0,77.0,4
7.6,1,3,1,80,4.3,No,Yes,55,83,NotPlaced,69.0,86.0,83.0,5
8.6,2,3,2,90,4.8,Yes,Yes,84,85,NotPlaced,84.5,96.0,93.0,7
7.7,1,3,3,79,3.6,Yes,Yes,71,83,NotPlaced,77.0,72.0,75.5,7
8.1,1,3,2,85,4.8,No,Yes,55,73,Placed,64.0,96.0,90.5,6
7.1,1,2,1,68,4.2,No,No,76,64,NotPlaced,70.0,84.00000000000001,76.0,4
8.2,0,2,0,86,4.5,Yes,Yes,77,72,Placed,74.5,90.0,88.0,2
8.4,1,3,1,75,4.3,Yes,No,73,73,NotPlaced,73.0,86.0,80.5,5
7.3,1,2,1,76,4.7,No,Yes,67,73,NotPlaced,70.0,94.0,85.0,4
8.8,2,3,2,90,4.8,Yes,Yes,71,84,Placed,77.5,96.0,93.0,7
7.4,1,1,0,78,3.8,No,Yes,55,65,NotPlaced,60.0,76.0,77.0,2
7.7,1,3,2,84,4.8,No,Yes,70,67,NotPlaced,68.5,96.0,90.0,6
7.7,0,2,1,71,4.4,No,Yes,55,70,NotPlaced,62.5,88.00000000000001,79.5,3
6.5,2,3,0,77,4.3,No,Yes,87,67,NotPlaced,77.0,86.0,81.5,5
8.1,2,1,3,79,4.0,Yes,Yes,78,79,Placed,78.5,80.0,79.5,6
6.5,0,1,2,71,3.2,No,No,58,61,NotPlaced,59.5,64.0,67.5,3
8.4,1,3,2,90,4.8,Yes,Yes,74,81,Placed,77.5,96.0,93.0,6
6.5,0,1,0,65,4.5,No,No,59,69,NotPlaced,64.0,90.0,77.5,1
7.6,1,1,0,84,3.7,No,No,56,70,NotPlaced,63.0,74.0,79.0,2
8.1,1,3,0,85,3.7,Yes,Yes,55,79,Placed,67.0,74.0,79.5,4
6.6,0,1,0,71,3.8,Yes,Yes,60,71,NotPlaced,65.5,76.0,73.5,1
7.8,1,1,1,76,3.8,No,Yes,55,66,NotPlaced,60.5,76.0,76.0,3
7.9,2,3,0,90,4.8,Yes,Yes,88,84,Placed,86.0,96.0,93.0,5
7.3,1,1,0,73,3.8,No,No,64,59,NotPlaced,61.5,76.0,74.5,2
7.4,1,2,1,67,3.1,No,Yes,55,71,NotPlaced,63.0,62.0,64.5,4
8.2,0,3,2,90,4.7,Yes,Yes,67,83,Placed,75.0,94.0,92.0,5
6.6,1,1,0,63,3.8,No,No,59,63,NotPlaced,61.0,76.0,69.5,2
8.1,2,3,2,81,4.5,Yes,Yes,76,71,Placed,73.5,90.0,85.5,7
8.3,2,1,2,79,4.2,Yes,Yes,58,87,Placed,72.5,84.00000000000001,81.5,5
7.3,0,1,0,70,4.4,Yes,No,67,67,NotPlaced,67.0,88.00000000000001,79.0,1
8.3,1,2,0,84,4.2,Yes,Yes,82,81,Placed,81.5,84.00000000000001,84.0,3
6.8,1,1,0,60,3.7,No,No,64,64,NotPlaced,64.0,74.0,67.0,2
6.5,1,1,0,65,3.7,No,No,55,62,NotPlaced,58.5,74.0,69.5,2
8.5,2,3,1,89,4.5,No,No,55,84,Placed,69.5,90.0,89.5,6
6.5,2,1,2,73,4.2,No,No,74,59,NotPlaced,66.5,84.00000000000001,78.5,5
8.3,1,1,0,69,4.8,Yes,No,83,67,Placed,75.0,96.0,82.5,2
6.5,1,1,1,75,4.5,No,No,55,65,NotPlaced,60.0,90.0,82.5,3
7.8,1,1,1,90,3.9,No,Yes,81,67,Placed,74.0,78.0,84.0,3
7.5,1,1,0,85,4.1,Yes,Yes,74,86,NotPlaced,80.0,82.0,83.5,2
7.4,1,3,1,78,3.9,No,Yes,55,71,NotPlaced,63.0,78.0,78.0,5
7.6,1,3,0,81,4.3,Yes,Yes,80,82,Placed,81.0,86.0,83.5,4
8.3,1,2,2,79,4.6,Yes,Yes,75,73,Placed,74.0,92.0,85.5,5
6.5,0,1,0,75,4.2,No,No,55,67,NotPlaced,61.0,84.00000000000001,79.5,1
7.8,1,3,1,70,4.3,No,No,65,61,NotPlaced,63.0,86.0,78.0,5
7.5,1,2,0,90,4.6,No,Yes,65,68,NotPlaced,66.5,92.0,91.0,3
7.3,1,2,1,66,3.7,No,No,55,74,NotPlaced,64.5,74.0,70.0,4
8.6,1,3,2,70,4.3,Yes,Yes,80,87,Placed,83.5,86.0,78.0,6
7.6,1,2,0,87,4.2,Yes,Yes,56,72,NotPlaced,64.0,84.00000000000001,85.5,3
7.4,1,3,0,83,4.7,No,Yes,55,69,NotPlaced,62.0,94.0,88.5,4
7.9,1,3,2,83,4.7,Yes,Yes,90,86,Placed,88.0,94.0,88.5,6
8.6,1,3,2,86,4.7,Yes,Yes,82,85,Placed,83.5,94.0,90.0,6
7.9,2,3,2,90,4.8,Yes,Yes,70,86,Placed,78.0,96.0,93.0,7
6.5,1,1,1,61,4.2,No,Yes,64,69,NotPlaced,66.5,84.00000000000001,72.5,3
7.8,2,3,2,83,4.7,Yes,Yes,78,85,Placed,81.5,94.0,88.5,7
6.7,0,1,0,68,3.5,No,No,63,68,NotPlaced,65.5,70.0,69.0,1
7.7,1,2,0,83,4.0,Yes,Yes,68,69,NotPlaced,68.5,80.0,81.5,3
8.0,2,2,0,84,4.7,Yes,Yes,64,88,Placed,76.0,94.0,89.0,4
6.5,1,1,0,76,3.7,No,No,67,65,NotPlaced,66.0,74.0,75.0,2
7.9,2,3,2,90,4.5,Yes,No,78,84,NotPlaced,81.0,90.0,90.0,7
7.9,1,1,2,74,3.5,No,No,88,72,NotPlaced,80.0,70.0,72.0,4
8.2,2,3,2,87,4.8,No,Yes,65,66,Placed,65.5,96.0,91.5,7
6.5,2,1,2,85,4.7,No,Yes,66,85,NotPlaced,75.5,94.0,89.5,5
7.9,2,3,2,90,4.8,Yes,Yes,70,83,Placed,76.5,96.0,93.0,7
7.6,1,2,1,72,4.0,No,Yes,81,78,NotPlaced,79.5,80.0,76.0,4
7.6,1,1,1,70,3.9,No,Yes,59,63,NotPlaced,61.0,78.0,74.0,3
7.5,1,1,1,70,4.0,Yes,Yes,55,64,NotPlaced,59.5,80.0,75.0,3
7.3,2,2,1,76,3.8,No,Yes,55,72,Placed,63.5,76.0,76.0,5
7.8,0,1,0,71,4.3,No,No,55,66,NotPlaced,60.5,86.0,78.5,1
8.1,1,1,1,83,4.7,Yes,Yes,75,83,NotPlaced,79.0,94.0,88.5,3
6.9,0,2,2,75,4.3,Yes,Yes,55,70,NotPlaced,62.5,86.0,80.5,4
6.8,0,1,0,78,4.7,Yes,Yes,64,68,NotPlaced,66.0,94.0,86.0,1
6.9,1,1,1,60,3.3,No,No,58,62,NotPlaced,60.0,65.99999999999999,62.99999999999999,3
7.6,1,3,0,82,4.8,Yes,Yes,61,75,Placed,68.0,96.0,89.0,4
8.5,2,3,2,90,4.8,Yes,Yes,83,86,Placed,84.5,96.0,93.0,7
8.5,0,3,2,77,4.8,Yes,Yes,81,84,Placed,82.5,96.0,86.5,5
7.8,1,1,1,74,3.4,Yes,Yes,65,66,NotPlaced,65.5,68.0,71.0,3
8.0,1,3,2,78,4.2,Yes,No,78,85,NotPlaced,81.5,84.00000000000001,81.0,6
7.4,1,1,0,69,3.6,No,Yes,55,70,NotPlaced,62.5,72.0,70.5,2
7.4,1,2,1,77,4.3,No,Yes,55,64,NotPlaced,59.5,86.0,81.5,4
8.7,1,3,1,90,4.7,Yes,Yes,83,88,Placed,85.5,94.0,92.0,5
8.1,1,2,1,77,4.4,No,Yes,55,68,NotPlaced,61.5,88.00000000000001,82.5,4
8.5,1,2,2,90,4.8,Yes,Yes,80,83,Placed,81.5,96.0,93.0,5
8.0,0,1,1,86,4.0,No,Yes,55,74,NotPlaced,64.5,80.0,83.0,2
8.0,2,3,2,90,4.7,Yes,Yes,74,87,NotPlaced,80.5,94.0,92.0,7
8.5,2,2,1,87,4.4,Yes,Yes,81,82,Placed,81.5,88.00000000000001,87.5,5
7.6,1,3,0,81,4.2,No,Yes,83,69,Placed,76.0,84.00000000000001,82.5,4
7.8,1,3,0,76,4.7,Yes,Yes,57,82,Placed,69.5,94.0,85.0,4
8.8,0,3,0,90,4.4,Yes,Yes,78,85,NotPlaced,81.5,88.00000000000001,89.0,3
6.5,1,3,1,87,4.7,No,Yes,55,67,NotPlaced,61.0,94.0,90.5,5
7.7,0,3,0,90,4.8,Yes,Yes,76,80,NotPlaced,78.0,96.0,93.0,3
6.7,1,1,1,77,4.7,Yes,No,69,70,NotPlaced,69.5,94.0,85.5,3
7.6,1,2,0,77,4.0,No,Yes,66,73,NotPlaced,69.5,80.0,78.5,3
7.4,0,1,0,77,3.8,Yes,Yes,58,66,NotPlaced,62.0,76.0,76.5,1
8.3,2,3,2,90,4.8,Yes,Yes,77,86,Placed,81.5,96.0,93.0,7
7.6,1,1,0,81,4.2,Yes,No,55,82,NotPlaced,68.5,84.00000000000001,82.5,2
7.6,1,2,1,90,3.8,Yes,Yes,74,86,NotPlaced,80.0,76.0,83.0,4
8.0,0,3,2,81,4.5,Yes,Yes,85,88,Placed,86.5,90.0,85.5,5
7.8,1,2,0,76,4.0,Yes,Yes,63,88,NotPlaced,75.5,80.0,78.0,3
8.5,0,2,0,89,4.5,Yes,Yes,70,83,NotPlaced,76.5,90.0,89.5,2
7.5,1,1,0,87,4.6,No,No,58,65,Placed,61.5,92.0,89.5,2
6.5,0,1,0,66,3.5,No,No,61,66,NotPlaced,63.5,70.0,68.0,1
7.1,1,1,2,73,4.2,Yes,No,78,62,NotPlaced,70.0,84.00000000000001,78.5,4
8.2,2,3,2,90,4.8,Yes,Yes,84,88,Placed,86.0,96.0,93.0,7
6.8,0,1,0,86,4.0,No,No,55,71,NotPlaced,63.0,80.0,83.0,1
7.6,1,3,2,90,4.8,Yes,Yes,60,83,NotPlaced,71.5,96.0,93.0,6
8.3,1,3,0,88,4.8,Yes,Yes,73,85,Placed,79.0,96.0,92.0,4
6.5,0,2,0,75,4.3,No,Yes,82,70,NotPlaced,76.0,86.0,80.5,2
7.8,0,3,3,71,4.8,Yes,Yes,72,66,Placed,69.0,96.0,83.5,6
8.5,1,1,0,79,4.1,Yes,Yes,75,66,NotPlaced,70.5,82.0,80.5,2
8.6,2,3,2,89,4.8,Yes,Yes,86,86,Placed,86.0,96.0,92.5,7
7.0,1,1,0,65,3.8,No,No,62,63,NotPlaced,62.5,76.0,70.5,2
8.2,2,3,2,89,4.0,Yes,No,77,82,Placed,79.5,80.0,84.5,7
8.4,1,3,2,90,4.8,Yes,Yes,72,87,Placed,79.5,96.0,93.0,6
8.0,2,3,2,83,4.5,Yes,Yes,79,87,Placed,83.0,90.0,86.5,7
7.5,2,1,0,77,4.3,No,No,69,69,NotPlaced,69.0,86.0,81.5,3
6.5,2,2,0,68,4.0,Yes,No,69,69,NotPlaced,69.0,80.0,74.0,4
8.5,2,3,0,87,4.8,Yes,Yes,74,86,Placed,80.0,96.0,91.5,5
8.2,1,1,0,73,4.5,No,Yes,55,68,NotPlaced,61.5,90.0,81.5,2
8.4,1,1,0,80,4.6,No,Yes,71,72,Placed,71.5,92.0,86.0,2
8.2,1,3,1,86,4.5,No,Yes,65,82,Placed,73.5,90.0,88.0,5
6.9,1,3,2,78,3.8,Yes,Yes,75,74,NotPlaced,74.5,76.0,77.0,6
8.0,2,3,2,90,4.7,Yes,Yes,79,83,Placed,81.0,94.0,92.0,7
7.8,2,1,1,78,4.1,Yes,Yes,62,61,Placed,61.5,82.0,80.0,4
7.6,1,3,1,75,3.9,Yes,Yes,81,66,Placed,73.5,78.0,76.5,5
8.4,1,2,0,77,4.1,No,No,56,62,NotPlaced,59.0,82.0,79.5,3
7.5,1,1,0,65,3.3,Yes,Yes,55,64,NotPlaced,59.5,65.99999999999999,65.5,2
8.2,2,3,2,90,4.8,Yes,Yes,86,76,Placed,81.0,96.0,93.0,7
7.7,1,3,2,90,4.0,Yes,Yes,80,86,Placed,83.0,80.0,85.0,6
7.6,1,3,2,90,4.8,Yes,Yes,72,71,Placed,71.5,96.0,93.0,6
8.6,2,3,2,90,4.8,Yes,Yes,80,82,Placed,81.0,96.0,93.0,7
7.6,1,3,0,79,4.5,No,No,73,65,NotPlaced,69.0,90.0,84.5,4
8.4,2,3,2,87,4.7,Yes,Yes,55,75,Placed,65.0,94.0,90.5,7
6.9,0,2,0,65,3.6,No,No,55,67,NotPlaced,61.0,72.0,68.5,2
7.4,0,1,1,65,4.1,No,Yes,58,69,NotPlaced,63.5,82.0,73.5,2
6.6,1,1,0,77,4.2,No,No,64,59,NotPlaced,61.5,84.00000000000001,80.5,2
8.4,1,2,2,89,4.8,Yes,Yes,64,79,Placed,71.5,96.0,92.5,5
6.6,1,1,0,80,4.2,No,Yes,74,72,NotPlaced,73.0,84.00000000000001,82.0,2
7.3,1,3,0,81,4.8,Yes,Yes,56,66,Placed,61.0,96.0,88.5,4
8.2,1,3,1,85,4.7,Yes,Yes,76,83,Placed,79.5,94.0,89.5,5
8.2,2,2,2,90,4.6,Yes,Yes,68,87,Placed,77.5,92.0,91.0,6
6.5,0,2,0,84,4.8,No,No,68,69,NotPlaced,68.5,96.0,90.0,2
7.4,1,1,1,79,4.3,Yes,Yes,61,68,NotPlaced,64.5,86.0,82.5,3
8.8,2,2,0,83,4.4,Yes,Yes,68,84,NotPlaced,76.0,88.00000000000001,85.5,4
6.6,0,1,2,81,4.0,No,Yes,64,71,NotPlaced,67.5,80.0,80.5,3
8.2,1,2,0,90,4.3,Yes,No,84,80,Placed,82.0,86.0,88.0,3
7.5,1,1,1,84,4.4,Yes,Yes,64,68,Placed,66.0,88.00000000000001,86.0,3
7.5,1,1,0,78,4.4,Yes,Yes,77,88,NotPlaced,82.5,88.00000000000001,83.0,2
8.1,2,3,2,90,4.5,Yes,Yes,81,84,Placed,82.5,90.0,90.0,7
8.2,0,2,0,67,3.6,No,No,64,70,NotPlaced,67.0,72.0,69.5,2
8.2,2,3,2,90,4.8,Yes,No,83,86,Placed,84.5,96.0,93.0,7
8.5,1,3,0,75,4.8,Yes,Yes,78,64,NotPlaced,71.0,96.0,85.5,4
8.5,1,3,2,90,4.3,Yes,Yes,76,84,Placed,80.0,86.0,88.0,6
7.2,1,2,1,65,4.4,No,No,55,74,NotPlaced,64.5,88.00000000000001,76.5,4
8.1,0,2,0,82,4.2,Yes,No,68,75,Placed,71.5,84.00000000000001,83.0,2
8.3,0,3,2,90,4.8,Yes,Yes,85,85,Placed,85.0,96.0,93.0,5
8.6,1,3,2,85,4.8,Yes,Yes,82,84,Placed,83.0,96.0,90.5,6
8.2,2,3,2,90,4.8,Yes,Yes,73,84,Placed,78.5,96.0,93.0,7
6.5,2,1,3,81,4.2,Yes,No,55,68,NotPlaced,61.5,84.00000000000001,82.5,6
6.7,1,1,0,67,4.6,No,Yes,57,64,NotPlaced,60.5,92.0,79.5,2
7.9,2,1,0,88,4.5,Yes,Yes,73,78,NotPlaced,75.5,90.0,89.0,3
8.0,1,3,2,90,4.5,Yes,Yes,87,70,Placed,78.5,90.0,90.0,6
8.2,1,3,0,86,4.5,Yes,Yes,63,72,Placed,67.5,90.0,88.0,4
6.7,2,2,1,71,4.4,No,No,55,67,NotPlaced,61.0,88.00000000000001,79.5,5
7.6,1,1,0,62,3.4,No,No,67,70,NotPlaced,68.5,68.0,65.0,2
7.4,0,1,0,71,3.7,No,No,55,64,NotPlaced,59.5,74.0,72.5,1
8.1,2,1,1,78,4.4,Yes,Yes,77,67,NotPlaced,72.0,88.00000000000001,83.0,4
7.9,2,3,2,84,4.0,Yes,No,88,81,NotPlaced,84.5,80.0,82.0,7
8.8,2,3,2,90,4.8,Yes,Yes,66,85,Placed,75.5,96.0,93.0,7
7.5,1,2,1,73,4.4,No,Yes,69,79,NotPlaced,74.0,88.00000000000001,80.5,4
8.7,1,3,0,90,4.5,Yes,Yes,82,85,Placed,83.5,90.0,90.0,4
7.2,2,3,0,85,4.8,No,Yes,79,82,NotPlaced,80.5,96.0,90.5,5
7.4,1,1,0,87,3.2,No,No,61,72,NotPlaced,66.5,64.0,75.5,2
6.5,1,2,0,72,4.3,Yes,Yes,65,68,Placed,66.5,86.0,79.0,3
7.8,2,3,0,78,4.8,Yes,No,74,82,Placed,78.0,96.0,87.0,5
6.8,1,1,1,77,3.3,No,Yes,55,58,NotPlaced,56.5,65.99999999999999,71.5,3
8.0,2,1,2,78,4.4,No,Yes,80,66,Placed,73.0,88.00000000000001,83.0,5
8.7,1,3,3,87,4.7,Yes,Yes,68,84,Placed,76.0,94.0,90.5,7
6.5,1,1,0,74,3.9,Yes,Yes,55,72,NotPlaced,63.5,78.0,76.0,2
7.3,1,2,0,80,3.7,No,Yes,55,69,Placed,62.0,74.0,77.0,3
6.8,0,1,0,84,4.0,No,Yes,80,69,NotPlaced,74.5,80.0,82.0,1
7.5,2,3,3,86,4.1,Yes,Yes,69,86,NotPlaced,77.5,82.0,84.0,8
7.7,2,1,0,65,3.5,Yes,No,64,62,NotPlaced,63.0,70.0,67.5,3
7.3,1,1,0,72,3.7,No,No,60,85,NotPlaced,72.5,74.0,73.0,2
6.8,1,1,1,80,3.5,No,Yes,64,70,NotPlaced,67.0,70.0,75.0,3
7.5,1,2,1,76,4.1,Yes,Yes,55,62,NotPlaced,58.5,82.0,79.0,4
6.6,2,1,2,90,4.8,Yes,No,84,67,NotPlaced,75.5,96.0,93.0,5
7.4,0,2,0,69,4.2,No,Yes,59,62,NotPlaced,60.5,84.00000000000001,76.5,2
7.4,1,3,0,84,4.1,Yes,Yes,55,73,NotPlaced,64.0,82.0,83.0,4
8.0,2,2,2,85,4.7,Yes,Yes,75,84,Placed,79.5,94.0,89.5,6
7.5,1,1,0,84,4.7,Yes,Yes,79,85,Placed,82.0,94.0,89.0,2
7.6,0,1,1,77,4.6,No,Yes,55,68,NotPlaced,61.5,92.0,84.5,2
8.2,2,3,2,90,4.8,Yes,Yes,79,79,Placed,79.0,96.0,93.0,7
8.0,2,3,2,89,3.7,No,Yes,81,83,Placed,82.0,74.0,81.5,7
8.4,2,2,3,82,4.3,Yes,No,75,83,NotPlaced,79.0,86.0,84.0,7
7.6,1,1,0,88,3.9,No,Yes,55,68,NotPlaced,61.5,78.0,83.0,2
6.5,0,2,0,90,4.5,No,No,55,64,NotPlaced,59.5,90.0,90.0,2
7.8,2,3,2,90,4.8,Yes,Yes,87,84,Placed,85.5,96.0,93.0,7
7.4,0,1,0,73,4.1,No,No,63,72,NotPlaced,67.5,82.0,77.5,1
8.5,2,3,2,90,4.8,Yes,Yes,82,87,Placed,84.5,96.0,93.0,7
7.6,1,2,0,73,3.7,No,Yes,67,61,NotPlaced,64.0,74.0,73.5,3
7.6,1,1,1,71,4.1,Yes,Yes,62,79,NotPlaced,70.5,82.0,76.5,3
8.2,1,2,2,90,4.8,Yes,Yes,71,88,Placed,79.5,96.0,93.0,5
8.4,2,3,2,90,4.8,Yes,Yes,73,88,Placed,80.5,96.0,93.0,7
6.9,1,1,0,76,4.0,No,Yes,77,76,NotPlaced,76.5,80.0,78.0,2
6.5,1,1,0,68,4.0,Yes,No,69,66,NotPlaced,67.5,80.0,74.0,2
7.6,2,3,2,77,4.8,Yes,Yes,79,77,NotPlaced,78.0,96.0,86.5,7
7.4,1,0,2,73,4.2,No,Yes,90,72,NotPlaced,81.0,84.00000000000001,78.5,3
6.5,1,1,0,72,4.0,No,No,64,71,NotPlaced,67.5,80.0,76.0,2
8.3,1,3,1,90,4.8,Yes,Yes,71,84,NotPlaced,77.5,96.0,93.0,5
7.4,1,3,0,77,4.8,No,Yes,56,68,NotPlaced,62.0,96.0,86.5,4
7.7,1,1,1,66,3.9,No,No,55,65,NotPlaced,60.0,78.0,72.0,3
7.4,1,3,2,74,4.1,Yes,Yes,79,81,Placed,80.0,82.0,78.0,6
6.6,0,3,0,84,4.8,Yes,Yes,78,73,Placed,75.5,96.0,90.0,3
8.3,1,1,1,70,4.3,No,No,58,67,NotPlaced,62.5,86.0,78.0,3
8.3,2,3,2,90,4.6,Yes,Yes,78,79,Placed,78.5,92.0,91.0,7
7.9,1,3,0,64,4.1,Yes,Yes,56,70,NotPlaced,63.0,82.0,73.0,4
8.1,1,3,2,90,4.8,Yes,Yes,85,82,Placed,83.5,96.0,93.0,6
8.0,1,1,2,79,4.6,No,No,58,70,NotPlaced,64.0,92.0,85.5,4
7.9,0,3,2,82,4.4,Yes,Yes,74,83,Placed,78.5,88.00000000000001,85.0,5
7.6,2,1,0,84,4.4,Yes,No,55,83,NotPlaced,69.0,88.00000000000001,86.0,3
7.5,1,1,3,77,4.4,No,Yes,55,64,NotPlaced,59.5,88.00000000000001,82.5,5
8.4,1,2,1,87,3.6,No,Yes,55,57,NotPlaced,56.0,72.0,79.5,4
8.3,0,1,1,73,4.3,No,Yes,59,71,Placed,65.0,86.0,79.5,2
6.5,1,1,0,74,3.5,No,Yes,64,69,NotPlaced,66.5,70.0,72.0,2
7.7,1,3,2,90,4.8,Yes,Yes,77,81,Placed,79.0,96.0,93.0,6
8.1,0,2,1,85,4.8,Yes,No,87,80,NotPlaced,83.5,96.0,90.5,3
6.5,1,1,0,84,4.0,No,Yes,62,75,NotPlaced,68.5,80.0,82.0,2
8.3,2,3,0,83,4.8,Yes,Yes,84,79,Placed,81.5,96.0,89.5,5
7.3,1,2,0,82,4.4,Yes,No,55,65,NotPlaced,60.0,88.00000000000001,85.0,3
7.5,1,1,1,67,4.0,No,No,55,71,NotPlaced,63.0,80.0,73.5,3
7.7,1,2,0,82,4.4,No,Yes,55,69,NotPlaced,62.0,88.00000000000001,85.0,3
7.7,0,1,2,68,4.2,Yes,No,75,71,NotPlaced,73.0,84.00000000000001,76.0,3
8.2,1,3,0,90,4.4,No,Yes,70,84,NotPlaced,77.0,88.00000000000001,89.0,4
8.7,2,1,2,81,4.5,Yes,Yes,80,80,NotPlaced,80.0,90.0,85.5,5
6.5,1,1,1,70,4.3,No,No,55,75,NotPlaced,65.0,86.0,78.0,3
6.7,1,2,0,72,4.3,No,Yes,55,72,NotPlaced,63.5,86.0,79.0,3
8.0,2,2,3,82,4.0,Yes,Yes,59,82,Placed,70.5,80.0,81.0,7
7.1,0,1,0,71,3.8,No,No,55,61,NotPlaced,58.0,76.0,73.5,1
7.4,1,1,1,75,3.5,No,No,68,83,NotPlaced,75.5,70.0,72.5,3
7.2,0,1,1,75,4.1,No,No,63,80,NotPlaced,71.5,82.0,78.5,2
8.4,1,3,0,86,4.7,Yes,Yes,79,84,Placed,81.5,94.0,90.0,4
8.3,2,2,2,85,4.8,Yes,Yes,76,88,Placed,82.0,96.0,90.5,6
7.7,1,2,0,77,3.9,No,Yes,69,79,NotPlaced,74.0,78.0,77.5,3
6.8,1,2,1,79,4.6,No,No,63,78,NotPlaced,70.5,92.0,85.5,4
8.2,1,3,0,80,4.6,Yes,Yes,81,71,Placed,76.0,92.0,86.0,4
8.2,2,3,2,81,4.8,Yes,Yes,81,83,Placed,82.0,96.0,88.5,7
8.3,2,3,2,90,4.7,Yes,Yes,63,87,Placed,75.0,94.0,92.0,7
7.6,1,2,1,77,4.6,No,Yes,72,69,NotPlaced,70.5,92.0,84.5,4
8.6,1,3,2,88,4.8,Yes,Yes,79,88,Placed,83.5,96.0,92.0,6
8.0,1,1,2,82,4.8,No,No,69,68,NotPlaced,68.5,96.0,89.0,4
7.6,1,1,1,88,4.0,No,Yes,59,61,NotPlaced,60.0,80.0,84.0,3
8.2,1,1,0,76,4.8,No,Yes,82,82,Placed,82.0,96.0,86.0,2
6.5,0,1,0,64,3.9,No,Yes,62,66,NotPlaced,64.0,78.0,71.0,1
7.6,2,3,2,90,4.8,Yes,Yes,81,84,Placed,82.5,96.0,93.0,7
8.4,0,3,2,90,4.8,Yes,Yes,75,83,Placed,79.0,96.0,93.0,5
6.5,1,1,1,62,3.5,No,No,55,73,NotPlaced,64.0,70.0,66.0,3
7.5,2,2,0,72,4.2,Yes,Yes,77,86,Placed,81.5,84.00000000000001,78.0,4
8.5,2,2,2,85,4.5,Yes,Yes,68,86,NotPlaced,77.0,90.0,87.5,6
7.6,1,2,0,77,4.1,No,Yes,55,58,NotPlaced,56.5,82.0,79.5,3
8.5,1,2,0,89,4.8,Yes,Yes,74,82,Placed,78.0,96.0,92.5,3
7.5,0,1,0,76,4.0,No,Yes,55,86,NotPlaced,70.5,80.0,78.0,1
6.6,2,3,2,79,4.4,Yes,Yes,82,83,Placed,82.5,88.00000000000001,83.5,7
8.0,2,1,1,77,3.8,No,Yes,83,64,NotPlaced,73.5,76.0,76.5,4
6.6,1,1,0,71,3.1,No,Yes,64,67,NotPlaced,65.5,62.0,66.5,2
7.5,1,1,1,72,3.8,No,Yes,55,68,NotPlaced,61.5,76.0,74.0,3
8.5,2,3,2,90,4.8,Yes,Yes,79,88,Placed,83.5,96.0,93.0,7
6.8,2,2,0,76,4.2,No,Yes,59,65,NotPlaced,62.0,84.00000000000001,80.0,4
8.1,2,3,3,90,4.7,Yes,No,83,82,NotPlaced,82.5,94.0,92.0,8
7.6,1,3,0,87,3.9,No,Yes,66,84,NotPlaced,75.0,78.0,82.5,4
6.8,1,1,0,60,3.5,No,Yes,55,57,NotPlaced,56.0,70.0,65.0,2
7.7,1,1,1,67,3.7,No,No,55,68,NotPlaced,61.5,74.0,70.5,3
8.1,1,3,0,88,4.8,Yes,Yes,75,83,Placed,79.0,96.0,92.0,4
7.4,1,1,0,85,3.9,No,Yes,62,68,NotPlaced,65.0,78.0,81.5,2
7.4,1,1,0,81,4.3,Yes,Yes,67,70,NotPlaced,68.5,86.0,83.5,2
7.6,0,1,0,72,3.6,No,No,55,61,NotPlaced,58.0,72.0,72.0,1
7.9,1,1,0,70,4.3,Yes,Yes,73,68,NotPlaced,70.5,86.0,78.0,2
8.2,1,3,0,90,4.8,Yes,Yes,82,72,Placed,77.0,96.0,93.0,4
7.6,1,2,0,66,4.5,No,Yes,55,76,NotPlaced,65.5,90.0,78.0,3
6.5,1,3,0,82,4.7,Yes,Yes,55,82,Placed,68.5,94.0,88.0,4
6.5,2,3,0,76,3.8,No,Yes,86,70,NotPlaced,78.0,76.0,76.0,5
7.6,1,1,0,64,3.4,No,No,55,59,NotPlaced,57.0,68.0,66.0,2
8.3,1,2,1,77,3.5,No,Yes,65,68,NotPlaced,66.5,70.0,73.5,4
6.5,2,3,2,87,4.8,Yes,Yes,71,84,Placed,77.5,96.0,91.5,7
6.8,1,2,0,83,4.3,No,No,57,64,NotPlaced,60.5,86.0,84.5,3
7.6,0,3,0,80,4.4,Yes,Yes,83,74,NotPlaced,78.5,88.00000000000001,84.0,3
8.0,1,1,2,78,4.3,Yes,No,67,69,NotPlaced,68.0,86.0,82.0,4
8.2,2,3,2,90,4.8,Yes,Yes,82,84,Placed,83.0,96.0,93.0,7
6.5,0,1,0,66,3.8,No,No,55,62,NotPlaced,58.5,76.0,71.0,1
8.3,2,3,2,90,4.8,Yes,Yes,78,84,Placed,81.0,96.0,93.0,7
7.3,1,1,0,74,4.3,No,No,57,69,NotPlaced,63.0,86.0,80.0,2
7.8,1,1,1,76,4.8,No,No,59,70,NotPlaced,64.5,96.0,86.0,3
7.8,1,1,1,77,4.1,No,No,69,68,NotPlaced,68.5,82.0,79.5,3
8.6,1,3,2,85,4.8,Yes,Yes,78,85,Placed,81.5,96.0,90.5,6
6.5,1,2,3,81,4.2,No,Yes,57,67,NotPlaced,62.0,84.00000000000001,82.5,6
6.9,1,1,1,81,4.0,No,Yes,70,70,Placed,70.0,80.0,80.5,3
6.5,1,2,1,68,4.3,Yes,Yes,73,74,NotPlaced,73.5,86.0,77.0,4
8.5,2,2,2,90,4.8,Yes,Yes,78,77,Placed,77.5,96.0,93.0,6
8.1,1,2,2,84,4.5,Yes,Yes,62,84,Placed,73.0,90.0,87.0,5
6.7,0,1,0,76,4.2,Yes,Yes,62,66,NotPlaced,64.0,84.00000000000001,80.0,1
7.4,2,3,1,81,4.8,Yes,Yes,71,78,NotPlaced,74.5,96.0,88.5,6
7.6,1,1,2,81,4.8,No,No,84,67,NotPlaced,75.5,96.0,88.5,4
7.7,0,1,1,67,4.4,No,No,55,61,NotPlaced,58.0,88.00000000000001,77.5,2
8.0,2,3,2,90,4.5,Yes,Yes,85,82,Placed,83.5,90.0,90.0,7
8.1,2,3,2,90,4.7,Yes,Yes,78,82,Placed,80.0,94.0,92.0,7
6.5,2,1,1,78,3.5,No,Yes,61,67,NotPlaced,64.0,70.0,74.0,4
8.4,2,2,0,79,4.6,No,Yes,65,86,Placed,75.5,92.0,85.5,4
7.4,1,2,1,69,4.6,No,Yes,55,68,NotPlaced,61.5,92.0,80.5,4
7.5,0,2,1,73,3.6,No,Yes,55,65,NotPlaced,60.0,72.0,72.5,3
8.1,2,3,1,90,4.7,Yes,No,74,84,Placed,79.0,94.0,92.0,6
7.6,0,2,0,61,3.8,No,Yes,55,67,NotPlaced,61.0,76.0,68.5,2
7.0,1,1,0,76,4.8,Yes,No,70,63,Placed,66.5,96.0,86.0,2
6.8,1,1,0,72,4.2,No,Yes,60,68,NotPlaced,64.0,84.00000000000001,78.0,2
7.8,2,2,1,79,4.6,Yes,No,79,71,NotPlaced,75.0,92.0,85.5,5
8.5,0,3,0,90,4.8,Yes,Yes,79,82,Placed,80.5,96.0,93.0,3
6.5,1,1,0,66,4.8,Yes,No,60,64,NotPlaced,62.0,96.0,81.0,2
8.5,0,1,0,73,4.3,Yes,Yes,73,67,NotPlaced,70.0,86.0,79.5,1
8.5,1,1,2,85,4.3,Yes,Yes,57,61,NotPlaced,59.0,86.0,85.5,4
8.5,2,3,2,90,4.8,Yes,Yes,83,88,Placed,85.5,96.0,93.0,7
6.5,1,2,0,86,4.4,Yes,Yes,55,66,NotPlaced,60.5,88.00000000000001,87.0,3
6.6,1,1,0,74,3.6,No,No,55,67,NotPlaced,61.0,72.0,73.0,2
8.5,1,3,0,88,4.7,Yes,Yes,76,83,Placed,79.5,94.0,91.0,4
6.8,1,3,0,80,3.9,Yes,No,60,70,NotPlaced,65.0,78.0,79.0,4
8.3,2,3,2,84,4.7,Yes,Yes,68,80,Placed,74.0,94.0,89.0,7
8.4,1,3,0,73,4.5,Yes,Yes,82,83,NotPlaced,82.5,90.0,81.5,4
8.4,1,1,2,76,3.7,No,Yes,55,60,NotPlaced,57.5,74.0,75.0,4
8.5,0,3,0,90,4.8,Yes,Yes,55,86,Placed,70.5,96.0,93.0,3
6.5,1,1,0,71,4.3,Yes,Yes,62,70,NotPlaced,66.0,86.0,78.5,2
8.3,1,3,2,82,4.3,Yes,Yes,61,66,NotPlaced,63.5,86.0,84.0,6
8.4,1,1,1,70,4.2,No,No,62,68,NotPlaced,65.0,84.00000000000001,77.0,3
8.1,2,3,0,87,4.4,Yes,Yes,69,78,Placed,73.5,88.00000000000001,87.5,5
7.3,1,2,1,61,4.7,Yes,Yes,68,72,NotPlaced,70.0,94.0,77.5,4
7.5,0,1,0,81,4.2,No,No,67,60,NotPlaced,63.5,84.00000000000001,82.5,1
7.4,0,2,1,75,4.1,No,Yes,78,65,Placed,71.5,82.0,78.5,3
7.7,1,3,2,78,4.6,Yes,Yes,83,81,NotPlaced,82.0,92.0,85.0,6
6.6,1,1,0,83,4.4,No,No,55,62,NotPlaced,58.5,88.00000000000001,85.5,2
7.9,1,3,0,82,4.7,Yes,No,57,72,NotPlaced,64.5,94.0,88.0,4
8.4,0,2,2,87,4.3,Yes,Yes,77,67,NotPlaced,72.0,86.0,86.5,4
8.0,1,2,1,78,3.6,Yes,Yes,79,83,NotPlaced,81.0,72.0,75.0,4
8.0,0,3,2,90,4.1,Yes,Yes,59,86,NotPlaced,72.5,82.0,86.0,5
8.3,1,3,2,90,4.8,Yes,Yes,75,85,Placed,80.0,96.0,93.0,6
7.8,0,1,0,74,4.5,No,No,55,69,NotPlaced,62.0,90.0,82.0,1
7.8,1,2,1,68,3.9,No,No,61,63,NotPlaced,62.0,78.0,73.0,4
7.6,1,1,2,89,4.8,No,Yes,76,86,NotPlaced,81.0,96.0,92.5,4
6.6,1,2,0,81,4.5,Yes,Yes,62,64,Placed,63.0,90.0,85.5,3
7.4,0,3,1,83,4.3,Yes,Yes,82,68,Placed,75.0,86.0,84.5,4
7.6,1,3,2,90,4.8,Yes,Yes,74,83,NotPlaced,78.5,96.0,93.0,6
6.6,0,1,2,81,4.3,No,Yes,67,72,NotPlaced,69.5,86.0,83.5,3
8.3,1,1,0,90,4.3,Yes,Yes,77,80,NotPlaced,78.5,86.0,88.0,2
8.5,0,1,1,64,3.8,Yes,No,56,81,NotPlaced,68.5,76.0,70.0,2
7.4,1,2,1,61,4.4,Yes,Yes,62,69,Placed,65.5,88.00000000000001,74.5,4
8.3,2,3,2,90,4.8,Yes,Yes,84,88,Placed,86.0,96.0,93.0,7
7.7,1,1,0,82,3.8,Yes,Yes,82,87,Placed,84.5,76.0,79.0,2
8.2,2,3,0,76,4.2,Yes,Yes,72,67,Placed,69.5,84.00000000000001,80.0,5
8.1,2,3,2,90,4.8,Yes,Yes,75,84,Placed,79.5,96.0,93.0,7
8.3,2,3,3,89,4.8,Yes,No,74,77,NotPlaced,75.5,96.0,92.5,8
7.7,1,1,1,76,4.6,Yes,Yes,59,82,NotPlaced,70.5,92.0,84.0,3
8.3,1,3,2,89,4.8,Yes,Yes,81,85,Placed,83.0,96.0,92.5,6
7.5,0,3,2,85,4.5,No,Yes,75,73,Placed,74.0,90.0,87.5,5
8.3,0,3,0,86,4.3,Yes,No,56,65,NotPlaced,60.5,86.0,86.0,3
8.0,1,3,1,75,4.2,Yes,Yes,76,84,NotPlaced,80.0,84.00000000000001,79.5,5
7.5,1,2,0,66,4.2,No,Yes,55,65,NotPlaced,60.0,84.00000000000001,75.0,3
8.0,1,1,0,90,4.4,No,Yes,74,62,NotPlaced,68.0,88.00000000000001,89.0,2
7.7,2,2,2,85,4.7,Yes,Yes,83,82,Placed,82.5,94.0,89.5,6
8.1,1,3,0,87,4.7,Yes,Yes,83,85,Placed,84.0,94.0,90.5,4
7.3,1,1,0,83,3.7,No,No,55,62,NotPlaced,58.5,74.0,78.5,2
6.5,0,2,1,81,4.8,Yes,Yes,55,69,NotPlaced,62.0,96.0,88.5,3
7.3,1,1,0,70,4.3,No,Yes,63,76,NotPlaced,69.5,86.0,78.0,2
7.8,0,2,2,80,3.9,Yes,Yes,55,67,NotPlaced,61.0,78.0,79.0,4
6.7,0,1,0,78,3.0,No,No,55,65,NotPlaced,60.0,60.0,69.0,1
7.5,1,1,1,66,4.1,No,Yes,56,69,NotPlaced,62.5,82.0,74.0,3
7.6,2,3,1,87,4.4,No,No,63,65,NotPlaced,64.0,88.00000000000001,87.5,6
6.8,1,1,0,68,4.2,No,Yes,55,63,NotPlaced,59.0,84.00000000000001,76.0,2
7.2,1,3,3,88,4.6,No,Yes,76,84,Placed,80.0,92.0,90.0,7
7.4,1,1,1,73,3.6,No,Yes,62,63,NotPlaced,62.5,72.0,72.5,3
8.0,2,3,0,88,4.5,Yes,No,77,84,NotPlaced,80.5,90.0,89.0,5
7.3,1,1,1,74,4.8,No,No,55,66,NotPlaced,60.5,96.0,85.0,3
6.5,1,1,0,86,4.2,Yes,Yes,65,65,NotPlaced,65.0,84.00000000000001,85.0,2
8.5,2,3,2,87,4.6,Yes,Yes,73,86,Placed,79.5,92.0,89.5,7
6.6,1,1,0,73,4.5,Yes,No,72,66,NotPlaced,69.0,90.0,81.5,2
8.4,1,2,0,90,4.8,Yes,Yes,78,86,Placed,82.0,96.0,93.0,3
8.4,1,3,1,85,4.8,Yes,Yes,55,80,NotPlaced,67.5,96.0,90.5,5
8.3,0,1,2,81,4.4,Yes,Yes,76,81,Placed,78.5,88.00000000000001,84.5,3
6.6,1,1,0,78,4.6,No,Yes,55,67,NotPlaced,61.0,92.0,85.0,2
7.7,2,2,0,71,4.0,No,Yes,55,72,Placed,63.5,80.0,75.5,4
8.5,1,3,2,86,4.5,Yes,Yes,89,77,Placed,83.0,90.0,88.0,6
7.7,1,2,0,74,4.7,Yes,Yes,69,71,Placed,70.0,94.0,84.0,3
8.5,0,3,2,90,4.6,No,Yes,74,72,Placed,73.0,92.0,91.0,5
7.5,0,1,1,74,4.0,No,Yes,55,69,NotPlaced,62.0,80.0,77.0,2
8.4,2,3,2,90,4.5,Yes,Yes,75,80,Placed,77.5,90.0,90.0,7
6.6,1,2,0,70,4.0,No,No,55,62,NotPlaced,58.5,80.0,75.0,3
8.6,2,3,2,90,4.8,Yes,Yes,81,87,Placed,84.0,96.0,93.0,7
8.7,2,3,2,90,4.8,Yes,Yes,79,87,Placed,83.0,96.0,93.0,7
8.2,2,3,2,87,4.8,Yes,Yes,72,88,Placed,80.0,96.0,91.5,7
8.0,2,3,2,90,4.7,Yes,Yes,78,80,Placed,79.0,94.0,92.0,7
8.4,0,1,1,64,3.6,Yes,Yes,64,65,NotPlaced,64.5,72.0,68.0,2
8.2,0,3,1,90,4.8,Yes,No,61,75,NotPlaced,68.0,96.0,93.0,4
7.5,1,1,0,71,3.6,No,No,60,65,NotPlaced,62.5,72.0,71.5,2
8.5,2,3,2,90,4.7,Yes,Yes,74,86,Placed,80.0,94.0,92.0,7
7.8,1,3,1,89,4.8,Yes,Yes,75,85,Placed,80.0,96.0,92.5,5
7.7,0,1,0,83,4.7,Yes,Yes,78,84,NotPlaced,81.0,94.0,88.5,1
8.3,1,2,0,80,3.6,No,Yes,72,63,NotPlaced,67.5,72.0,76.0,3
7.1,1,3,1,77,4.2,Yes,Yes,62,60,NotPlaced,61.0,84.00000000000001,80.5,5
7.2,1,2,2,75,4.2,No,Yes,65,69,NotPlaced,67.0,84.00000000000001,79.5,5
8.0,2,3,2,90,4.8,Yes,Yes,81,87,Placed,84.0,96.0,93.0,7
7.9,2,3,2,84,4.7,Yes,Yes,72,86,Placed,79.0,94.0,89.0,7
7.8,1,3,2,78,4.8,Yes,No,84,66,NotPlaced,75.0,96.0,87.0,6
7.9,1,1,0,89,4.5,Yes,Yes,78,81,Placed,79.5,90.0,89.5,2
6.7,1,1,0,73,3.5,Yes,Yes,55,63,NotPlaced,59.0,70.0,71.5,2
8.1,0,3,2,82,4.8,Yes,No,82,83,Placed,82.5,96.0,89.0,5
7.5,2,3,0,81,4.8,Yes,Yes,80,80,Placed,80.0,96.0,88.5,5
6.5,1,1,2,68,4.2,No,No,68,64,NotPlaced,66.0,84.00000000000001,76.0,4
7.5,0,1,0,65,3.9,No,No,55,65,NotPlaced,60.0,78.0,71.5,1
6.7,1,1,2,74,4.3,Yes,No,62,72,Placed,67.0,86.0,80.0,4
7.6,2,1,0,70,4.4,No,Yes,57,66,NotPlaced,61.5,88.00000000000001,79.0,3
6.8,1,1,0,82,4.6,No,Yes,58,75,Placed,66.5,92.0,87.0,2
7.8,2,2,2,80,4.6,Yes,Yes,90,79,Placed,84.5,92.0,86.0,6
7.6,1,1,0,60,3.6,No,No,55,64,NotPlaced,59.5,72.0,66.0,2
8.1,2,3,2,90,4.7,Yes,Yes,79,88,Placed,83.5,94.0,92.0,7
7.4,0,1,1,69,4.3,No,Yes,55,76,NotPlaced,65.5,86.0,77.5,2
7.6,1,1,0,63,3.3,No,No,63,72,NotPlaced,67.5,65.99999999999999,64.5,2
7.6,1,2,3,81,4.0,No,Yes,55,83,NotPlaced,69.0,80.0,80.5,6
8.3,1,3,2,85,4.7,Yes,Yes,71,86,NotPlaced,78.5,94.0,89.5,6
8.3,1,3,2,90,4.8,Yes,Yes,69,88,Placed,78.5,96.0,93.0,6
7.5,1,1,1,72,4.5,No,Yes,59,65,NotPlaced,62.0,90.0,81.0,3
7.5,1,1,1,77,4.4,Yes,No,70,67,NotPlaced,68.5,88.00000000000001,82.5,3
6.5,1,1,0,67,3.9,No,No,84,66,NotPlaced,75.0,78.0,72.5,2
7.7,1,1,0,65,3.9,No,No,55,72,NotPlaced,63.5,78.0,71.5,2
8.1,1,3,2,89,4.7,Yes,Yes,71,80,NotPlaced,75.5,94.0,91.5,6
7.5,0,1,1,66,4.1,Yes,Yes,58,67,NotPlaced,62.5,82.0,74.0,2
6.5,0,3,1,69,4.5,No,No,57,63,NotPlaced,60.0,90.0,79.5,4
6.5,1,1,0,60,3.5,No,Yes,59,74,NotPlaced,66.5,70.0,65.0,2
7.5,0,1,0,64,4.4,No,Yes,67,69,NotPlaced,68.0,88.00000000000001,76.0,1
8.2,1,3,2,88,4.8,Yes,Yes,75,82,Placed,78.5,96.0,92.0,6
8.1,1,2,2,83,4.8,Yes,Yes,81,82,Placed,81.5,96.0,89.5,5
7.4,1,2,0,71,4.6,No,No,63,68,NotPlaced,65.5,92.0,81.5,3
8.3,2,3,1,80,4.6,Yes,No,55,80,NotPlaced,67.5,92.0,86.0,6
8.0,1,1,1,80,4.2,No,Yes,74,68,NotPlaced,71.0,84.00000000000001,82.0,3
8.7,2,3,0,82,4.8,Yes,Yes,78,83,Placed,80.5,96.0,89.0,5
7.1,1,1,0,69,3.6,Yes,Yes,55,70,NotPlaced,62.5,72.0,70.5,2
7.3,1,1,0,69,3.7,No,Yes,56,70,NotPlaced,63.0,74.0,71.5,2
7.4,1,1,1,66,3.5,No,Yes,55,70,NotPlaced,62.5,70.0,68.0,3
7.7,1,2,1,70,4.8,Yes,Yes,74,85,NotPlaced,79.5,96.0,83.0,4
6.5,0,1,0,74,4.2,No,No,64,72,NotPlaced,68.0,84.00000000000001,79.0,1
8.9,2,3,2,90,4.8,Yes,Yes,72,84,Placed,78.0,96.0,93.0,7
8.2,1,3,0,80,4.3,Yes,Yes,79,68,Placed,73.5,86.0,83.0,4
8.1,0,2,0,84,4.0,Yes,Yes,68,69,NotPlaced,68.5,80.0,82.0,2
7.2,1,1,0,69,4.1,Yes,No,64,73,NotPlaced,68.5,82.0,75.5,2
7.9,0,3,1,82,4.0,No,Yes,82,67,Placed,74.5,80.0,81.0,4
6.5,1,2,0,61,4.5,No,No,75,68,NotPlaced,71.5,90.0,75.5,3
7.6,1,3,3,79,4.2,No,Yes,61,70,NotPlaced,65.5,84.00000000000001,81.5,7
8.2,2,3,2,85,4.0,Yes,Yes,85,88,Placed,86.5,80.0,82.5,7
6.8,1,1,1,64,3.3,No,No,55,68,NotPlaced,61.5,65.99999999999999,65.0,3
6.5,1,1,0,61,3.5,No,Yes,61,69,NotPlaced,65.0,70.0,65.5,2
7.7,1,1,1,75,3.5,No,No,71,66,Placed,68.5,70.0,72.5,3
7.6,1,2,1,67,4.6,No,Yes,61,67,NotPlaced,64.0,92.0,79.5,4
7.5,1,2,0,78,3.9,No,No,66,68,NotPlaced,67.0,78.0,78.0,3
6.5,1,1,1,73,4.5,No,No,55,59,NotPlaced,57.0,90.0,81.5,3
7.4,1,1,1,69,4.2,Yes,No,60,69,NotPlaced,64.5,84.00000000000001,76.5,3
8.0,1,2,1,82,4.8,Yes,Yes,79,80,Placed,79.5,96.0,89.0,4
7.5,2,3,0,84,4.5,Yes,Yes,71,68,NotPlaced,69.5,90.0,87.0,5
8.7,0,3,2,88,4.7,Yes,Yes,74,86,Placed,80.0,94.0,91.0,5
7.8,1,2,0,73,4.5,Yes,Yes,83,75,NotPlaced,79.0,90.0,81.5,3
7.4,1,1,0,69,3.9,No,No,62,74,NotPlaced,68.0,78.0,73.5,2
8.2,2,3,2,88,4.3,Yes,No,70,88,Placed,79.0,86.0,87.0,7
8.9,1,2,1,84,4.1,Yes,Yes,68,62,NotPlaced,65.0,82.0,83.0,4
7.5,1,2,2,78,4.5,No,Yes,75,70,Placed,72.5,90.0,84.0,5
7.1,1,1,1,71,4.2,Yes,Yes,65,69,NotPlaced,67.0,84.00000000000001,77.5,3
8.1,0,3,2,90,4.8,Yes,Yes,79,86,Placed,82.5,96.0,93.0,5
7.5,0,1,2,72,4.4,No,Yes,55,69,NotPlaced,62.0,88.00000000000001,80.0,3
7.7,1,3,2,90,4.6,No,Yes,81,79,Placed,80.0,92.0,91.0,6
8.3,0,2,0,90,4.6,Yes,Yes,75,82,Placed,78.5,92.0,91.0,2
6.5,1,1,1,76,3.8,No,Yes,60,68,NotPlaced,64.0,76.0,76.0,3
8.4,1,2,2,86,4.2,Yes,Yes,80,82,NotPlaced,81.0,84.00000000000001,85.0,5
6.5,2,1,1,86,3.7,Yes,Yes,58,68,NotPlaced,63.0,74.0,80.0,4
8.5,0,2,2,85,4.1,Yes,Yes,59,82,Placed,70.5,82.0,83.5,4
7.8,1,1,0,86,4.6,No,Yes,59,69,NotPlaced,64.0,92.0,89.0,2
8.2,1,3,1,79,4.6,Yes,Yes,73,84,NotPlaced,78.5,92.0,85.5,5
7.6,1,2,0,70,3.6,No,Yes,56,66,NotPlaced,61.0,72.0,71.0,3
6.5,2,1,0,78,4.4,No,Yes,75,65,NotPlaced,70.0,88.00000000000001,83.0,3
7.4,1,1,1,62,4.8,Yes,Yes,55,71,NotPlaced,63.0,96.0,79.0,3
8.5,1,3,2,86,4.7,Yes,Yes,73,83,Placed,78.0,94.0,90.0,6
7.7,1,2,1,76,4.1,No,Yes,56,69,NotPlaced,62.5,82.0,79.0,4
8.1,1,2,0,86,4.8,No,Yes,82,63,NotPlaced,72.5,96.0,91.0,3
6.9,2,2,0,68,3.2,No,Yes,55,65,NotPlaced,60.0,64.0,66.0,4
7.7,0,2,0,72,4.5,No,Yes,63,87,NotPlaced,75.0,90.0,81.0,2
7.5,1,1,0,81,3.6,No,Yes,56,71,NotPlaced,63.5,72.0,76.5,2
8.3,2,3,2,90,4.2,Yes,Yes,71,81,Placed,76.0,84.00000000000001,87.0,7
7.6,1,1,0,73,4.2,No,No,56,66,NotPlaced,61.0,84.00000000000001,78.5,2
7.7,1,2,1,74,4.6,Yes,Yes,64,57,Placed,60.5,92.0,83.0,4
8.4,1,2,1,77,4.0,Yes,Yes,79,84,NotPlaced,81.5,80.0,78.5,4
7.5,1,2,0,70,4.2,No,Yes,55,72,Placed,63.5,84.00000000000001,77.0,3
7.4,1,1,0,81,4.6,No,No,83,81,NotPlaced,82.0,92.0,86.5,2
6.9,1,1,1,61,4.6,Yes,Yes,55,64,NotPlaced,59.5,92.0,76.5,3
8.1,1,2,0,84,4.3,No,No,58,80,Placed,69.0,86.0,85.0,3
8.0,0,2,0,85,3.8,Yes,Yes,75,69,NotPlaced,72.0,76.0,80.5,2
6.5,1,1,1,81,4.8,No,Yes,58,77,NotPlaced,67.5,96.0,88.5,3
8.4,1,1,2,81,4.6,Yes,Yes,70,70,Placed,70.0,92.0,86.5,4
7.5,1,1,1,65,4.5,No,No,55,67,NotPlaced,61.0,90.0,77.5,3
7.7,1,3,0,74,4.3,Yes,Yes,75,86,NotPlaced,80.5,86.0,80.0,4
8.3,2,3,2,90,4.8,Yes,Yes,78,80,Placed,79.0,96.0,93.0,7
6.5,0,3,0,77,3.6,Yes,No,60,74,NotPlaced,67.0,72.0,74.5,3
7.6,1,1,1,89,4.8,Yes,Yes,55,84,Placed,69.5,96.0,92.5,3
7.4,0,1,1,70,4.3,No,Yes,55,69,NotPlaced,62.0,86.0,78.0,2
6.6,1,1,0,73,3.1,No,No,58,61,NotPlaced,59.5,62.0,67.5,2
6.5,1,1,1,70,4.1,No,No,65,66,NotPlaced,65.5,82.0,76.0,3
8.2,1,2,1,79,4.4,Yes,Yes,83,65,Placed,74.0,88.00000000000001,83.5,4
6.5,1,2,1,74,3.9,No,Yes,56,68,NotPlaced,62.0,78.0,76.0,4
6.7,1,1,0,74,4.4,Yes,Yes,55,69,NotPlaced,62.0,88.00000000000001,81.0,2
8.8,2,3,2,90,4.7,Yes,Yes,74,86,Placed,80.0,94.0,92.0,7
8.0,2,3,2,87,3.7,Yes,Yes,72,83,Placed,77.5,74.0,80.5,7
6.7,1,2,0,73,3.4,No,Yes,55,59,NotPlaced,57.0,68.0,70.5,3
8.8,0,2,1,78,4.5,Yes,Yes,78,71,NotPlaced,74.5,90.0,84.0,3
7.5,1,1,0,74,3.5,No,Yes,60,68,Placed,64.0,70.0,72.0,2
7.9,1,2,0,64,3.7,Yes,No,62,64,NotPlaced,63.0,74.0,69.0,3
8.2,2,2,3,84,4.8,Yes,Yes,79,80,NotPlaced,79.5,96.0,90.0,7
7.8,2,2,2,79,4.5,Yes,No,72,86,NotPlaced,79.0,90.0,84.5,6
6.5,1,3,2,75,3.8,Yes,Yes,79,67,NotPlaced,73.0,76.0,75.5,6
8.2,0,1,1,64,3.9,No,Yes,55,82,NotPlaced,68.5,78.0,71.0,2
6.9,1,2,1,74,4.0,Yes,Yes,59,66,NotPlaced,62.5,80.0,77.0,4
8.5,0,3,2,88,4.5,Yes,Yes,85,88,Placed,86.5,90.0,89.0,5
7.4,1,1,1,70,4.0,Yes,Yes,57,72,NotPlaced,64.5,80.0,75.0,3
8.1,2,3,2,90,4.8,Yes,No,79,88,Placed,83.5,96.0,93.0,7
7.8,0,1,0,71,3.7,No,No,55,62,NotPlaced,58.5,74.0,72.5,1
6.5,1,2,0,81,4.1,Yes,Yes,56,81,NotPlaced,68.5,82.0,81.5,3
8.4,0,1,1,78,3.8,Yes,No,64,68,NotPlaced,66.0,76.0,77.0,2
7.8,1,1,1,85,4.8,Yes,Yes,82,83,Placed,82.5,96.0,90.5,3
7.9,1,3,2,87,4.8,Yes,Yes,82,88,Placed,85.0,96.0,91.5,6
6.5,1,1,0,82,4.3,No,Yes,57,70,NotPlaced,63.5,86.0,84.0,2
8.0,2,3,0,90,4.5,Yes,Yes,85,79,Placed,82.0,90.0,90.0,5
8.1,2,3,2,83,4.5,Yes,Yes,83,82,Placed,82.5,90.0,86.5,7
7.4,1,1,2,63,3.6,No,Yes,62,72,NotPlaced,67.0,72.0,67.5,4
8.1,2,3,0,89,4.1,Yes,No,81,67,NotPlaced,74.0,82.0,85.5,5
7.8,1,3,2,90,4.8,Yes,Yes,58,78,Placed,68.0,96.0,93.0,6
6.6,2,1,0,67,3.9,No,No,55,74,NotPlaced,64.5,78.0,72.5,3
7.3,1,1,2,82,4.0,Yes,Yes,59,75,NotPlaced,67.0,80.0,81.0,4
8.3,1,1,2,90,4.5,Yes,Yes,79,81,Placed,80.0,90.0,90.0,4
6.5,1,1,0,70,4.1,No,No,65,72,NotPlaced,68.5,82.0,76.0,2
8.4,2,3,2,90,4.8,Yes,Yes,76,85,Placed,80.5,96.0,93.0,7
7.7,1,3,0,75,4.0,Yes,Yes,78,81,Placed,79.5,80.0,77.5,4
6.5,2,3,2,71,3.8,Yes,Yes,66,80,Placed,73.0,76.0,73.5,7
7.6,1,3,2,79,3.8,Yes,Yes,75,88,Placed,81.5,76.0,77.5,6
8.5,1,2,0,84,4.5,Yes,Yes,77,81,NotPlaced,79.0,90.0,87.0,3
6.5,2,2,2,80,4.6,Yes,Yes,81,72,Placed,76.5,92.0,86.0,6
6.7,1,1,0,71,4.1,No,No,60,68,NotPlaced,64.0,82.0,76.5,2
7.5,1,1,1,66,4.0,No,Yes,61,72,NotPlaced,66.5,80.0,73.0,3
7.5,0,2,1,82,4.2,Yes,Yes,80,85,NotPlaced,82.5,84.00000000000001,83.0,3
7.9,1,2,0,77,4.2,No,Yes,75,63,NotPlaced,69.0,84.00000000000001,80.5,3
7.7,1,3,2,85,4.5,Yes,Yes,76,81,NotPlaced,78.5,90.0,87.5,6
7.8,2,3,1,90,4.0,Yes,Yes,81,84,NotPlaced,82.5,80.0,85.0,6
8.6,2,3,2,90,4.8,Yes,Yes,73,68,Placed,70.5,96.0,93.0,7
8.1,2,3,2,85,4.8,Yes,Yes,83,84,Placed,83.5,96.0,90.5,7
6.6,1,1,0,77,3.8,No,Yes,59,71,NotPlaced,65.0,76.0,76.5,2
8.0,2,3,2,87,4.8,Yes,Yes,75,81,Placed,78.0,96.0,91.5,7
8.6,1,3,2,90,4.5,Yes,Yes,72,83,Placed,77.5,90.0,90.0,6
8.3,1,3,2,90,4.7,Yes,Yes,76,80,Placed,78.0,94.0,92.0,6
8.0,2,1,0,90,4.7,Yes,Yes,83,85,Placed,84.0,94.0,92.0,3
7.5,1,2,0,82,4.1,No,No,64,61,NotPlaced,62.5,82.0,82.0,3
7.8,0,1,0,63,4.2,No,Yes,56,70,NotPlaced,63.0,84.00000000000001,73.5,1
7.5,0,2,0,81,3.6,No,Yes,55,68,Placed,61.5,72.0,76.5,2
7.8,1,1,1,63,4.1,No,Yes,55,67,NotPlaced,61.0,82.0,72.5,3
6.7,1,1,0,66,4.3,Yes,No,55,71,NotPlaced,63.0,86.0,76.0,2
7.6,1,3,1,81,3.9,Yes,Yes,82,84,Placed,83.0,78.0,79.5,5
7.6,0,2,1,77,4.7,Yes,Yes,76,65,NotPlaced,70.5,94.0,85.5,3
8.1,1,3,2,85,4.5,Yes,No,76,87,NotPlaced,81.5,90.0,87.5,6
8.2,1,2,2,81,4.8,Yes,Yes,75,87,Placed,81.0,96.0,88.5,5
7.6,1,2,0,74,4.1,No,Yes,67,69,NotPlaced,68.0,82.0,78.0,3
7.5,1,1,1,69,3.9,No,Yes,59,66,NotPlaced,62.5,78.0,73.5,3
7.3,1,2,1,88,4.8,No,No,55,74,NotPlaced,64.5,96.0,92.0,4
6.7,0,2,0,75,4.2,No,Yes,55,64,NotPlaced,59.5,84.00000000000001,79.5,2
8.7,0,1,0,87,4.8,Yes,No,77,79,Placed,78.0,96.0,91.5,1
8.0,2,1,2,88,4.7,Yes,Yes,62,66,Placed,64.0,94.0,91.0,5
8.3,0,1,0,69,4.3,Yes,No,68,63,NotPlaced,65.5,86.0,77.5,1
7.6,0,3,1,81,4.6,Yes,Yes,61,71,NotPlaced,66.0,92.0,86.5,4
6.5,2,1,0,86,3.4,No,Yes,55,64,NotPlaced,59.5,68.0,77.0,3
7.4,1,1,1,70,3.5,No,Yes,57,61,NotPlaced,59.0,70.0,70.0,3
8.7,2,3,2,76,4.3,Yes,Yes,82,83,Placed,82.5,86.0,81.0,7
6.5,1,1,0,79,3.7,No,No,63,62,NotPlaced,62.5,74.0,76.5,2
8.4,1,3,2,70,3.8,Yes,No,75,86,NotPlaced,80.5,76.0,73.0,6
7.4,1,1,0,67,3.7,No,No,65,65,NotPlaced,65.0,74.0,70.5,2
7.4,0,1,0,63,4.2,No,Yes,58,66,NotPlaced,62.0,84.00000000000001,73.5,1
6.7,0,2,0,70,3.0,No,Yes,55,69,NotPlaced,62.0,60.0,65.0,2
8.3,2,3,2,90,4.4,Yes,Yes,90,84,Placed,87.0,88.00000000000001,89.0,7
8.3,2,3,0,90,4.8,Yes,Yes,79,82,Placed,80.5,96.0,93.0,5
6.5,1,2,0,60,4.3,No,No,55,70,NotPlaced,62.5,86.0,73.0,3
7.4,1,2,0,80,4.7,No,Yes,59,64,NotPlaced,61.5,94.0,87.0,3
7.1,0,1,0,90,4.5,Yes,No,79,78,NotPlaced,78.5,90.0,90.0,1
6.5,0,3,2,73,4.5,Yes,Yes,74,84,Placed,79.0,90.0,81.5,5
8.6,2,3,2,90,4.5,Yes,Yes,79,84,Placed,81.5,90.0,90.0,7
6.5,2,1,0,69,3.7,No,No,55,68,NotPlaced,61.5,74.0,71.5,3
8.5,1,3,0,90,4.5,Yes,Yes,74,83,Placed,78.5,90.0,90.0,4
6.9,1,1,0,75,3.8,Yes,Yes,55,66,NotPlaced,60.5,76.0,75.5,2
6.5,1,1,2,84,4.5,No,Yes,78,68,NotPlaced,73.0,90.0,87.0,4
8.1,2,3,2,87,4.8,Yes,No,84,86,Placed,85.0,96.0,91.5,7
7.5,0,1,1,70,4.4,No,No,55,66,NotPlaced,60.5,88.00000000000001,79.0,2
6.8,1,2,1,75,4.0,No,Yes,62,76,NotPlaced,69.0,80.0,77.5,4
7.9,1,0,3,90,4.8,Yes,Yes,68,88,NotPlaced,78.0,96.0,93.0,4
8.2,1,3,0,82,4.7,Yes,Yes,76,84,NotPlaced,80.0,94.0,88.0,4
7.7,1,1,0,75,4.0,No,Yes,61,71,Placed,66.0,80.0,77.5,2
8.3,2,2,0,81,4.7,Yes,Yes,78,86,NotPlaced,82.0,94.0,87.5,4
6.8,0,2,0,78,4.1,No,Yes,57,88,NotPlaced,72.5,82.0,80.0,2
7.7,1,1,0,69,4.4,No,No,59,66,NotPlaced,62.5,88.00000000000001,78.5,2
6.5,2,1,3,83,4.5,Yes,Yes,55,68,NotPlaced,61.5,90.0,86.5,6
8.2,1,1,2,89,4.8,Yes,Yes,87,84,Placed,85.5,96.0,92.5,4
7.0,1,1,2,83,4.8,Yes,Yes,83,80,Placed,81.5,96.0,89.5,4
7.5,1,1,0,66,3.9,No,No,55,71,NotPlaced,63.0,78.0,72.0,2
7.3,1,1,0,60,3.2,No,No,61,70,NotPlaced,65.5,64.0,62.0,2
7.3,1,1,0,80,3.8,Yes,Yes,59,58,Placed,58.5,76.0,78.0,2
7.0,1,2,1,61,4.0,No,Yes,70,65,NotPlaced,67.5,80.0,70.5,4
7.4,1,1,0,86,4.5,Yes,Yes,69,86,NotPlaced,77.5,90.0,88.0,2
6.7,1,3,1,86,4.8,Yes,Yes,75,80,Placed,77.5,96.0,91.0,5
8.0,0,3,2,90,4.8,Yes,Yes,84,82,Placed,83.0,96.0,93.0,5
8.0,2,3,2,80,4.8,Yes,No,72,63,Placed,67.5,96.0,88.0,7
8.4,1,3,2,90,4.8,Yes,Yes,79,87,Placed,83.0,96.0,93.0,6
7.6,1,1,0,69,4.0,No,Yes,59,65,NotPlaced,62.0,80.0,74.5,2
8.2,1,2,0,81,4.4,No,Yes,55,62,NotPlaced,58.5,88.00000000000001,84.5,3
7.5,1,1,0,71,4.0,No,No,63,64,NotPlaced,63.5,80.0,75.5,2
8.2,2,1,2,90,4.6,Yes,Yes,74,79,Placed,76.5,92.0,91.0,5
8.1,0,2,0,77,3.8,Yes,Yes,84,62,NotPlaced,73.0,76.0,76.5,2
7.7,1,2,0,80,3.5,Yes,Yes,79,84,NotPlaced,81.5,70.0,75.0,3
7.4,1,2,0,74,4.5,No,Yes,70,68,Placed,69.0,90.0,82.0,3
8.4,2,3,2,90,4.8,Yes,Yes,80,80,Placed,80.0,96.0,93.0,7
7.4,1,1,0,74,3.9,No,Yes,55,69,NotPlaced,62.0,78.0,76.0,2
7.6,0,2,0,75,3.6,No,No,56,70,NotPlaced,63.0,72.0,73.5,2
7.7,1,2,0,81,4.4,No,Yes,75,83,NotPlaced,79.0,88.00000000000001,84.5,3
7.4,2,3,2,79,4.7,Yes,No,87,84,Placed,85.5,94.0,86.5,7
7.7,1,2,0,80,4.0,No,Yes,57,67,NotPlaced,62.0,80.0,80.0,3
7.6,0,2,0,84,4.0,Yes,Yes,70,86,Placed,78.0,80.0,82.0,2
8.5,1,3,2,90,4.7,Yes,Yes,69,86,Placed,77.5,94.0,92.0,6
7.5,0,2,0,81,4.1,No,No,63,64,NotPlaced,63.5,82.0,81.5,2
7.4,1,1,1,73,4.2,Yes,No,66,87,NotPlaced,76.5,84.00000000000001,78.5,3
6.5,1,1,0,73,4.0,Yes,No,59,67,Placed,63.0,80.0,76.5,2
8.3,2,1,2,75,3.9,No,No,55,64,NotPlaced,59.5,78.0,76.5,5
7.4,1,2,0,73,4.2,No,No,55,61,NotPlaced,58.0,84.00000000000001,78.5,3
8.7,1,3,2,80,4.1,Yes,Yes,70,88,Placed,79.0,82.0,81.0,6
8.4,2,3,2,84,3.7,No,No,81,82,NotPlaced,81.5,74.0,79.0,7
7.6,0,1,0,75,4.2,Yes,No,55,59,NotPlaced,57.0,84.00000000000001,79.5,1
8.5,1,3,3,84,4.6,Yes,Yes,69,88,Placed,78.5,92.0,88.0,7
7.5,1,1,0,71,3.7,No,Yes,73,71,NotPlaced,72.0,74.0,72.5,2
7.5,1,1,0,77,4.0,No,Yes,55,63,NotPlaced,59.0,80.0,78.5,2
7.6,0,2,0,70,3.8,No,Yes,63,69,NotPlaced,66.0,76.0,73.0,2
8.1,1,2,0,90,4.5,No,No,70,61,NotPlaced,65.5,90.0,90.0,3
7.7,1,2,1,80,4.4,No,Yes,81,57,NotPlaced,69.0,88.00000000000001,84.0,4
7.5,1,1,1,80,4.1,Yes,Yes,73,69,NotPlaced,71.0,82.0,81.0,3
8.5,1,2,0,87,4.3,Yes,Yes,72,83,Placed,77.5,86.0,86.5,3
7.6,0,1,1,71,4.3,No,No,59,66,NotPlaced,62.5,86.0,78.5,2
6.5,0,1,1,69,3.9,No,No,55,62,NotPlaced,58.5,78.0,73.5,2
8.2,2,3,3,82,4.0,Yes,Yes,83,80,Placed,81.5,80.0,81.0,8
6.9,1,2,0,70,4.8,Yes,Yes,78,88,NotPlaced,83.0,96.0,83.0,3
8.4,2,3,2,84,4.7,Yes,No,85,85,NotPlaced,85.0,94.0,89.0,7
7.6,1,2,2,76,4.5,Yes,Yes,80,85,Placed,82.5,90.0,83.0,5
7.7,1,1,0,81,4.6,No,Yes,76,68,NotPlaced,72.0,92.0,86.5,2
8.0,1,2,2,90,4.7,Yes,Yes,77,88,NotPlaced,82.5,94.0,92.0,5
8.3,2,3,0,90,4.8,Yes,Yes,84,86,Placed,85.0,96.0,93.0,5
8.3,2,3,2,90,4.8,Yes,Yes,86,85,Placed,85.5,96.0,93.0,7
7.5,1,1,0,61,3.9,No,No,55,74,NotPlaced,64.5,78.0,69.5,2
8.3,1,3,2,89,3.4,Yes,Yes,77,85,Placed,81.0,68.0,78.5,6
6.5,0,1,0,66,4.0,No,Yes,66,72,NotPlaced,69.0,80.0,73.0,1
8.6,1,1,2,90,4.7,Yes,Yes,76,85,Placed,80.5,94.0,92.0,4
7.3,0,1,1,70,3.9,No,No,55,71,NotPlaced,63.0,78.0,74.0,2
8.2,2,3,2,87,4.8,Yes,Yes,83,83,Placed,83.0,96.0,91.5,7
8.5,1,1,2,78,4.5,No,Yes,58,73,NotPlaced,65.5,90.0,84.0,4
7.7,0,2,0,74,4.2,No,Yes,55,71,NotPlaced,63.0,84.00000000000001,79.0,2
8.4,1,3,2,80,4.5,Yes,Yes,71,64,NotPlaced,67.5,90.0,85.0,6
8.6,1,1,2,90,4.7,Yes,Yes,87,66,Placed,76.5,94.0,92.0,4
7.3,0,2,2,86,4.8,Yes,Yes,74,86,Placed,80.0,96.0,91.0,4
8.3,0,3,3,89,4.8,Yes,Yes,74,74,Placed,74.0,96.0,92.5,6
6.5,1,1,0,66,3.9,No,No,55,73,NotPlaced,64.0,78.0,72.0,2
6.8,0,1,0,72,4.2,No,No,55,69,NotPlaced,62.0,84.00000000000001,78.0,1
8.3,0,3,2,90,4.5,Yes,Yes,74,83,Placed,78.5,90.0,90.0,5
8.5,1,2,0,81,4.4,Yes,Yes,79,75,Placed,77.0,88.00000000000001,84.5,3
6.5,1,1,1,71,4.5,No,No,55,74,NotPlaced,64.5,90.0,80.5,3
7.9,2,3,2,83,4.5,Yes,Yes,72,84,NotPlaced,78.0,90.0,86.5,7
6.7,0,1,1,71,4.2,No,No,55,69,NotPlaced,62.0,84.00000000000001,77.5,2
8.1,1,1,0,70,4.3,Yes,Yes,76,69,NotPlaced,72.5,86.0,78.0,2
7.5,0,2,0,70,4.1,No,Yes,55,67,NotPlaced,61.0,82.0,76.0,2
6.7,0,2,1,71,3.7,No,No,55,67,NotPlaced,61.0,74.0,72.5,3
8.4,2,3,2,90,4.8,Yes,Yes,72,84,Placed,78.0,96.0,93.0,7
6.7,2,1,0,78,4.4,No,Yes,56,62,NotPlaced,59.0,88.00000000000001,83.0,3
6.5,1,1,1,75,3.8,No,Yes,56,64,NotPlaced,60.0,76.0,75.5,3
6.5,1,2,0,71,4.0,Yes,Yes,75,74,NotPlaced,74.5,80.0,75.5,3
7.7,1,3,2,88,4.5,Yes,Yes,79,70,NotPlaced,74.5,90.0,89.0,6
7.3,0,3,1,82,3.8,No,No,84,62,NotPlaced,73.0,76.0,79.0,4
7.6,0,1,2,72,3.7,No,No,55,61,NotPlaced,58.0,74.0,73.0,3
6.8,1,1,1,73,3.9,No,Yes,78,67,NotPlaced,72.5,78.0,75.5,3
7.6,1,2,3,81,4.6,Yes,Yes,73,82,NotPlaced,77.5,92.0,86.5,6
6.5,1,2,0,61,4.0,No,No,56,61,NotPlaced,58.5,80.0,70.5,3
6.9,1,1,1,74,4.1,No,Yes,55,61,NotPlaced,58.0,82.0,78.0,3
6.8,1,1,0,74,4.3,No,Yes,59,67,Placed,63.0,86.0,80.0,2
7.4,1,1,0,82,4.7,Yes,Yes,84,87,NotPlaced,85.5,94.0,88.0,2
8.2,2,3,1,90,3.9,Yes,Yes,76,82,Placed,79.0,78.0,84.0,6
7.9,0,2,0,81,4.5,Yes,Yes,74,87,NotPlaced,80.5,90.0,85.5,2
6.7,1,2,1,81,4.5,Yes,Yes,71,83,Placed,77.0,90.0,85.5,4
8.2,1,1,0,71,4.4,Yes,Yes,77,68,NotPlaced,72.5,88.00000000000001,79.5,2
7.6,1,1,1,71,3.8,No,No,62,71,NotPlaced,66.5,76.0,73.5,3
7.3,1,3,0,71,4.5,No,No,58,70,NotPlaced,64.0,90.0,80.5,4
8.4,1,2,2,73,4.3,Yes,No,71,79,Placed,75.0,86.0,79.5,5
7.6,1,1,0,83,4.1,No,No,68,63,NotPlaced,65.5,82.0,82.5,2
6.5,0,1,1,70,4.4,No,Yes,55,62,NotPlaced,58.5,88.00000000000001,79.0,2
8.3,1,1,1,75,4.8,No,No,56,65,NotPlaced,60.5,96.0,85.5,3
8.2,2,1,2,90,4.5,Yes,No,66,83,NotPlaced,74.5,90.0,90.0,5
7.4,1,1,1,80,4.2,Yes,Yes,75,65,Placed,70.0,84.00000000000001,82.0,3
8.1,2,3,0,79,4.8,Yes,Yes,70,82,NotPlaced,76.0,96.0,87.5,5
7.5,0,3,0,73,4.5,Yes,No,68,83,NotPlaced,75.5,90.0,81.5,3
6.6,0,1,1,71,3.4,No,No,56,70,NotPlaced,63.0,68.0,69.5,2
7.6,1,2,1,69,4.2,No,No,63,60,NotPlaced,61.5,84.00000000000001,76.5,4
7.5,1,2,1,85,4.8,No,Yes,61,84,NotPlaced,72.5,96.0,90.5,4
8.2,1,2,0,88,4.3,No,No,76,81,Placed,78.5,86.0,87.0,3
8.4,1,1,2,76,4.6,Yes,Yes,74,85,NotPlaced,79.5,92.0,84.0,4
8.5,2,3,2,90,4.8,Yes,Yes,85,88,Placed,86.5,96.0,93.0,7
6.8,1,1,0,74,4.0,Yes,No,62,83,NotPlaced,72.5,80.0,77.0,2
6.5,1,3,1,76,4.6,Yes,Yes,74,76,Placed,75.0,92.0,84.0,5
8.0,1,2,0,78,4.8,No,Yes,79,70,NotPlaced,74.5,96.0,87.0,3
8.4,1,1,2,85,4.8,Yes,Yes,75,84,Placed,79.5,96.0,90.5,4
6.6,1,1,1,85,4.1,Yes,Yes,80,85,NotPlaced,82.5,82.0,83.5,3
8.2,2,3,0,65,4.3,Yes,Yes,78,83,Placed,80.5,86.0,75.5,5
7.7,1,1,2,83,4.5,Yes,Yes,71,82,Placed,76.5,90.0,86.5,4
8.3,2,3,1,85,4.8,Yes,Yes,79,86,Placed,82.5,96.0,90.5,6
6.5,1,1,0,67,4.0,No,No,60,67,NotPlaced,63.5,80.0,73.5,2
8.4,1,3,2,77,4.5,Yes,Yes,75,72,NotPlaced,73.5,90.0,83.5,6
8.3,1,3,0,84,4.6,Yes,Yes,71,80,Placed,75.5,92.0,88.0,4
6.5,1,2,1,84,4.7,Yes,Yes,77,72,NotPlaced,74.5,94.0,89.0,4
7.6,0,2,0,84,4.4,No,Yes,55,69,NotPlaced,62.0,88.00000000000001,86.0,2
7.4,0,2,1,66,3.7,No,No,73,68,NotPlaced,70.5,74.0,70.0,3
8.2,1,2,2,69,4.0,Yes,No,58,63,NotPlaced,60.5,80.0,74.5,5
6.5,1,2,0,81,3.5,No,Yes,62,63,Placed,62.5,70.0,75.5,3
8.8,1,2,0,76,4.2,Yes,No,61,67,NotPlaced,64.0,84.00000000000001,80.0,3
8.5,1,0,2,77,4.6,Yes,Yes,73,83,Placed,78.0,92.0,84.5,3
8.3,1,2,0,78,4.6,Yes,Yes,74,60,NotPlaced,67.0,92.0,85.0,3
8.0,0,3,2,90,4.8,Yes,Yes,80,85,Placed,82.5,96.0,93.0,5
8.5,2,3,0,86,4.6,Yes,Yes,69,85,Placed,77.0,92.0,89.0,5
8.5,1,3,2,90,4.8,Yes,Yes,84,81,Placed,82.5,96.0,93.0,6
8.1,1,3,2,81,4.5,No,Yes,70,85,NotPlaced,77.5,90.0,85.5,6
8.6,1,3,2,90,4.6,Yes,Yes,88,85,Placed,86.5,92.0,91.0,6
8.2,2,3,2,90,4.7,Yes,No,81,87,Placed,84.0,94.0,92.0,7
7.5,0,1,0,82,4.1,Yes,Yes,58,69,NotPlaced,63.5,82.0,82.0,1
8.3,2,3,0,90,4.8,Yes,Yes,75,86,Placed,80.5,96.0,93.0,5
7.7,1,1,2,79,3.9,No,Yes,56,66,NotPlaced,61.0,78.0,78.5,4
7.4,1,1,1,73,4.8,Yes,Yes,61,69,NotPlaced,65.0,96.0,84.5,3
8.3,2,3,2,90,4.8,Yes,Yes,79,88,Placed,83.5,96.0,93.0,7
7.4,1,1,0,75,4.5,No,Yes,57,66,Placed,61.5,90.0,82.5,2
8.3,1,2,1,70,4.8,Yes,Yes,87,85,Placed,86.0,96.0,83.0,4
6.6,0,1,1,64,4.6,Yes,Yes,64,71,NotPlaced,67.5,92.0,78.0,2
7.8,1,2,1,66,3.7,Yes,Yes,64,67,NotPlaced,65.5,74.0,70.0,4
6.6,0,3,1,90,4.4,No,Yes,55,71,NotPlaced,63.0,88.00000000000001,89.0,4
7.7,0,3,1,74,4.3,Yes,Yes,78,65,NotPlaced,71.5,86.0,80.0,4
7.4,1,1,0,80,3.4,No,No,55,63,NotPlaced,59.0,68.0,74.0,2
7.5,2,3,1,79,4.4,Yes,Yes,68,71,Placed,69.5,88.00000000000001,83.5,6
8.4,1,3,3,90,4.8,Yes,Yes,76,86,Placed,81.0,96.0,93.0,7
8.7,1,1,0,85,3.8,Yes,Yes,71,69,NotPlaced,70.0,76.0,80.5,2
8.4,1,2,0,82,4.5,Yes,Yes,76,85,NotPlaced,80.5,90.0,86.0,3
8.0,1,2,1,80,4.7,Yes,Yes,70,81,NotPlaced,75.5,94.0,87.0,4
7.5,0,1,1,70,3.9,No,Yes,55,69,NotPlaced,62.0,78.0,74.0,2
6.5,0,2,0,74,4.5,No,No,62,68,NotPlaced,65.0,90.0,82.0,2
6.7,0,1,1,76,3.9,No,Yes,55,65,NotPlaced,60.0,78.0,77.0,2
7.4,0,1,0,73,4.4,No,No,55,72,NotPlaced,63.5,88.00000000000001,80.5,1
8.4,2,3,1,83,4.4,Yes,Yes,77,79,NotPlaced,78.0,88.00000000000001,85.5,6
8.0,1,3,0,79,4.3,Yes,Yes,79,78,NotPlaced,78.5,86.0,82.5,4
8.7,2,3,0,82,4.1,Yes,Yes,72,79,Placed,75.5,82.0,82.0,5
7.5,1,2,0,79,4.4,Yes,No,62,69,NotPlaced,65.5,88.00000000000001,83.5,3
7.4,1,2,1,82,3.9,No,Yes,55,70,NotPlaced,62.5,78.0,80.0,4
7.7,0,2,0,77,4.1,No,No,65,69,NotPlaced,67.0,82.0,79.5,2
7.6,0,3,0,85,4.7,Yes,Yes,70,75,Placed,72.5,94.0,89.5,3
7.5,0,3,1,74,4.8,Yes,Yes,76,71,NotPlaced,73.5,96.0,85.0,4
8.1,1,3,0,76,4.0,Yes,Yes,75,73,Placed,74.0,80.0,78.0,4
8.4,0,3,0,90,4.8,Yes,Yes,78,66,Placed,72.0,96.0,93.0,3
7.5,1,1,1,60,4.8,Yes,Yes,75,70,NotPlaced,72.5,96.0,78.0,3
8.0,1,3,0,86,4.2,Yes,Yes,73,88,Placed,80.5,84.00000000000001,85.0,4
7.5,1,1,0,67,4.1,No,No,57,67,NotPlaced,62.0,82.0,74.5,2
6.5,1,2,1,69,4.3,No,No,55,61,NotPlaced,58.0,86.0,77.5,4
8.4,0,1,2,80,4.0,Yes,Yes,62,85,Placed,73.5,80.0,80.0,3
7.7,2,3,3,84,4.2,Yes,Yes,72,79,NotPlaced,75.5,84.00000000000001,84.0,8
8.0,1,3,0,90,4.8,Yes,Yes,72,88,Placed,80.0,96.0,93.0,4
6.5,1,3,2,85,4.8,Yes,Yes,55,70,NotPlaced,62.5,96.0,90.5,6
6.8,0,1,0,60,3.9,No,No,67,61,NotPlaced,64.0,78.0,69.0,1
7.4,1,3,0,75,4.6,No,No,78,86,NotPlaced,82.0,92.0,83.5,4
7.7,1,1,1,73,4.0,No,Yes,58,67,NotPlaced,62.5,80.0,76.5,3
8.1,1,1,0,84,3.7,Yes,No,64,64,NotPlaced,64.0,74.0,79.0,2
7.9,2,1,0,75,3.4,Yes,Yes,55,63,NotPlaced,59.0,68.0,71.5,3
8.5,1,2,3,77,4.8,Yes,Yes,66,85,NotPlaced,75.5,96.0,86.5,6
8.3,1,2,0,75,3.8,No,Yes,55,67,NotPlaced,61.0,76.0,75.5,3
6.6,1,3,1,79,3.2,No,Yes,62,69,NotPlaced,65.5,64.0,71.5,5
8.6,2,3,2,90,4.8,Yes,Yes,85,81,Placed,83.0,96.0,93.0,7
8.1,1,3,2,87,4.5,Yes,Yes,81,88,Placed,84.5,90.0,88.5,6
6.5,1,2,0,76,3.8,No,Yes,62,68,NotPlaced,65.0,76.0,76.0,3
8.4,1,1,1,74,3.8,Yes,No,69,76,NotPlaced,72.5,76.0,75.0,3
8.1,1,3,2,78,3.7,Yes,Yes,73,83,Placed,78.0,74.0,76.0,6
8.1,1,3,0,87,4.1,No,Yes,78,85,Placed,81.5,82.0,84.5,4
8.0,1,3,2,90,4.8,Yes,Yes,77,88,Placed,82.5,96.0,93.0,6
7.4,0,1,1,80,4.2,No,No,55,69,NotPlaced,62.0,84.00000000000001,82.0,2
8.2,1,3,2,90,4.4,Yes,Yes,71,81,Placed,76.0,88.00000000000001,89.0,6
8.4,0,3,1,86,4.0,Yes,Yes,85,67,NotPlaced,76.0,80.0,83.0,4
7.3,0,1,2,74,4.0,No,No,69,73,NotPlaced,71.0,80.0,77.0,3
6.7,1,1,1,81,4.1,No,No,64,72,NotPlaced,68.0,82.0,81.5,3
6.5,0,2,1,72,3.0,No,Yes,59,76,NotPlaced,67.5,60.0,66.0,3
6.5,0,1,3,76,4.4,Yes,No,64,70,NotPlaced,67.0,88.00000000000001,82.0,4
7.9,2,1,1,70,4.7,No,No,61,63,NotPlaced,62.0,94.0,82.0,4
7.4,1,1,0,60,4.2,No,Yes,55,65,NotPlaced,60.0,84.00000000000001,72.0,2
7.3,1,1,1,71,4.4,No,Yes,69,72,NotPlaced,70.5,88.00000000000001,79.5,3
6.5,1,3,0,74,4.0,No,Yes,69,68,Placed,68.5,80.0,77.0,4
6.5,1,1,0,66,4.2,No,No,78,62,NotPlaced,70.0,84.00000000000001,75.0,2
8.2,2,3,2,90,4.8,Yes,Yes,83,82,Placed,82.5,96.0,93.0,7
8.5,2,3,2,90,4.8,Yes,Yes,83,85,Placed,84.0,96.0,93.0,7
7.8,2,3,2,90,4.8,Yes,No,81,87,NotPlaced,84.0,96.0,93.0,7
7.5,1,1,0,76,4.7,No,No,55,64,NotPlaced,59.5,94.0,85.0,2
7.5,1,1,0,82,4.1,No,No,76,70,NotPlaced,73.0,82.0,82.0,2
6.9,1,3,0,81,4.6,Yes,Yes,62,76,Placed,69.0,92.0,86.5,4
8.6,2,3,2,90,4.8,Yes,Yes,72,86,Placed,79.0,96.0,93.0,7
8.5,2,3,1,84,4.4,Yes,Yes,87,84,Placed,85.5,88.00000000000001,86.0,6
8.5,2,3,2,85,4.7,Yes,Yes,78,68,Placed,73.0,94.0,89.5,7
8.1,1,2,1,86,4.8,Yes,Yes,69,85,Placed,77.0,96.0,91.0,4
6.6,2,3,1,85,4.1,No,No,74,69,NotPlaced,71.5,82.0,83.5,6
8.2,1,1,2,79,4.7,Yes,Yes,67,86,Placed,76.5,94.0,86.5,4
6.5,1,1,1,65,3.0,No,No,61,79,NotPlaced,70.0,60.0,62.5,3
7.5,1,2,3,73,3.5,No,Yes,55,66,NotPlaced,60.5,70.0,71.5,6
7.4,1,1,1,79,4.4,Yes,Yes,66,65,NotPlaced,65.5,88.00000000000001,83.5,3
7.2,1,1,0,61,4.4,No,Yes,57,77,NotPlaced,67.0,88.00000000000001,74.5,2
7.6,1,1,0,71,4.1,No,Yes,58,59,NotPlaced,58.5,82.0,76.5,2
8.4,1,1,1,79,4.1,No,No,59,66,NotPlaced,62.5,82.0,80.5,3
7.7,2,3,0,79,3.9,Yes,Yes,82,86,Placed,84.0,78.0,78.5,5
7.7,2,3,0,90,4.6,Yes,No,55,80,NotPlaced,67.5,92.0,91.0,5
8.1,2,2,1,76,4.8,Yes,Yes,71,81,NotPlaced,76.0,96.0,86.0,5
8.5,1,3,2,90,4.7,Yes,Yes,75,81,Placed,78.0,94.0,92.0,6
7.6,1,3,2,90,4.5,Yes,No,87,71,Placed,79.0,90.0,90.0,6
7.4,1,3,1,87,4.6,No,No,69,83,NotPlaced,76.0,92.0,89.5,5
6.6,1,1,0,74,4.7,Yes,No,68,64,NotPlaced,66.0,94.0,84.0,2
8.3,2,3,2,90,4.8,Yes,Yes,87,81,NotPlaced,84.0,96.0,93.0,7
8.3,2,3,0,85,4.8,Yes,Yes,75,83,Placed,79.0,96.0,90.5,5
8.0,2,3,2,90,4.8,Yes,Yes,80,87,Placed,83.5,96.0,93.0,7
8.3,1,3,1,81,4.8,Yes,Yes,65,83,NotPlaced,74.0,96.0,88.5,5
7.8,1,2,0,79,4.4,Yes,Yes,71,81,NotPlaced,76.0,88.00000000000001,83.5,3
6.9,0,1,2,72,4.8,Yes,Yes,58,85,Placed,71.5,96.0,84.0,3
7.8,1,1,1,67,3.5,No,No,60,70,NotPlaced,65.0,70.0,68.5,3
8.8,2,3,2,90,4.7,Yes,Yes,81,79,Placed,80.0,94.0,92.0,7
7.5,0,2,0,67,3.1,No,No,55,70,NotPlaced,62.5,62.0,64.5,2
7.0,0,1,3,86,4.2,No,Yes,62,81,NotPlaced,71.5,84.00000000000001,85.0,4
8.4,1,1,0,75,3.7,Yes,No,59,65,NotPlaced,62.0,74.0,74.5,2
6.5,1,1,1,78,4.3,No,Yes,77,69,NotPlaced,73.0,86.0,82.0,3
7.4,1,2,2,80,3.9,No,Yes,77,88,Placed,82.5,78.0,79.0,5
7.6,1,1,2,81,3.9,No,Yes,62,78,NotPlaced,70.0,78.0,79.5,4
6.5,1,2,0,78,4.7,No,Yes,76,72,NotPlaced,74.0,94.0,86.0,3
6.5,1,3,1,76,4.1,Yes,Yes,55,74,NotPlaced,64.5,82.0,79.0,5
6.5,1,1,0,78,4.4,No,Yes,66,74,NotPlaced,70.0,88.00000000000001,83.0,2
8.5,1,2,2,81,3.8,Yes,Yes,78,85,NotPlaced,81.5,76.0,78.5,5
6.5,1,1,0,78,4.4,No,No,64,68,NotPlaced,66.0,88.00000000000001,83.0,2
7.4,1,3,2,90,4.0,Yes,Yes,71,83,Placed,77.0,80.0,85.0,6
7.7,1,1,1,71,4.2,No,No,71,59,NotPlaced,65.0,84.00000000000001,77.5,3
7.7,1,1,1,78,4.8,No,No,65,72,NotPlaced,68.5,96.0,87.0,3
6.5,1,3,1,70,4.2,Yes,Yes,69,71,NotPlaced,70.0,84.00000000000001,77.0,5
7.9,2,3,2,76,4.5,Yes,No,87,82,Placed,84.5,90.0,83.0,7
8.0,2,3,2,79,4.8,Yes,Yes,85,85,Placed,85.0,96.0,87.5,7
8.6,2,2,1,77,4.5,Yes,Yes,87,82,NotPlaced,84.5,90.0,83.5,5
7.5,0,1,1,83,4.4,No,Yes,59,66,NotPlaced,62.5,88.00000000000001,85.5,2
8.4,0,1,0,84,4.8,No,Yes,78,81,Placed,79.5,96.0,90.0,1
7.2,2,3,0,86,4.8,Yes,Yes,81,82,Placed,81.5,96.0,91.0,5
6.9,0,1,0,78,4.5,No,Yes,55,63,NotPlaced,59.0,90.0,84.0,1
8.0,1,3,0,82,3.8,No,No,55,66,NotPlaced,60.5,76.0,79.0,4
6.9,0,1,0,71,3.6,No,No,55,70,NotPlaced,62.5,72.0,71.5,1
7.9,0,2,1,72,4.3,Yes,Yes,60,72,NotPlaced,66.0,86.0,79.0,3
8.4,1,1,2,90,4.8,Yes,Yes,83,86,Placed,84.5,96.0,93.0,4
8.4,1,3,2,90,4.8,Yes,Yes,75,87,Placed,81.0,96.0,93.0,6
6.7,1,2,1,85,4.8,Yes,Yes,75,83,Placed,79.0,96.0,90.5,4
8.0,0,3,2,86,4.3,Yes,Yes,81,88,Placed,84.5,86.0,86.0,5
8.3,1,3,0,84,4.4,Yes,Yes,73,84,NotPlaced,78.5,88.00000000000001,86.0,4
8.1,1,3,1,78,4.1,Yes,Yes,66,73,NotPlaced,69.5,82.0,80.0,5
6.8,1,2,0,79,4.0,No,Yes,69,68,NotPlaced,68.5,80.0,79.5,3
7.5,1,3,0,78,4.5,Yes,Yes,75,82,NotPlaced,78.5,90.0,84.0,4
7.7,1,1,0,74,4.2,Yes,Yes,86,64,NotPlaced,75.0,84.00000000000001,79.0,2
8.0,2,3,2,86,4.8,Yes,Yes,78,85,Placed,81.5,96.0,91.0,7
7.5,1,2,1,82,4.0,No,No,63,63,NotPlaced,63.0,80.0,81.0,4
6.6,1,3,1,82,4.6,No,Yes,59,87,NotPlaced,73.0,92.0,87.0,5
6.5,1,1,1,69,4.3,No,No,55,69,NotPlaced,62.0,86.0,77.5,3
8.3,1,2,2,89,4.8,Yes,Yes,75,83,Placed,79.0,96.0,92.5,5
6.8,1,1,0,71,4.4,No,No,60,68,NotPlaced,64.0,88.00000000000001,79.5,2
8.1,1,1,1,79,4.5,No,No,62,67,NotPlaced,64.5,90.0,84.5,3
8.9,1,3,0,85,4.8,Yes,Yes,73,81,Placed,77.0,96.0,90.5,4
8.3,2,3,2,90,4.7,Yes,Yes,77,81,Placed,79.0,94.0,92.0,7
8.5,2,3,2,86,4.7,Yes,Yes,71,79,Placed,75.0,94.0,90.0,7
7.8,1,1,0,83,3.8,No,Yes,69,66,NotPlaced,67.5,76.0,79.5,2
8.2,1,1,0,80,3.9,Yes,Yes,61,84,NotPlaced,72.5,78.0,79.0,2
7.9,1,2,2,87,3.6,Yes,No,80,88,Placed,84.0,72.0,79.5,5
7.6,0,1,0,83,4.0,No,Yes,79,86,NotPlaced,82.5,80.0,81.5,1
7.3,0,1,0,75,3.4,No,No,55,70,NotPlaced,62.5,68.0,71.5,1
6.6,0,2,0,68,3.8,No,No,66,70,NotPlaced,68.0,76.0,72.0,2
8.5,1,2,0,87,4.0,Yes,Yes,78,70,Placed,74.0,80.0,83.5,3
8.3,1,1,0,73,3.6,No,Yes,74,68,NotPlaced,71.0,72.0,72.5,2
7.4,1,2,1,73,4.0,No,Yes,60,67,NotPlaced,63.5,80.0,76.5,4
8.4,0,1,0,80,4.5,Yes,Yes,87,78,NotPlaced,82.5,90.0,85.0,1
8.5,2,1,0,83,4.7,No,Yes,70,71,NotPlaced,70.5,94.0,88.5,3
6.5,1,1,0,66,4.1,No,No,55,62,NotPlaced,58.5,82.0,74.0,2
7.5,1,3,1,87,4.6,Yes,Yes,81,86,Placed,83.5,92.0,89.5,5
8.4,2,3,2,90,4.8,Yes,Yes,67,82,Placed,74.5,96.0,93.0,7
7.6,1,3,2,72,4.8,Yes,Yes,75,70,NotPlaced,72.5,96.0,84.0,6
8.2,2,3,2,90,4.8,Yes,Yes,73,88,Placed,80.5,96.0,93.0,7
6.5,1,3,2,84,4.5,No,Yes,70,75,Placed,72.5,90.0,87.0,6
8.5,2,3,2,90,4.8,Yes,Yes,83,86,Placed,84.5,96.0,93.0,7
7.6,1,1,1,73,3.7,No,No,55,72,NotPlaced,63.5,74.0,73.5,3
7.6,1,1,1,66,3.8,No,No,56,67,NotPlaced,61.5,76.0,71.0,3
8.1,2,3,2,90,4.8,Yes,Yes,85,88,Placed,86.5,96.0,93.0,7
7.3,1,3,2,90,4.5,Yes,Yes,77,85,Placed,81.0,90.0,90.0,6
6.6,2,3,0,77,4.4,Yes,Yes,78,76,Placed,77.0,88.00000000000001,82.5,5
8.9,2,3,2,88,4.8,Yes,Yes,73,83,NotPlaced,78.0,96.0,92.0,7
7.9,2,2,1,90,4.8,Yes,Yes,82,87,Placed,84.5,96.0,93.0,5
7.7,1,2,0,87,4.0,Yes,Yes,73,84,Placed,78.5,80.0,83.5,3
7.1,1,1,1,64,4.5,No,No,66,64,NotPlaced,65.0,90.0,77.0,3
7.6,1,2,0,80,4.6,No,Yes,69,69,NotPlaced,69.0,92.0,86.0,3
7.9,1,3,0,71,3.9,Yes,Yes,55,72,NotPlaced,63.5,78.0,74.5,4
7.6,1,2,1,67,3.9,No,No,55,65,NotPlaced,60.0,78.0,72.5,4
8.0,1,2,0,90,4.5,Yes,Yes,75,83,NotPlaced,79.0,90.0,90.0,3
7.4,2,1,0,73,4.1,Yes,Yes,78,79,NotPlaced,78.5,82.0,77.5,3
6.5,0,1,1,68,3.5,No,Yes,62,69,NotPlaced,65.5,70.0,69.0,2
8.1,2,3,2,83,4.3,Yes,Yes,83,79,Placed,81.0,86.0,84.5,7
8.2,1,3,2,83,4.4,Yes,Yes,77,85,Placed,81.0,88.00000000000001,85.5,6
7.9,1,2,1,80,4.3,No,No,58,70,NotPlaced,64.0,86.0,83.0,4
7.8,2,3,2,90,4.7,Yes,Yes,85,82,Placed,83.5,94.0,92.0,7
7.3,0,1,0,78,3.7,No,Yes,79,86,NotPlaced,82.5,74.0,76.0,1
8.1,1,2,2,86,4.8,Yes,Yes,76,85,Placed,80.5,96.0,91.0,5
7.6,1,2,0,79,4.1,No,Yes,69,65,Placed,67.0,82.0,80.5,3
7.6,1,2,1,68,4.0,Yes,Yes,70,65,NotPlaced,67.5,80.0,74.0,4
7.8,2,2,2,81,4.5,Yes,Yes,85,57,Placed,71.0,90.0,85.5,6
7.6,0,2,0,69,4.2,No,No,55,63,NotPlaced,59.0,84.00000000000001,76.5,2
7.5,1,3,2,80,4.6,No,No,73,80,Placed,76.5,92.0,86.0,6
8.0,1,3,3,85,4.7,Yes,Yes,79,84,NotPlaced,81.5,94.0,89.5,7
8.0,2,3,2,85,4.8,Yes,Yes,74,87,Placed,80.5,96.0,90.5,7
8.3,0,3,1,73,4.4,Yes,Yes,76,75,NotPlaced,75.5,88.00000000000001,80.5,4
6.8,1,1,0,79,4.3,No,Yes,56,70,Placed,63.0,86.0,82.5,2
7.2,1,3,2,84,4.4,Yes,Yes,88,85,NotPlaced,86.5,88.00000000000001,86.0,6
8.6,1,1,2,89,4.3,Yes,Yes,65,67,NotPlaced,66.0,86.0,87.5,4
7.5,2,1,3,79,3.4,Yes,No,90,64,NotPlaced,77.0,68.0,73.5,6
8.7,2,3,3,90,4.7,Yes,Yes,84,81,Placed,82.5,94.0,92.0,8
6.6,0,2,1,67,4.2,No,Yes,55,66,NotPlaced,60.5,84.00000000000001,75.5,3
8.3,2,2,2,75,3.8,No,Yes,71,66,NotPlaced,68.5,76.0,75.5,6
7.6,1,1,0,74,3.8,No,No,55,72,NotPlaced,63.5,76.0,75.0,2
6.7,1,1,1,72,4.2,No,Yes,55,63,NotPlaced,59.0,84.00000000000001,78.0,3
6.7,1,2,1,86,4.8,Yes,Yes,59,86,Placed,72.5,96.0,91.0,4
7.3,1,2,0,80,4.5,Yes,Yes,55,64,Placed,59.5,90.0,85.0,3
8.5,1,2,2,77,4.3,Yes,Yes,80,77,Placed,78.5,86.0,81.5,5
8.3,2,3,2,90,4.8,Yes,Yes,90,81,Placed,85.5,96.0,93.0,7
7.5,1,1,0,84,4.5,No,No,55,68,NotPlaced,61.5,90.0,87.0,2
7.9,1,1,0,71,4.4,Yes,Yes,82,88,Placed,85.0,88.00000000000001,79.5,2
8.0,0,2,0,60,4.2,No,No,55,70,NotPlaced,62.5,84.00000000000001,72.0,2
8.0,2,3,2,90,4.8,Yes,Yes,82,78,Placed,80.0,96.0,93.0,7
7.7,1,1,1,65,3.5,No,No,60,69,NotPlaced,64.5,70.0,67.5,3
8.9,1,3,2,90,4.8,Yes,Yes,75,84,Placed,79.5,96.0,93.0,6
8.2,2,3,2,85,4.8,Yes,No,84,76,NotPlaced,80.0,96.0,90.5,7
8.3,1,2,0,76,4.5,No,Yes,83,81,Placed,82.0,90.0,83.0,3
7.6,1,2,1,72,4.4,No,No,74,73,NotPlaced,73.5,88.00000000000001,80.0,4
7.8,0,2,0,79,4.3,Yes,Yes,65,70,Placed,67.5,86.0,82.5,2
7.4,0,2,1,71,4.7,No,Yes,69,81,NotPlaced,75.0,94.0,82.5,3
7.9,1,1,1,76,3.8,Yes,Yes,80,67,Placed,73.5,76.0,76.0,3
8.1,1,2,1,88,4.8,No,Yes,77,88,Placed,82.5,96.0,92.0,4
8.1,2,3,2,90,4.8,Yes,Yes,84,87,Placed,85.5,96.0,93.0,7
8.0,1,3,2,90,4.8,Yes,Yes,70,84,Placed,77.0,96.0,93.0,6
7.5,1,1,1,82,4.6,No,Yes,59,74,NotPlaced,66.5,92.0,87.0,3
8.5,0,3,2,90,4.6,Yes,Yes,74,87,Placed,80.5,92.0,91.0,5
7.6,1,2,0,88,4.8,Yes,Yes,62,80,NotPlaced,71.0,96.0,92.0,3
8.3,1,3,1,90,4.5,Yes,Yes,88,77,Placed,82.5,90.0,90.0,5
8.3,1,3,2,88,4.8,Yes,Yes,76,86,Placed,81.0,96.0,92.0,6
8.2,2,3,2,90,4.7,Yes,Yes,89,78,Placed,83.5,94.0,92.0,7
8.5,2,3,0,89,4.5,Yes,Yes,81,80,Placed,80.5,90.0,89.5,5
6.6,1,1,2,67,4.0,No,No,55,67,NotPlaced,61.0,80.0,73.5,4
8.2,1,1,2,71,4.2,Yes,Yes,77,83,NotPlaced,80.0,84.00000000000001,77.5,4
8.6,1,2,2,77,4.3,No,No,55,59,Placed,57.0,86.0,81.5,5
6.7,0,1,1,77,3.7,No,No,63,67,NotPlaced,65.0,74.0,75.5,2
7.6,1,1,0,69,4.5,No,No,73,71,NotPlaced,72.0,90.0,79.5,2
8.1,1,3,2,90,4.7,Yes,Yes,80,84,Placed,82.0,94.0,92.0,6
7.7,0,1,1,72,3.5,No,Yes,64,67,NotPlaced,65.5,70.0,71.0,2
7.6,1,2,0,72,4.8,No,Yes,63,65,NotPlaced,64.0,96.0,84.0,3
8.0,0,3,3,84,4.8,Yes,Yes,90,84,Placed,87.0,96.0,90.0,6
8.3,0,1,0,87,4.5,No,Yes,74,69,Placed,71.5,90.0,88.5,1
7.2,1,2,0,80,4.6,No,Yes,65,58,NotPlaced,61.5,92.0,86.0,3
7.4,1,1,0,67,4.1,No,No,67,66,NotPlaced,66.5,82.0,74.5,2
7.3,1,2,1,68,4.3,Yes,Yes,62,71,NotPlaced,66.5,86.0,77.0,4
6.5,0,1,0,64,4.1,No,No,63,70,NotPlaced,66.5,82.0,73.0,1
8.7,1,3,2,90,4.7,Yes,Yes,79,80,Placed,79.5,94.0,92.0,6
7.7,1,1,1,75,4.0,No,Yes,60,67,NotPlaced,63.5,80.0,77.5,3
8.4,2,3,2,90,4.8,Yes,Yes,82,88,Placed,85.0,96.0,93.0,7
6.6,1,1,0,76,4.2,Yes,No,55,65,NotPlaced,60.0,84.00000000000001,80.0,2
7.7,1,3,0,80,4.8,Yes,Yes,76,86,Placed,81.0,96.0,88.0,4
8.2,1,2,3,84,4.0,Yes,Yes,82,63,NotPlaced,72.5,80.0,82.0,6
6.5,2,3,2,80,4.2,No,Yes,75,72,NotPlaced,73.5,84.00000000000001,82.0,7
8.1,1,1,0,81,3.5,Yes,Yes,78,84,NotPlaced,81.0,70.0,75.5,2
8.7,2,3,2,90,4.8,Yes,Yes,77,82,Placed,79.5,96.0,93.0,7
7.5,0,1,0,68,4.1,No,No,57,58,NotPlaced,57.5,82.0,75.0,1
6.7,0,1,1,80,3.7,Yes,Yes,75,70,NotPlaced,72.5,74.0,77.0,2
8.4,2,2,0,90,4.5,Yes,Yes,76,85,NotPlaced,80.5,90.0,90.0,4
6.7,1,1,0,76,3.8,Yes,Yes,57,66,Placed,61.5,76.0,76.0,2
8.3,0,3,0,90,4.6,Yes,Yes,81,88,Placed,84.5,92.0,91.0,3
6.8,1,3,0,66,3.6,Yes,Yes,55,61,Placed,58.0,72.0,69.0,4
6.5,1,2,0,85,4.7,No,Yes,55,59,Placed,57.0,94.0,89.5,3
7.5,0,1,0,64,3.7,No,Yes,55,71,Placed,63.0,74.0,69.0,1
8.3,1,3,2,82,4.8,Yes,Yes,77,88,Placed,82.5,96.0,89.0,6
7.3,0,1,3,81,4.8,Yes,Yes,76,87,NotPlaced,81.5,96.0,88.5,4
6.7,0,1,1,70,4.6,Yes,Yes,64,73,NotPlaced,68.5,92.0,81.0,2
7.2,0,1,0,63,3.8,No,No,66,66,NotPlaced,66.0,76.0,69.5,1
8.7,2,2,2,90,4.8,Yes,Yes,74,84,Placed,79.0,96.0,93.0,6
7.7,1,2,0,77,4.3,Yes,Yes,73,80,Placed,76.5,86.0,81.5,3
7.9,0,2,0,80,3.6,No,No,60,86,NotPlaced,73.0,72.0,76.0,2
6.5,0,3,2,84,4.6,Yes,Yes,90,84,Placed,87.0,92.0,88.0,5
8.9,2,3,2,90,4.8,Yes,Yes,77,82,Placed,79.5,96.0,93.0,7
7.3,1,2,1,83,4.2,No,No,61,64,NotPlaced,62.5,84.00000000000001,83.5,4
8.3,0,1,0,71,4.1,Yes,Yes,55,59,Placed,57.0,82.0,76.5,1
6.5,0,1,0,80,3.9,No,Yes,75,69,NotPlaced,72.0,78.0,79.0,1
7.5,2,3,0,85,4.3,No,No,55,69,Placed,62.0,86.0,85.5,5
8.5,2,2,0,79,3.7,Yes,Yes,55,83,NotPlaced,69.0,74.0,76.5,4
7.6,1,1,0,80,3.9,No,No,56,67,NotPlaced,61.5,78.0,79.0,2
7.4,1,2,0,76,4.4,No,Yes,61,69,NotPlaced,65.0,88.00000000000001,82.0,3
8.6,2,3,2,90,4.8,Yes,Yes,85,78,Placed,81.5,96.0,93.0,7
8.1,2,3,2,90,4.6,Yes,Yes,79,84,Placed,81.5,92.0,91.0,7
7.5,1,1,0,88,4.3,No,No,86,84,NotPlaced,85.0,86.0,87.0,2
7.5,1,1,1,67,4.5,No,No,55,61,NotPlaced,58.0,90.0,78.5,3
7.4,1,2,0,80,4.2,Yes,Yes,62,79,NotPlaced,70.5,84.00000000000001,82.0,3
8.6,1,3,0,89,4.8,Yes,Yes,74,61,Placed,67.5,96.0,92.5,4
6.8,1,1,1,75,3.8,No,Yes,57,67,NotPlaced,62.0,76.0,75.5,3
8.6,2,1,2,90,4.8,Yes,Yes,81,80,Placed,80.5,96.0,93.0,5
8.0,1,3,1,76,4.6,No,No,70,67,NotPlaced,68.5,92.0,84.0,5
7.9,1,3,1,82,4.3,Yes,Yes,76,81,Placed,78.5,86.0,84.0,5
8.1,1,3,2,89,4.6,Yes,Yes,80,85,Placed,82.5,92.0,90.5,6
6.5,1,3,2,81,4.5,No,No,72,82,Placed,77.0,90.0,85.5,6
7.0,1,2,0,69,4.3,No,Yes,55,68,NotPlaced,61.5,86.0,77.5,3
8.0,2,3,2,88,4.8,Yes,Yes,82,81,Placed,81.5,96.0,92.0,7
6.9,1,2,1,90,3.9,Yes,Yes,78,85,NotPlaced,81.5,78.0,84.0,4
8.3,2,3,2,90,4.8,Yes,No,75,80,Placed,77.5,96.0,93.0,7
7.8,1,2,0,84,3.0,Yes,Yes,62,70,NotPlaced,66.0,60.0,72.0,3
7.4,0,1,0,76,4.0,No,No,60,70,NotPlaced,65.0,80.0,78.0,1
6.7,1,2,0,67,3.9,No,No,59,69,NotPlaced,64.0,78.0,72.5,3
6.6,1,3,0,62,3.8,Yes,Yes,57,72,NotPlaced,64.5,76.0,69.0,4
6.6,1,3,2,81,4.5,Yes,No,72,77,NotPlaced,74.5,90.0,85.5,6
7.5,1,1,1,74,3.9,No,Yes,60,62,NotPlaced,61.0,78.0,76.0,3
7.2,1,2,2,75,4.3,No,Yes,75,75,NotPlaced,75.0,86.0,80.5,5
7.5,1,2,0,69,3.5,No,No,55,62,NotPlaced,58.5,70.0,69.5,3
8.1,1,3,2,81,4.5,Yes,Yes,83,84,Placed,83.5,90.0,85.5,6
8.3,2,3,2,90,4.7,Yes,Yes,80,83,Placed,81.5,94.0,92.0,7
8.1,1,1,1,77,4.1,Yes,Yes,62,75,Placed,68.5,82.0,79.5,3
8.2,1,2,1,84,4.8,Yes,Yes,68,88,NotPlaced,78.0,96.0,90.0,4
8.1,2,2,0,83,4.7,Yes,Yes,78,86,Placed,82.0,94.0,88.5,4
7.5,0,1,0,71,4.1,No,Yes,73,66,NotPlaced,69.5,82.0,76.5,1
8.3,0,1,2,85,4.7,Yes,Yes,83,68,Placed,75.5,94.0,89.5,3
6.9,0,1,1,65,4.1,Yes,Yes,70,61,Placed,65.5,82.0,73.5,2
8.0,1,3,2,90,4.7,Yes,Yes,74,84,Placed,79.0,94.0,92.0,6
8.1,1,3,0,88,4.0,No,Yes,81,87,Placed,84.0,80.0,84.0,4
8.3,0,3,2,83,4.3,Yes,Yes,76,84,Placed,80.0,86.0,84.5,5
8.4,2,3,1,73,4.2,No,Yes,75,86,NotPlaced,80.5,84.00000000000001,78.5,6
7.6,1,2,1,68,4.1,No,Yes,55,68,NotPlaced,61.5,82.0,75.0,4
8.1,1,2,0,83,4.1,Yes,No,66,66,NotPlaced,66.0,82.0,82.5,3
8.4,0,1,2,74,4.2,Yes,Yes,55,68,NotPlaced,61.5,84.00000000000001,79.0,3
8.2,2,3,2,86,4.8,Yes,Yes,77,83,Placed,80.0,96.0,91.0,7
6.5,1,1,1,76,4.1,No,Yes,55,58,NotPlaced,56.5,82.0,79.0,3
8.4,0,1,2,89,4.8,Yes,Yes,62,87,Placed,74.5,96.0,92.5,3
8.1,2,3,2,90,4.8,Yes,Yes,83,84,Placed,83.5,96.0,93.0,7
8.2,0,3,2,90,4.5,Yes,Yes,81,85,Placed,83.0,90.0,90.0,5
6.9,1,1,0,75,4.1,Yes,Yes,55,76,NotPlaced,65.5,82.0,78.5,2
8.2,1,2,2,89,4.8,Yes,Yes,73,70,Placed,71.5,96.0,92.5,5
7.6,0,1,1,66,4.2,Yes,Yes,55,67,NotPlaced,61.0,84.00000000000001,75.0,2
8.3,1,1,0,83,4.0,No,Yes,65,66,NotPlaced,65.5,80.0,81.5,2
8.3,1,1,1,72,4.7,Yes,Yes,66,71,NotPlaced,68.5,94.0,83.0,3
7.9,0,3,2,83,4.8,Yes,Yes,73,79,Placed,76.0,96.0,89.5,5
6.5,0,2,0,73,3.7,No,Yes,64,72,NotPlaced,68.0,74.0,73.5,2
6.5,1,1,0,80,3.8,No,Yes,64,69,NotPlaced,66.5,76.0,78.0,2
6.6,0,1,0,74,3.9,No,Yes,63,63,NotPlaced,63.0,78.0,76.0,1
7.6,1,1,0,84,4.1,Yes,Yes,72,72,NotPlaced,72.0,82.0,83.0,2
7.9,1,2,2,63,3.8,Yes,Yes,55,62,NotPlaced,58.5,76.0,69.5,5
7.6,2,3,2,90,4.8,Yes,Yes,89,84,Placed,86.5,96.0,93.0,7
6.6,0,2,0,75,3.9,No,Yes,55,69,Placed,62.0,78.0,76.5,2
8.3,1,3,2,90,4.7,Yes,Yes,69,80,Placed,74.5,94.0,92.0,6
8.4,2,3,2,90,4.8,Yes,Yes,79,84,Placed,81.5,96.0,93.0,7
6.5,0,2,0,80,4.2,No,No,57,71,NotPlaced,64.0,84.00000000000001,82.0,2
7.4,2,3,0,81,4.6,No,No,80,69,NotPlaced,74.5,92.0,86.5,5
7.7,0,1,1,70,3.6,No,Yes,55,68,NotPlaced,61.5,72.0,71.0,2
8.2,1,1,1,69,4.2,No,Yes,76,65,NotPlaced,70.5,84.00000000000001,76.5,3
6.5,1,1,1,83,4.2,No,No,58,76,NotPlaced,67.0,84.00000000000001,83.5,3
7.0,1,1,1,68,3.7,No,No,55,68,NotPlaced,61.5,74.0,71.0,3
8.7,2,3,2,90,4.8,Yes,Yes,80,79,Placed,79.5,96.0,93.0,7
8.5,2,3,2,81,4.5,Yes,Yes,78,84,Placed,81.0,90.0,85.5,7
6.7,1,1,0,64,3.7,No,Yes,55,60,NotPlaced,57.5,74.0,69.0,2
8.9,1,3,2,90,4.6,Yes,Yes,71,81,Placed,76.0,92.0,91.0,6
7.4,1,1,1,73,3.6,No,Yes,59,64,NotPlaced,61.5,72.0,72.5,3
8.8,1,3,2,90,4.8,Yes,Yes,75,82,Placed,78.5,96.0,93.0,6
7.4,0,1,0,65,4.2,No,No,55,70,NotPlaced,62.5,84.00000000000001,74.5,1
7.5,2,3,2,90,4.7,Yes,Yes,83,85,Placed,84.0,94.0,92.0,7
8.3,1,2,2,89,4.6,Yes,Yes,79,84,Placed,81.5,92.0,90.5,5
8.5,2,1,2,87,4.8,Yes,Yes,78,85,Placed,81.5,96.0,91.5,5
8.0,2,3,2,90,4.8,Yes,Yes,77,86,Placed,81.5,96.0,93.0,7
8.2,2,3,2,88,4.5,Yes,Yes,77,83,Placed,80.0,90.0,89.0,7
8.4,1,2,2,84,4.7,Yes,Yes,76,71,NotPlaced,73.5,94.0,89.0,5
8.1,2,3,2,87,4.6,No,Yes,73,85,Placed,79.0,92.0,89.5,7
6.7,1,2,2,68,4.1,Yes,No,79,70,NotPlaced,74.5,82.0,75.0,5
8.1,1,3,3,77,4.1,Yes,Yes,74,85,Placed,79.5,82.0,79.5,7
7.6,1,3,2,90,4.8,Yes,Yes,85,80,Placed,82.5,96.0,93.0,6
7.3,1,1,0,82,3.9,No,No,81,60,NotPlaced,70.5,78.0,80.0,2
7.9,1,1,0,75,4.3,No,No,75,75,Placed,75.0,86.0,80.5,2
6.5,1,2,0,67,4.1,No,Yes,57,71,NotPlaced,64.0,82.0,74.5,3
7.7,1,1,0,70,4.4,Yes,Yes,65,70,NotPlaced,67.5,88.00000000000001,79.0,2
8.5,2,3,2,90,4.8,Yes,Yes,85,86,Placed,85.5,96.0,93.0,7
8.2,1,2,0,71,4.7,No,Yes,68,66,NotPlaced,67.0,94.0,82.5,3
8.3,2,3,2,90,4.8,Yes,Yes,72,88,Placed,80.0,96.0,93.0,7
8.2,2,3,2,90,4.4,Yes,Yes,88,87,Placed,87.5,88.00000000000001,89.0,7
8.7,1,1,2,82,4.2,Yes,Yes,74,87,NotPlaced,80.5,84.00000000000001,83.0,4
8.5,1,1,1,84,4.6,No,Yes,71,81,NotPlaced,76.0,92.0,88.0,3
7.6,1,1,0,82,3.7,No,Yes,55,67,NotPlaced,61.0,74.0,78.0,2
8.1,1,3,0,90,4.8,Yes,Yes,75,81,Placed,78.0,96.0,93.0,4
8.6,1,3,0,86,3.8,Yes,Yes,78,72,NotPlaced,75.0,76.0,81.0,4
7.5,1,1,1,76,3.6,No,No,58,70,NotPlaced,64.0,72.0,74.0,3
7.4,1,1,1,79,4.3,No,No,61,76,NotPlaced,68.5,86.0,82.5,3
8.2,1,3,0,86,4.7,Yes,Yes,81,88,Placed,84.5,94.0,90.0,4
7.6,1,1,0,71,3.3,No,Yes,64,72,NotPlaced,68.0,65.99999999999999,68.5,2
7.4,1,1,0,74,4.0,No,Yes,55,61,NotPlaced,58.0,80.0,77.0,2
8.3,2,3,2,84,4.4,Yes,Yes,83,84,Placed,83.5,88.00000000000001,86.0,7
7.8,1,3,0,81,4.3,Yes,Yes,76,82,Placed,79.0,86.0,83.5,4
8.5,2,3,1,86,4.5,Yes,Yes,75,81,Placed,78.0,90.0,88.0,6
8.1,1,1,1,67,3.8,No,No,59,57,NotPlaced,58.0,76.0,71.5,3
7.4,0,2,1,72,4.4,No,Yes,60,70,Placed,65.0,88.00000000000001,80.0,3
8.1,1,3,0,69,3.9,No,No,82,69,NotPlaced,75.5,78.0,73.5,4
7.6,1,1,1,76,3.8,No,Yes,68,83,Placed,75.5,76.0,76.0,3
7.6,1,3,1,73,4.8,No,Yes,62,73,Placed,67.5,96.0,84.5,5
7.8,2,1,0,70,3.5,No,No,70,66,NotPlaced,68.0,70.0,70.0,3
7.3,1,1,1,68,4.7,No,Yes,68,58,NotPlaced,63.0,94.0,81.0,3
8.6,1,3,2,72,4.0,Yes,Yes,80,64,Placed,72.0,80.0,76.0,6
8.3,2,3,2,90,4.8,Yes,Yes,87,81,Placed,84.0,96.0,93.0,7
8.2,2,3,2,90,4.6,Yes,Yes,85,85,Placed,85.0,92.0,91.0,7
7.9,1,2,0,90,4.1,Yes,Yes,77,78,Placed,77.5,82.0,86.0,3
6.5,0,1,0,73,3.7,No,No,57,67,NotPlaced,62.0,74.0,73.5,1
7.7,0,1,0,66,4.2,Yes,Yes,56,69,NotPlaced,62.5,84.00000000000001,75.0,1
8.1,2,3,0,83,3.8,Yes,No,67,60,Placed,63.5,76.0,79.5,5
7.5,2,3,2,77,4.8,Yes,Yes,58,73,Placed,65.5,96.0,86.5,7
7.2,0,2,0,69,4.1,Yes,Yes,71,83,NotPlaced,77.0,82.0,75.5,2
7.7,2,1,1,80,4.7,No,No,56,65,NotPlaced,60.5,94.0,87.0,4
8.0,1,3,1,89,4.8,Yes,No,72,81,Placed,76.5,96.0,92.5,5
7.8,1,3,0,75,4.2,Yes,Yes,82,82,Placed,82.0,84.00000000000001,79.5,4
8.2,1,1,0,77,3.8,No,No,57,67,NotPlaced,62.0,76.0,76.5,2
7.6,1,3,0,77,4.3,Yes,Yes,70,83,NotPlaced,76.5,86.0,81.5,4
8.5,1,3,1,84,4.8,Yes,Yes,73,84,Placed,78.5,96.0,90.0,5
8.4,1,3,2,90,4.8,Yes,Yes,82,88,Placed,85.0,96.0,93.0,6
7.6,0,3,0,79,4.6,Yes,Yes,63,61,NotPlaced,62.0,92.0,85.5,3
8.2,2,3,2,90,4.8,Yes,Yes,70,86,NotPlaced,78.0,96.0,93.0,7
7.4,1,3,0,80,4.6,No,Yes,71,72,NotPlaced,71.5,92.0,86.0,4
6.6,1,1,0,82,3.9,Yes,No,73,78,NotPlaced,75.5,78.0,80.0,2
7.4,2,2,2,86,4.0,No,Yes,74,68,NotPlaced,71.0,80.0,83.0,6
6.5,0,1,0,67,3.5,No,Yes,55,67,NotPlaced,61.0,70.0,68.5,1
7.7,2,2,2,90,4.8,Yes,Yes,81,88,Placed,84.5,96.0,93.0,6
7.5,1,2,0,69,4.1,No,Yes,55,68,NotPlaced,61.5,82.0,75.5,3
7.4,0,2,1,89,4.3,Yes,Yes,79,70,NotPlaced,74.5,86.0,87.5,3
8.2,0,3,0,77,4.0,Yes,No,69,85,NotPlaced,77.0,80.0,78.5,3
7.5,0,3,0,83,3.8,Yes,Yes,75,65,Placed,70.0,76.0,79.5,3
8.1,2,3,1,85,4.8,Yes,Yes,74,84,Placed,79.0,96.0,90.5,6
7.9,0,1,1,61,4.4,No,No,55,64,NotPlaced,59.5,88.00000000000001,74.5,2
7.7,1,1,0,64,3.8,No,No,60,68,NotPlaced,64.0,76.0,70.0,2
8.3,2,3,2,90,4.4,Yes,Yes,78,87,Placed,82.5,88.00000000000001,89.0,7
7.4,2,1,1,80,4.1,Yes,No,55,71,NotPlaced,63.0,82.0,81.0,4
7.9,2,3,2,85,4.8,Yes,Yes,75,81,Placed,78.0,96.0,90.5,7
7.4,1,2,1,86,4.5,No,Yes,82,65,NotPlaced,73.5,90.0,88.0,4
7.7,1,2,0,71,4.4,No,Yes,59,74,NotPlaced,66.5,88.00000000000001,79.5,3
8.5,1,3,2,90,4.8,No,No,82,63,Placed,72.5,96.0,93.0,6
7.7,1,1,2,76,4.0,No,Yes,59,62,Placed,60.5,80.0,78.0,4
7.5,1,2,1,66,4.0,No,Yes,58,76,NotPlaced,67.0,80.0,73.0,4
8.2,2,3,2,87,4.8,Yes,Yes,74,87,Placed,80.5,96.0,91.5,7
7.9,1,2,1,85,4.8,No,No,81,79,Placed,80.0,96.0,90.5,4
7.5,0,1,1,72,4.6,Yes,Yes,55,64,NotPlaced,59.5,92.0,82.0,2
7.8,1,3,1,75,4.6,Yes,Yes,83,80,Placed,81.5,92.0,83.5,5
7.6,1,2,1,87,4.3,No,No,60,80,NotPlaced,70.0,86.0,86.5,4
7.5,1,1,1,66,4.3,No,No,57,63,NotPlaced,60.0,86.0,76.0,3
7.8,2,3,2,90,4.7,Yes,Yes,78,82,Placed,80.0,94.0,92.0,7
8.3,1,1,0,86,4.2,No,Yes,55,71,Placed,63.0,84.00000000000001,85.0,2
8.3,2,3,3,90,4.8,Yes,Yes,76,77,Placed,76.5,96.0,93.0,8
8.2,2,3,2,90,4.6,Yes,Yes,76,85,Placed,80.5,92.0,91.0,7
7.0,1,1,0,79,4.3,No,No,55,70,NotPlaced,62.5,86.0,82.5,2
6.6,1,1,0,73,3.9,No,Yes,55,61,NotPlaced,58.0,78.0,75.5,2
8.6,2,3,2,90,4.8,Yes,Yes,79,87,Placed,83.0,96.0,93.0,7
8.0,2,3,0,90,4.8,No,Yes,65,86,NotPlaced,75.5,96.0,93.0,5
7.7,2,3,2,87,4.8,Yes,Yes,80,82,Placed,81.0,96.0,91.5,7
8.2,0,3,0,81,4.2,Yes,Yes,68,85,Placed,76.5,84.00000000000001,82.5,3
8.4,2,3,2,90,4.8,Yes,Yes,70,82,Placed,76.0,96.0,93.0,7
6.5,0,1,0,76,4.7,No,Yes,59,68,NotPlaced,63.5,94.0,85.0,1
6.9,0,1,0,60,4.6,No,No,80,67,NotPlaced,73.5,92.0,76.0,1
8.1,2,3,2,90,4.8,Yes,Yes,89,84,Placed,86.5,96.0,93.0,7
6.6,1,1,1,75,3.9,Yes,Yes,63,69,NotPlaced,66.0,78.0,76.5,3
7.9,1,1,2,87,4.2,No,Yes,80,75,NotPlaced,77.5,84.00000000000001,85.5,4
7.5,1,2,0,83,4.7,No,Yes,62,83,Placed,72.5,94.0,88.5,3
8.6,0,3,3,90,4.8,Yes,Yes,70,84,Placed,77.0,96.0,93.0,6
8.4,1,3,2,78,4.5,Yes,Yes,78,73,Placed,75.5,90.0,84.0,6
7.9,2,3,2,90,4.6,Yes,Yes,75,87,Placed,81.0,92.0,91.0,7
7.5,0,2,0,70,3.5,Yes,Yes,80,76,Placed,78.0,70.0,70.0,2
9.0,2,3,0,90,4.8,Yes,Yes,85,80,Placed,82.5,96.0,93.0,5
7.9,0,3,2,80,4.7,Yes,Yes,77,83,Placed,80.0,94.0,87.0,5
6.5,1,1,0,88,3.9,No,No,69,67,NotPlaced,68.0,78.0,83.0,2
7.3,1,1,1,67,4.4,No,Yes,57,58,NotPlaced,57.5,88.00000000000001,77.5,3
7.9,0,3,1,86,4.6,Yes,Yes,76,88,Placed,82.0,92.0,89.0,4
7.0,1,1,0,74,4.5,No,No,57,61,NotPlaced,59.0,90.0,82.0,2
7.1,1,1,3,75,4.4,Yes,Yes,74,82,NotPlaced,78.0,88.00000000000001,81.5,5
7.3,1,2,0,83,4.5,Yes,Yes,56,71,Placed,63.5,90.0,86.5,3
6.7,0,1,0,70,4.7,Yes,Yes,61,85,Placed,73.0,94.0,82.0,1
8.6,1,2,1,90,4.2,No,Yes,71,68,Placed,69.5,84.00000000000001,87.0,4
8.4,0,3,2,88,4.3,Yes,Yes,84,84,Placed,84.0,86.0,87.0,5
8.4,2,3,0,89,4.8,Yes,Yes,71,85,NotPlaced,78.0,96.0,92.5,5
7.9,0,2,0,69,4.0,No,Yes,57,73,NotPlaced,65.0,80.0,74.5,2
7.6,1,1,1,74,3.9,Yes,No,55,65,NotPlaced,60.0,78.0,76.0,3
7.9,1,3,1,90,4.8,Yes,Yes,77,85,Placed,81.0,96.0,93.0,5
7.6,1,2,0,67,4.2,No,Yes,74,75,NotPlaced,74.5,84.00000000000001,75.5,3
6.5,1,2,0,89,4.5,No,Yes,61,70,NotPlaced,65.5,90.0,89.5,3
7.4,1,2,1,84,4.6,No,Yes,55,70,NotPlaced,62.5,92.0,88.0,4
8.2,0,2,2,86,4.5,Yes,No,78,65,NotPlaced,71.5,90.0,88.0,4
8.1,2,3,2,77,4.5,Yes,Yes,84,68,NotPlaced,76.0,90.0,83.5,7
7.6,1,1,1,70,4.4,No,No,58,63,NotPlaced,60.5,88.00000000000001,79.0,3
8.4,2,3,2,90,4.8,Yes,Yes,79,83,Placed,81.0,96.0,93.0,7
8.6,2,3,2,87,4.7,Yes,Yes,86,84,Placed,85.0,94.0,90.5,7
7.4,1,1,0,74,3.8,No,No,73,70,NotPlaced,71.5,76.0,75.0,2
7.6,1,1,1,71,4.2,No,No,64,71,NotPlaced,67.5,84.00000000000001,77.5,3
7.6,0,1,0,77,3.0,No,No,55,69,NotPlaced,62.0,60.0,68.5,1
8.0,2,3,3,90,4.8,Yes,Yes,78,85,Placed,81.5,96.0,93.0,8
6.5,1,2,0,67,3.9,No,No,55,67,NotPlaced,61.0,78.0,72.5,3
7.6,1,2,1,77,4.4,Yes,Yes,76,87,NotPlaced,81.5,88.00000000000001,82.5,4
7.3,0,2,0,82,4.5,No,Yes,57,82,NotPlaced,69.5,90.0,86.0,2
6.5,1,1,2,69,4.2,Yes,No,57,65,NotPlaced,61.0,84.00000000000001,76.5,4
8.4,2,3,0,90,4.8,Yes,Yes,80,86,Placed,83.0,96.0,93.0,5
8.3,0,1,1,72,3.8,No,No,58,67,NotPlaced,62.5,76.0,74.0,2
6.9,1,2,0,80,3.4,No,No,55,71,NotPlaced,63.0,68.0,74.0,3
7.5,0,2,1,70,3.8,Yes,Yes,78,87,Placed,82.5,76.0,73.0,3
8.1,2,3,0,84,4.8,Yes,Yes,83,82,Placed,82.5,96.0,90.0,5
8.0,2,1,2,90,4.6,Yes,Yes,87,85,NotPlaced,86.0,92.0,91.0,5
7.7,1,1,1,75,4.5,No,Yes,65,74,NotPlaced,69.5,90.0,82.5,3
8.3,2,3,2,86,4.6,Yes,Yes,79,84,Placed,81.5,92.0,89.0,7
8.4,2,3,2,90,4.8,Yes,Yes,76,87,Placed,81.5,96.0,93.0,7
7.7,2,3,1,85,4.2,Yes,Yes,74,82,NotPlaced,78.0,84.00000000000001,84.5,6
6.5,1,1,1,80,3.6,No,No,57,67,NotPlaced,62.0,72.0,76.0,3
8.3,2,1,1,71,3.9,No,Yes,58,66,NotPlaced,62.0,78.0,74.5,4
7.7,1,2,1,61,3.7,No,Yes,55,63,NotPlaced,59.0,74.0,67.5,4
7.4,0,2,1,79,3.6,No,Yes,55,65,NotPlaced,60.0,72.0,75.5,3
8.0,2,1,2,77,4.4,Yes,Yes,56,75,NotPlaced,65.5,88.00000000000001,82.5,5
6.8,1,3,0,61,4.3,No,No,59,68,NotPlaced,63.5,86.0,73.5,4
7.5,1,1,0,75,4.1,Yes,Yes,83,57,NotPlaced,70.0,82.0,78.5,2
7.6,1,1,0,84,4.2,Yes,Yes,62,64,NotPlaced,63.0,84.00000000000001,84.0,2
7.7,1,1,0,69,4.0,No,No,55,69,NotPlaced,62.0,80.0,74.5,2
7.8,1,1,0,61,3.4,No,No,63,63,NotPlaced,63.0,68.0,64.5,2
8.3,1,1,2,83,4.0,Yes,Yes,76,67,Placed,71.5,80.0,81.5,4
8.3,2,1,2,83,4.4,Yes,Yes,59,86,NotPlaced,72.5,88.00000000000001,85.5,5
8.5,1,3,2,90,4.7,Yes,Yes,76,87,Placed,81.5,94.0,92.0,6
6.5,1,1,0,70,4.0,No,Yes,59,71,NotPlaced,65.0,80.0,75.0,2
8.7,2,3,2,90,4.8,Yes,Yes,90,86,Placed,88.0,96.0,93.0,7
6.6,0,1,3,84,3.7,No,No,75,67,NotPlaced,71.0,74.0,79.0,4
6.7,0,1,1,78,4.3,No,No,60,66,NotPlaced,63.0,86.0,82.0,2
8.3,1,2,1,80,4.3,Yes,Yes,71,84,Placed,77.5,86.0,83.0,4
7.4,1,1,1,70,4.0,No,No,56,67,NotPlaced,61.5,80.0,75.0,3
7.7,1,1,2,88,4.2,No,Yes,65,88,Placed,76.5,84.00000000000001,86.0,4
6.8,0,1,1,67,3.4,No,Yes,59,68,NotPlaced,63.5,68.0,67.5,2
8.0,1,2,0,88,4.4,Yes,Yes,78,76,Placed,77.0,88.00000000000001,88.0,3
7.4,1,1,1,72,4.0,No,No,55,69,NotPlaced,62.0,80.0,76.0,3
6.6,0,1,1,66,3.8,No,No,62,58,NotPlaced,60.0,76.0,71.0,2
7.5,1,1,0,64,4.3,No,No,59,69,NotPlaced,64.0,86.0,75.0,2
8.3,0,3,1,80,4.8,Yes,Yes,75,67,Placed,71.0,96.0,88.0,4
7.5,1,3,2,72,4.5,Yes,Yes,65,86,NotPlaced,75.5,90.0,81.0,6
8.0,2,2,2,88,4.4,No,No,75,80,NotPlaced,77.5,88.00000000000001,88.0,6
8.4,1,3,2,84,4.8,Yes,Yes,81,84,NotPlaced,82.5,96.0,90.0,6
7.7,1,3,2,86,4.7,Yes,Yes,69,88,Placed,78.5,94.0,90.0,6
7.7,1,2,0,86,4.5,No,Yes,72,79,Placed,75.5,90.0,88.0,3
7.8,1,2,2,85,4.3,No,Yes,68,78,Placed,73.0,86.0,85.5,5
8.4,1,3,2,80,4.5,Yes,Yes,72,73,Placed,72.5,90.0,85.0,6
6.7,0,1,1,68,4.3,No,No,68,62,NotPlaced,65.0,86.0,77.0,2
7.5,1,1,1,79,3.9,No,No,55,73,NotPlaced,64.0,78.0,78.5,3
7.5,2,1,1,78,4.3,No,Yes,55,71,NotPlaced,63.0,86.0,82.0,4
8.5,2,3,2,90,4.8,Yes,Yes,79,82,Placed,80.5,96.0,93.0,7
8.3,0,3,1,86,4.3,Yes,Yes,55,88,Placed,71.5,86.0,86.0,4
8.3,2,3,0,73,4.5,Yes,Yes,71,87,NotPlaced,79.0,90.0,81.5,5
8.5,1,3,2,89,4.8,Yes,Yes,77,88,Placed,82.5,96.0,92.5,6
8.0,0,3,0,88,4.4,Yes,Yes,78,83,NotPlaced,80.5,88.00000000000001,88.0,3
8.7,1,3,2,90,4.8,Yes,Yes,68,81,Placed,74.5,96.0,93.0,6
8.1,0,3,0,76,3.9,Yes,Yes,66,83,NotPlaced,74.5,78.0,77.0,3
8.0,2,3,2,86,3.8,Yes,Yes,87,86,Placed,86.5,76.0,81.0,7
8.5,2,3,0,85,4.5,Yes,Yes,86,84,Placed,85.0,90.0,87.5,5
8.5,2,3,3,90,4.7,Yes,Yes,80,80,Placed,80.0,94.0,92.0,8
7.5,1,3,3,90,4.8,Yes,No,64,82,Placed,73.0,96.0,93.0,7
8.1,2,3,2,90,3.8,Yes,Yes,90,77,Placed,83.5,76.0,83.0,7
8.3,1,3,2,76,4.5,Yes,Yes,76,65,Placed,70.5,90.0,83.0,6
8.3,2,3,2,89,4.8,Yes,No,82,84,Placed,83.0,96.0,92.5,7
7.5,1,3,1,79,3.8,Yes,Yes,58,67,NotPlaced,62.5,76.0,77.5,5
7.5,0,1,1,75,4.3,No,No,80,82,NotPlaced,81.0,86.0,80.5,2
7.0,1,1,0,70,4.1,No,No,56,62,NotPlaced,59.0,82.0,76.0,2
7.8,0,2,2,82,4.8,Yes,Yes,77,68,NotPlaced,72.5,96.0,89.0,4
7.4,1,3,2,73,4.1,Yes,Yes,86,78,Placed,82.0,82.0,77.5,6
8.1,2,3,2,90,4.7,No,No,67,76,NotPlaced,71.5,94.0,92.0,7
7.6,2,2,2,80,4.8,Yes,Yes,75,83,Placed,79.0,96.0,88.0,6
6.7,1,1,0,74,3.5,No,No,65,62,NotPlaced,63.5,70.0,72.0,2
8.0,2,3,2,90,4.8,Yes,Yes,79,86,Placed,82.5,96.0,93.0,7
7.6,1,2,1,81,4.4,Yes,Yes,75,88,Placed,81.5,88.00000000000001,84.5,4
8.6,1,3,2,90,4.8,Yes,Yes,85,87,Placed,86.0,96.0,93.0,6
8.6,0,3,2,90,4.7,Yes,Yes,71,88,Placed,79.5,94.0,92.0,5
7.8,1,3,2,78,4.8,Yes,Yes,78,67,NotPlaced,72.5,96.0,87.0,6
7.5,1,3,0,83,4.8,Yes,Yes,75,84,Placed,79.5,96.0,89.5,4
8.7,2,3,2,90,4.6,Yes,Yes,81,82,Placed,81.5,92.0,91.0,7
7.7,1,2,1,74,4.5,No,No,55,68,NotPlaced,61.5,90.0,82.0,4
7.4,1,1,1,70,4.3,No,Yes,72,75,NotPlaced,73.5,86.0,78.0,3
7.8,2,1,1,87,4.4,Yes,Yes,82,79,NotPlaced,80.5,88.00000000000001,87.5,4
6.7,1,3,2,86,4.1,Yes,Yes,86,82,Placed,84.0,82.0,84.0,6
6.5,1,2,0,81,4.1,No,No,55,85,NotPlaced,70.0,82.0,81.5,3
8.4,2,3,2,90,4.3,Yes,Yes,87,85,Placed,86.0,86.0,88.0,7
7.5,1,1,0,71,4.1,No,Yes,66,74,NotPlaced,70.0,82.0,76.5,2
7.9,1,2,2,86,4.8,No,Yes,87,84,NotPlaced,85.5,96.0,91.0,5
7.4,0,2,2,82,4.8,Yes,Yes,88,66,Placed,77.0,96.0,89.0,4
7.5,1,1,0,77,4.1,No,Yes,58,70,NotPlaced,64.0,82.0,79.5,2
7.7,1,3,2,87,4.5,Yes,Yes,82,81,Placed,81.5,90.0,88.5,6
6.5,1,1,1,83,4.4,No,No,55,65,NotPlaced,60.0,88.00000000000001,85.5,3
8.3,2,1,2,84,4.8,Yes,Yes,69,85,Placed,77.0,96.0,90.0,5
7.6,1,1,1,80,3.7,No,Yes,61,58,NotPlaced,59.5,74.0,77.0,3
6.7,2,2,1,76,3.9,Yes,Yes,55,84,Placed,69.5,78.0,77.0,5
7.6,0,1,1,83,3.4,No,Yes,55,64,Placed,59.5,68.0,75.5,2
7.7,1,2,3,78,4.4,No,No,71,68,NotPlaced,69.5,88.00000000000001,83.0,6
8.4,0,1,0,78,4.5,No,Yes,55,66,NotPlaced,60.5,90.0,84.0,1
6.8,2,1,0,65,4.6,Yes,Yes,55,63,NotPlaced,59.0,92.0,78.5,3
8.2,2,3,2,73,4.3,Yes,Yes,55,70,NotPlaced,62.5,86.0,79.5,7
7.5,0,1,0,72,4.5,Yes,Yes,55,70,NotPlaced,62.5,90.0,81.0,1
7.8,1,2,0,84,4.4,No,Yes,60,65,NotPlaced,62.5,88.00000000000001,86.0,3
8.4,2,3,2,90,4.7,Yes,Yes,74,84,Placed,79.0,94.0,92.0,7
7.7,1,1,0,71,3.9,No,No,65,67,NotPlaced,66.0,78.0,74.5,2
7.8,1,3,2,83,4.6,No,Yes,70,82,Placed,76.0,92.0,87.5,6
8.3,2,3,2,85,4.8,Yes,Yes,73,80,NotPlaced,76.5,96.0,90.5,7
7.5,0,1,0,82,4.6,Yes,Yes,62,69,Placed,65.5,92.0,87.0,1
6.5,0,2,1,65,4.2,Yes,No,57,62,NotPlaced,59.5,84.00000000000001,74.5,3
7.9,1,3,2,75,4.6,No,Yes,82,84,Placed,83.0,92.0,83.5,6
7.7,0,2,1,75,4.1,Yes,Yes,79,66,Placed,72.5,82.0,78.5,3
8.4,2,3,2,90,4.7,Yes,Yes,69,88,Placed,78.5,94.0,92.0,7
8.1,0,3,2,77,4.8,No,No,62,81,NotPlaced,71.5,96.0,86.5,5
7.6,2,3,2,87,4.3,Yes,Yes,76,82,Placed,79.0,86.0,86.5,7
8.0,1,3,2,78,3.7,No,No,55,71,NotPlaced,63.0,74.0,76.0,6
7.6,1,2,1,74,4.7,No,Yes,77,85,NotPlaced,81.0,94.0,84.0,4
6.5,1,2,1,69,4.5,No,Yes,61,68,NotPlaced,64.5,90.0,79.5,4
6.7,0,1,0,74,4.0,No,No,60,63,NotPlaced,61.5,80.0,77.0,1
7.9,0,2,2,81,4.3,Yes,No,84,61,NotPlaced,72.5,86.0,83.5,4
8.5,1,3,0,90,4.8,Yes,Yes,79,88,Placed,83.5,96.0,93.0,4
6.5,1,1,0,78,4.5,No,Yes,75,68,NotPlaced,71.5,90.0,84.0,2
7.9,2,3,2,90,4.8,Yes,Yes,77,83,Placed,80.0,96.0,93.0,7
6.5,1,2,1,65,4.6,No,Yes,62,87,NotPlaced,74.5,92.0,78.5,4
7.0,1,1,1,86,3.8,No,No,57,72,NotPlaced,64.5,76.0,81.0,3
6.5,1,2,1,79,3.1,No,Yes,63,69,Placed,66.0,62.0,70.5,4
8.7,1,3,2,79,4.6,Yes,Yes,76,88,NotPlaced,82.0,92.0,85.5,6
7.6,1,2,2,76,4.5,Yes,Yes,82,63,Placed,72.5,90.0,83.0,5
8.2,2,3,2,90,4.8,Yes,Yes,74,88,Placed,81.0,96.0,93.0,7
6.5,1,1,1,66,3.3,No,No,55,60,NotPlaced,57.5,65.99999999999999,66.0,3
6.7,1,2,1,76,4.6,Yes,Yes,71,68,NotPlaced,69.5,92.0,84.0,4
8.6,2,3,2,84,4.6,Yes,Yes,80,85,Placed,82.5,92.0,88.0,7
7.4,1,2,0,64,4.7,Yes,Yes,77,65,NotPlaced,71.0,94.0,79.0,3
6.5,1,1,2,85,4.3,No,Yes,73,71,NotPlaced,72.0,86.0,85.5,4
7.5,1,1,0,75,3.6,No,No,55,62,NotPlaced,58.5,72.0,73.5,2
6.5,2,3,0,81,3.5,No,Yes,55,62,NotPlaced,58.5,70.0,75.5,5
8.6,1,3,0,89,4.5,Yes,Yes,80,72,Placed,76.0,90.0,89.5,4
7.9,2,3,2,82,4.8,Yes,Yes,90,84,Placed,87.0,96.0,89.0,7
7.5,1,1,1,68,4.4,Yes,No,62,69,NotPlaced,65.5,88.00000000000001,78.0,3
7.9,2,3,2,90,4.6,Yes,No,65,84,NotPlaced,74.5,92.0,91.0,7
8.3,1,3,2,90,4.8,Yes,Yes,73,83,Placed,78.0,96.0,93.0,6
7.5,0,1,0,63,3.6,Yes,No,71,70,NotPlaced,70.5,72.0,67.5,1
8.5,1,3,1,72,3.8,No,Yes,55,65,Placed,60.0,76.0,74.0,5
7.6,0,3,2,87,4.8,No,Yes,79,62,Placed,70.5,96.0,91.5,5
6.5,1,2,2,81,3.6,Yes,Yes,89,80,Placed,84.5,72.0,76.5,5
8.4,1,3,0,75,4.4,Yes,Yes,68,86,Placed,77.0,88.00000000000001,81.5,4
7.9,0,3,1,84,4.3,Yes,No,83,84,Placed,83.5,86.0,85.0,4
7.6,0,1,1,62,4.1,No,No,55,68,NotPlaced,61.5,82.0,72.0,2
8.4,2,3,1,86,4.7,Yes,Yes,90,80,Placed,85.0,94.0,90.0,6
7.2,2,3,2,90,4.7,Yes,Yes,83,86,Placed,84.5,94.0,92.0,7
7.9,0,1,0,79,4.4,Yes,No,55,85,NotPlaced,70.0,88.00000000000001,83.5,1
6.6,0,1,0,71,4.3,No,Yes,56,64,NotPlaced,60.0,86.0,78.5,1
8.3,0,3,2,79,3.7,Yes,Yes,68,84,Placed,76.0,74.0,76.5,5
8.1,2,3,0,81,4.7,Yes,Yes,84,83,Placed,83.5,94.0,87.5,5
8.6,2,3,2,90,4.8,Yes,Yes,89,84,Placed,86.5,96.0,93.0,7
7.7,1,3,1,82,4.5,Yes,Yes,68,79,NotPlaced,73.5,90.0,86.0,5
6.5,1,1,0,77,4.7,No,No,55,83,NotPlaced,69.0,94.0,85.5,2
8.6,2,2,1,90,4.6,Yes,Yes,81,80,Placed,80.5,92.0,91.0,5
7.2,1,2,2,70,4.1,No,No,61,69,NotPlaced,65.0,82.0,76.0,5
7.8,1,2,0,77,4.4,Yes,Yes,69,80,NotPlaced,74.5,88.00000000000001,82.5,3
6.5,1,3,2,78,4.2,No,Yes,78,71,NotPlaced,74.5,84.00000000000001,81.0,6
7.5,0,1,2,78,4.6,No,Yes,68,71,NotPlaced,69.5,92.0,85.0,3
8.3,2,2,2,90,4.6,Yes,Yes,80,83,Placed,81.5,92.0,91.0,6
8.3,1,3,2,89,4.7,Yes,Yes,70,86,Placed,78.0,94.0,91.5,6
8.5,2,3,0,90,4.8,No,Yes,76,80,Placed,78.0,96.0,93.0,5
6.6,1,2,0,71,4.6,No,No,55,67,NotPlaced,61.0,92.0,81.5,3
8.1,2,3,1,90,4.7,Yes,Yes,74,88,NotPlaced,81.0,94.0,92.0,6
7.3,0,1,1,71,4.6,No,No,57,67,NotPlaced,62.0,92.0,81.5,2
7.6,0,1,1,72,4.4,No,Yes,69,76,NotPlaced,72.5,88.00000000000001,80.0,2
8.6,1,3,3,84,4.5,Yes,Yes,73,85,Placed,79.0,90.0,87.0,7
6.9,1,1,0,68,3.7,No,No,55,64,NotPlaced,59.5,74.0,71.0,2
7.5,1,2,0,65,4.1,No,Yes,55,69,NotPlaced,62.0,82.0,73.5,3
8.3,2,3,2,90,4.3,Yes,Yes,75,82,NotPlaced,78.5,86.0,88.0,7
8.4,1,1,2,69,4.4,No,No,76,65,NotPlaced,70.5,88.00000000000001,78.5,4
8.5,2,3,2,90,4.1,Yes,Yes,77,78,Placed,77.5,82.0,86.0,7
8.5,1,1,2,88,4.5,Yes,Yes,76,79,Placed,77.5,90.0,89.0,4
9.0,2,3,2,90,4.8,Yes,Yes,76,83,Placed,79.5,96.0,93.0,7
8.4,2,3,1,83,4.8,Yes,No,64,64,Placed,64.0,96.0,89.5,6
8.4,0,3,0,90,4.8,Yes,Yes,80,82,Placed,81.0,96.0,93.0,3
8.6,2,3,2,90,4.8,Yes,Yes,80,85,NotPlaced,82.5,96.0,93.0,7
8.3,2,3,1,79,4.4,Yes,Yes,75,85,NotPlaced,80.0,88.00000000000001,83.5,6
7.6,1,1,0,79,4.2,Yes,No,57,61,NotPlaced,59.0,84.00000000000001,81.5,2
7.6,1,1,1,77,4.8,No,Yes,63,68,NotPlaced,65.5,96.0,86.5,3
7.5,1,1,1,68,4.5,No,Yes,59,63,NotPlaced,61.0,90.0,79.0,3
7.4,1,3,2,80,4.4,Yes,Yes,73,72,Placed,72.5,88.00000000000001,84.0,6
6.5,1,1,0,79,4.3,No,Yes,60,73,NotPlaced,66.5,86.0,82.5,2
6.5,0,2,2,82,4.3,Yes,Yes,82,88,NotPlaced,85.0,86.0,84.0,4
7.7,1,1,0,72,4.5,No,Yes,72,63,Placed,67.5,90.0,81.0,2
8.4,1,3,2,90,4.8,Yes,Yes,72,85,NotPlaced,78.5,96.0,93.0,6
7.4,1,1,0,72,4.1,No,Yes,76,74,NotPlaced,75.0,82.0,77.0,2
8.3,1,3,2,90,4.7,Yes,Yes,80,85,Placed,82.5,94.0,92.0,6
6.8,1,3,2,78,4.5,Yes,Yes,76,85,NotPlaced,80.5,90.0,84.0,6
6.7,2,3,0,85,4.4,Yes,Yes,84,83,Placed,83.5,88.00000000000001,86.5,5
7.4,1,2,3,83,4.7,Yes,Yes,59,81,Placed,70.0,94.0,88.5,6
7.3,0,2,1,70,3.7,Yes,Yes,55,74,Placed,64.5,74.0,72.0,3
7.8,1,2,2,90,4.5,Yes,Yes,80,64,Placed,72.0,90.0,90.0,5
8.3,2,3,2,90,4.8,Yes,Yes,76,86,Placed,81.0,96.0,93.0,7
7.6,1,1,1,66,4.3,No,No,56,71,NotPlaced,63.5,86.0,76.0,3
6.5,1,2,0,76,4.5,Yes,Yes,75,82,NotPlaced,78.5,90.0,83.0,3
8.4,1,0,0,75,4.7,Yes,Yes,76,76,Placed,76.0,94.0,84.5,1
8.2,2,3,2,90,4.8,Yes,Yes,80,88,Placed,84.0,96.0,93.0,7
8.2,1,3,0,82,4.7,Yes,Yes,78,85,Placed,81.5,94.0,88.0,4
8.2,0,3,2,83,4.7,Yes,Yes,72,86,NotPlaced,79.0,94.0,88.5,5
7.0,1,2,0,77,4.1,No,Yes,66,73,NotPlaced,69.5,82.0,79.5,3
8.0,2,3,2,90,4.8,Yes,Yes,84,84,Placed,84.0,96.0,93.0,7
7.5,1,2,1,77,4.7,Yes,Yes,86,88,Placed,87.0,94.0,85.5,4
8.0,2,1,2,80,4.6,Yes,No,77,61,Placed,69.0,92.0,86.0,5
8.5,2,3,2,82,4.4,Yes,Yes,76,65,Placed,70.5,88.00000000000001,85.0,7
8.2,1,3,2,88,4.8,Yes,Yes,85,80,Placed,82.5,96.0,92.0,6
8.2,1,3,2,81,4.8,Yes,Yes,75,83,Placed,79.0,96.0,88.5,6
8.2,0,3,2,90,4.2,Yes,No,80,84,NotPlaced,82.0,84.00000000000001,87.0,5
8.3,2,3,2,90,4.3,Yes,Yes,82,80,Placed,81.0,86.0,88.0,7
7.7,1,3,2,76,4.4,Yes,Yes,61,83,NotPlaced,72.0,88.00000000000001,82.0,6
7.5,2,3,1,73,4.3,Yes,Yes,78,86,NotPlaced,82.0,86.0,79.5,6
7.4,1,1,0,72,3.6,No,No,55,71,NotPlaced,63.0,72.0,72.0,2
7.9,1,3,0,85,4.8,Yes,Yes,78,87,Placed,82.5,96.0,90.5,4
7.7,2,3,2,90,4.8,Yes,No,78,81,Placed,79.5,96.0,93.0,7
7.4,2,1,0,80,4.0,Yes,Yes,69,67,NotPlaced,68.0,80.0,80.0,3
7.6,1,3,0,78,3.9,Yes,Yes,72,85,NotPlaced,78.5,78.0,78.0,4
7.8,1,1,1,83,3.7,No,Yes,64,71,NotPlaced,67.5,74.0,78.5,3
7.0,0,3,0,75,3.9,No,No,56,70,Placed,63.0,78.0,76.5,3
8.0,1,3,1,90,4.4,No,Yes,82,67,NotPlaced,74.5,88.00000000000001,89.0,5
8.3,2,3,2,90,4.8,Yes,Yes,78,85,Placed,81.5,96.0,93.0,7
8.3,0,1,0,90,4.1,No,No,63,66,NotPlaced,64.5,82.0,86.0,1
7.4,1,1,0,88,4.0,No,Yes,56,66,NotPlaced,61.0,80.0,84.0,2
8.3,1,2,0,78,4.6,Yes,Yes,75,82,Placed,78.5,92.0,85.0,3
7.3,1,2,1,73,4.0,No,No,56,75,NotPlaced,65.5,80.0,76.5,4
7.9,0,3,2,80,4.2,Yes,Yes,79,85,Placed,82.0,84.00000000000001,82.0,5
8.7,2,3,2,90,4.8,Yes,Yes,74,81,Placed,77.5,96.0,93.0,7
6.9,1,1,1,64,4.6,No,No,55,61,NotPlaced,58.0,92.0,78.0,3
7.6,0,1,1,60,3.2,No,No,56,63,NotPlaced,59.5,64.0,62.0,2
6.5,0,1,1,66,4.6,No,No,62,66,NotPlaced,64.0,92.0,79.0,2
7.5,1,1,0,88,4.6,No,No,55,60,NotPlaced,57.5,92.0,90.0,2
7.0,1,1,1,73,4.6,No,No,56,62,NotPlaced,59.0,92.0,82.5,3
7.5,0,1,0,89,4.5,No,No,71,62,NotPlaced,66.5,90.0,89.5,1
7.9,0,1,0,80,4.8,No,Yes,83,69,NotPlaced,76.0,96.0,88.0,1
7.4,1,3,0,70,3.8,No,No,78,86,NotPlaced,82.0,76.0,73.0,4
6.5,1,2,1,84,3.8,No,Yes,81,62,NotPlaced,71.5,76.0,80.0,4
7.5,1,3,1,84,4.6,No,No,81,62,NotPlaced,71.5,92.0,88.0,5
6.8,1,1,0,69,3.9,No,No,62,60,NotPlaced,61.0,78.0,73.5,2
7.6,1,2,0,70,4.2,No,No,56,74,NotPlaced,65.0,84.00000000000001,77.0,3
8.5,2,3,2,90,4.8,Yes,Yes,70,86,Placed,78.0,96.0,93.0,7
6.5,1,1,0,68,4.0,No,Yes,55,69,NotPlaced,62.0,80.0,74.0,2
7.4,2,2,0,65,3.9,No,No,55,67,NotPlaced,61.0,78.0,71.5,4
6.6,1,3,3,65,4.2,Yes,Yes,55,86,Placed,70.5,84.00000000000001,74.5,7
6.5,1,2,0,78,4.5,No,No,64,69,NotPlaced,66.5,90.0,84.0,3
8.1,1,3,2,80,4.5,Yes,No,83,84,Placed,83.5,90.0,85.0,6
6.6,2,1,0,74,4.3,No,Yes,56,73,NotPlaced,64.5,86.0,80.0,3
8.0,2,3,2,90,4.7,Yes,Yes,76,84,NotPlaced,80.0,94.0,92.0,7
6.6,1,1,0,69,3.9,No,Yes,65,66,NotPlaced,65.5,78.0,73.5,2
8.4,2,3,3,89,4.6,Yes,Yes,77,85,Placed,81.0,92.0,90.5,8
7.5,1,1,0,74,4.7,No,No,55,64,NotPlaced,59.5,94.0,84.0,2
7.4,0,1,0,68,4.1,No,Yes,81,73,NotPlaced,77.0,82.0,75.0,1
8.2,2,3,2,90,4.8,Yes,No,76,88,Placed,82.0,96.0,93.0,7
7.6,1,1,0,74,4.5,No,Yes,70,66,NotPlaced,68.0,90.0,82.0,2
8.3,0,2,0,85,4.2,No,No,56,67,NotPlaced,61.5,84.00000000000001,84.5,2
7.4,1,3,2,76,3.7,Yes,Yes,74,83,NotPlaced,78.5,74.0,75.0,6
7.6,1,1,0,77,3.7,No,Yes,55,67,Placed,61.0,74.0,75.5,2
7.3,1,2,1,83,3.2,No,Yes,68,71,NotPlaced,69.5,64.0,73.5,4
8.3,1,3,3,88,4.0,No,Yes,77,63,Placed,70.0,80.0,84.0,7
7.4,2,0,0,69,4.4,Yes,No,63,60,NotPlaced,61.5,88.00000000000001,78.5,2
8.2,1,3,2,85,4.6,Yes,Yes,79,86,Placed,82.5,92.0,88.5,6
8.5,1,3,2,90,4.8,Yes,Yes,82,88,Placed,85.0,96.0,93.0,6
8.2,1,3,0,88,4.2,Yes,Yes,66,88,Placed,77.0,84.00000000000001,86.0,4
6.5,2,3,1,76,4.3,Yes,No,76,77,NotPlaced,76.5,86.0,81.0,6
7.1,0,1,0,73,4.1,No,Yes,55,64,NotPlaced,59.5,82.0,77.5,1
7.6,0,1,1,65,4.1,No,No,65,63,NotPlaced,64.0,82.0,73.5,2
8.4,2,3,2,90,4.8,Yes,No,82,82,Placed,82.0,96.0,93.0,7
8.5,1,3,2,85,4.6,Yes,Yes,71,84,Placed,77.5,92.0,88.5,6
6.6,0,1,0,68,4.8,No,No,55,71,Placed,63.0,96.0,82.0,1
7.9,1,1,0,90,4.5,Yes,Yes,73,82,Placed,77.5,90.0,90.0,2
7.6,1,2,1,88,4.2,Yes,Yes,73,86,Placed,79.5,84.00000000000001,86.0,4
8.4,1,3,2,90,4.2,Yes,Yes,89,88,Placed,88.5,84.00000000000001,87.0,6
6.5,1,1,0,77,4.3,No,No,55,66,NotPlaced,60.5,86.0,81.5,2
7.3,0,3,0,72,4.4,No,No,66,71,NotPlaced,68.5,88.00000000000001,80.0,3
8.3,1,3,2,88,4.8,Yes,Yes,77,85,Placed,81.0,96.0,92.0,6
6.5,1,1,0,83,4.6,No,Yes,69,70,NotPlaced,69.5,92.0,87.5,2
7.6,1,1,1,63,3.8,No,No,62,60,NotPlaced,61.0,76.0,69.5,3
7.2,0,2,0,82,4.8,No,Yes,55,66,NotPlaced,60.5,96.0,89.0,2
8.3,2,2,2,87,4.7,Yes,Yes,86,85,Placed,85.5,94.0,90.5,6
7.6,1,2,0,70,3.7,Yes,Yes,63,71,Placed,67.0,74.0,72.0,3
8.2,1,3,2,90,4.6,Yes,Yes,83,74,Placed,78.5,92.0,91.0,6
6.5,1,1,0,89,3.7,No,Yes,55,71,NotPlaced,63.0,74.0,81.5,2
8.2,2,3,2,90,4.5,Yes,Yes,86,81,Placed,83.5,90.0,90.0,7
8.2,0,3,2,81,4.6,Yes,Yes,77,81,NotPlaced,79.0,92.0,86.5,5
8.5,2,3,2,90,4.8,Yes,Yes,77,88,Placed,82.5,96.0,93.0,7
7.8,1,3,1,82,4.8,Yes,Yes,76,83,Placed,79.5,96.0,89.0,5
7.4,1,1,0,60,4.3,Yes,Yes,61,75,Placed,68.0,86.0,73.0,2
7.3,1,2,1,80,4.3,Yes,Yes,55,72,Placed,63.5,86.0,83.0,4
7.8,1,1,0,73,4.6,No,Yes,64,69,NotPlaced,66.5,92.0,82.5,2
7.6,0,3,1,70,4.1,Yes,No,55,63,NotPlaced,59.0,82.0,76.0,4
6.5,1,1,0,65,3.6,No,No,55,76,NotPlaced,65.5,72.0,68.5,2
8.5,2,2,2,87,4.8,Yes,Yes,88,86,Placed,87.0,96.0,91.5,6
8.3,1,1,0,88,4.1,No,No,64,74,NotPlaced,69.0,82.0,85.0,2
6.5,0,3,0,66,3.5,No,No,55,67,NotPlaced,61.0,70.0,68.0,3
8.5,2,3,0,87,4.6,Yes,Yes,86,85,Placed,85.5,92.0,89.5,5
8.2,2,2,2,87,4.8,Yes,Yes,88,85,Placed,86.5,96.0,91.5,6
8.2,2,3,2,90,4.6,Yes,Yes,75,83,Placed,79.0,92.0,91.0,7
8.3,1,2,2,76,4.0,Yes,Yes,74,62,NotPlaced,68.0,80.0,78.0,5
7.4,2,2,1,82,4.6,Yes,Yes,73,88,NotPlaced,80.5,92.0,87.0,5
7.8,0,1,1,90,4.2,Yes,Yes,55,73,Placed,64.0,84.00000000000001,87.0,2
6.7,1,1,0,74,3.7,No,Yes,55,67,NotPlaced,61.0,74.0,74.0,2
8.1,2,2,1,79,4.5,Yes,Yes,72,81,NotPlaced,76.5,90.0,84.5,5
7.5,1,1,0,78,3.8,No,No,64,66,NotPlaced,65.0,76.0,77.0,2
6.5,1,2,0,77,4.0,No,No,65,74,NotPlaced,69.5,80.0,78.5,3
8.3,2,2,2,73,3.9,Yes,Yes,86,71,NotPlaced,78.5,78.0,75.5,6
6.5,1,3,2,87,4.7,Yes,Yes,77,70,Placed,73.5,94.0,90.5,6
7.7,0,1,1,67,3.4,No,No,65,64,NotPlaced,64.5,68.0,67.5,2
6.5,0,3,1,82,4.6,No,No,57,66,NotPlaced,61.5,92.0,87.0,4
7.3,1,1,0,80,3.6,Yes,Yes,78,80,Placed,79.0,72.0,76.0,2
8.4,1,3,0,75,4.6,Yes,Yes,81,84,NotPlaced,82.5,92.0,83.5,4
7.9,2,3,2,88,4.6,Yes,Yes,69,81,Placed,75.0,92.0,90.0,7
6.8,1,3,1,86,4.8,Yes,Yes,76,79,NotPlaced,77.5,96.0,91.0,5
7.5,1,2,2,68,4.0,Yes,Yes,69,68,Placed,68.5,80.0,74.0,5
7.4,1,1,1,69,3.9,No,No,55,66,NotPlaced,60.5,78.0,73.5,3
7.7,0,1,0,89,4.2,No,No,55,70,NotPlaced,62.5,84.00000000000001,86.5,1
7.7,0,1,0,81,3.8,Yes,Yes,82,64,NotPlaced,73.0,76.0,78.5,1
7.4,2,3,2,80,4.8,Yes,Yes,70,67,NotPlaced,68.5,96.0,88.0,7
7.7,1,2,0,75,4.4,No,No,60,73,NotPlaced,66.5,88.00000000000001,81.5,3
7.5,1,1,1,74,4.5,Yes,Yes,62,78,NotPlaced,70.0,90.0,82.0,3
6.5,1,1,0,73,4.1,No,Yes,55,66,NotPlaced,60.5,82.0,77.5,2
8.2,2,3,2,90,4.8,Yes,Yes,77,82,Placed,79.5,96.0,93.0,7
7.4,1,1,3,70,4.5,No,Yes,55,65,NotPlaced,60.0,90.0,80.0,5
8.5,2,3,2,90,4.8,Yes,Yes,75,88,Placed,81.5,96.0,93.0,7
7.5,1,1,1,81,4.0,No,Yes,75,61,NotPlaced,68.0,80.0,80.5,3
7.9,2,2,0,77,4.4,No,Yes,68,68,Placed,68.0,88.00000000000001,82.5,4
7.9,1,2,2,83,4.8,Yes,Yes,77,85,Placed,81.0,96.0,89.5,5
8.2,2,3,2,88,4.5,Yes,No,79,84,Placed,81.5,90.0,89.0,7
7.6,1,3,2,90,4.0,Yes,Yes,73,84,NotPlaced,78.5,80.0,85.0,6
6.5,1,1,0,82,4.6,Yes,Yes,67,71,NotPlaced,69.0,92.0,87.0,2
6.5,1,1,1,72,3.8,No,Yes,55,66,NotPlaced,60.5,76.0,74.0,3
8.0,0,1,2,89,4.7,Yes,Yes,72,84,Placed,78.0,94.0,91.5,3
7.5,0,2,0,80,3.8,Yes,Yes,77,69,NotPlaced,73.0,76.0,78.0,2
7.6,1,2,1,83,4.8,Yes,Yes,55,62,NotPlaced,58.5,96.0,89.5,4
6.5,1,1,1,66,3.7,No,Yes,56,57,NotPlaced,56.5,74.0,70.0,3
8.3,2,2,1,87,4.5,Yes,Yes,82,80,NotPlaced,81.0,90.0,88.5,5
6.5,1,1,1,66,3.8,Yes,Yes,62,75,NotPlaced,68.5,76.0,71.0,3
8.2,1,2,0,88,4.8,Yes,Yes,71,69,Placed,70.0,96.0,92.0,3
7.6,1,1,3,76,3.8,No,Yes,59,60,NotPlaced,59.5,76.0,76.0,5
7.7,1,2,0,81,4.8,No,No,55,66,NotPlaced,60.5,96.0,88.5,3
8.3,1,3,2,87,4.7,Yes,Yes,77,81,Placed,79.0,94.0,90.5,6
7.1,1,3,1,74,4.3,No,Yes,72,81,Placed,76.5,86.0,80.0,5
7.8,1,3,2,90,4.8,Yes,Yes,80,84,NotPlaced,82.0,96.0,93.0,6
7.4,1,2,1,90,4.4,Yes,Yes,81,86,NotPlaced,83.5,88.00000000000001,89.0,4
6.6,1,1,0,74,3.8,No,Yes,64,76,Placed,70.0,76.0,75.0,2
8.7,2,3,2,90,4.8,Yes,Yes,78,85,Placed,81.5,96.0,93.0,7
6.5,2,3,2,84,4.5,Yes,No,81,68,NotPlaced,74.5,90.0,87.0,7
8.1,1,2,0,79,4.3,No,Yes,55,67,NotPlaced,61.0,86.0,82.5,3
7.4,0,2,2,80,4.8,No,Yes,61,88,Placed,74.5,96.0,88.0,4
8.6,2,3,2,89,4.7,Yes,Yes,69,79,Placed,74.0,94.0,91.5,7
7.7,2,3,2,82,4.8,Yes,Yes,80,87,NotPlaced,83.5,96.0,89.0,7
6.9,1,1,0,78,4.3,Yes,Yes,55,72,NotPlaced,63.5,86.0,82.0,2
6.9,1,2,0,69,4.0,No,Yes,55,58,NotPlaced,56.5,80.0,74.5,3
7.7,2,2,0,80,3.8,Yes,Yes,62,72,NotPlaced,67.0,76.0,78.0,4
8.1,0,3,2,90,4.8,Yes,Yes,78,86,Placed,82.0,96.0,93.0,5
8.6,2,3,2,90,4.8,No,Yes,71,85,Placed,78.0,96.0,93.0,7
7.4,1,2,1,71,4.7,No,Yes,69,73,NotPlaced,71.0,94.0,82.5,4
7.5,1,1,1,76,4.0,No,Yes,55,70,NotPlaced,62.5,80.0,78.0,3
7.6,1,3,1,85,4.4,No,Yes,75,82,NotPlaced,78.5,88.00000000000001,86.5,5
7.9,0,2,0,80,4.2,No,Yes,66,60,NotPlaced,63.0,84.00000000000001,82.0,2
7.7,1,2,1,72,4.5,No,Yes,55,65,NotPlaced,60.0,90.0,81.0,4
6.6,1,1,0,72,3.2,No,Yes,55,68,NotPlaced,61.5,64.0,68.0,2
7.6,1,2,2,86,4.3,Yes,Yes,70,80,NotPlaced,75.0,86.0,86.0,5
7.9,1,1,1,75,4.5,Yes,Yes,71,67,NotPlaced,69.0,90.0,82.5,3
8.2,2,2,0,74,4.1,No,No,60,74,NotPlaced,67.0,82.0,78.0,4
7.3,0,1,0,76,4.0,No,No,63,70,NotPlaced,66.5,80.0,78.0,1
8.4,1,3,0,86,3.6,Yes,Yes,76,87,Placed,81.5,72.0,79.0,4
8.0,2,3,2,89,4.5,Yes,Yes,76,87,Placed,81.5,90.0,89.5,7
8.0,1,3,2,90,4.8,Yes,Yes,79,84,Placed,81.5,96.0,93.0,6
7.9,1,2,0,68,3.6,No,Yes,65,61,NotPlaced,63.0,72.0,70.0,3
7.3,1,1,2,71,4.0,No,Yes,55,69,NotPlaced,62.0,80.0,75.5,4
7.7,1,3,1,83,4.8,Yes,Yes,73,68,Placed,70.5,96.0,89.5,5
8.7,2,3,2,90,4.8,Yes,Yes,80,84,Placed,82.0,96.0,93.0,7
8.7,0,3,2,90,4.8,Yes,Yes,71,83,Placed,77.0,96.0,93.0,5
6.7,1,1,1,75,3.7,No,No,63,71,NotPlaced,67.0,74.0,74.5,3
8.3,1,2,0,73,4.8,Yes,Yes,74,86,NotPlaced,80.0,96.0,84.5,3
8.2,1,3,2,73,4.5,Yes,Yes,82,64,Placed,73.0,90.0,81.5,6
8.4,2,3,2,90,4.7,Yes,Yes,75,82,Placed,78.5,94.0,92.0,7
6.5,1,2,1,72,4.5,No,No,60,69,NotPlaced,64.5,90.0,81.0,4
7.7,1,1,2,70,3.9,Yes,No,72,65,NotPlaced,68.5,78.0,74.0,4
6.8,2,3,0,80,4.4,No,Yes,74,85,Placed,79.5,88.00000000000001,84.0,5
8.5,0,1,0,71,4.0,Yes,No,73,69,NotPlaced,71.0,80.0,75.5,1
8.1,1,2,2,90,4.0,No,Yes,74,86,NotPlaced,80.0,80.0,85.0,5
7.8,2,1,2,90,4.8,Yes,Yes,73,83,Placed,78.0,96.0,93.0,5
7.8,0,1,0,74,3.3,No,No,55,63,NotPlaced,59.0,65.99999999999999,70.0,1
8.8,2,3,2,90,4.8,Yes,Yes,83,86,Placed,84.5,96.0,93.0,7
8.2,2,3,2,88,4.8,Yes,Yes,79,86,Placed,82.5,96.0,92.0,7
8.1,1,3,0,74,4.0,Yes,Yes,62,83,Placed,72.5,80.0,77.0,4
8.1,1,2,0,89,4.7,Yes,Yes,75,85,Placed,80.0,94.0,91.5,3
7.5,1,1,3,78,4.5,No,No,69,73,NotPlaced,71.0,90.0,84.0,5
8.1,2,1,2,78,4.7,Yes,Yes,78,71,Placed,74.5,94.0,86.0,5
7.2,1,2,0,60,4.6,No,No,58,63,NotPlaced,60.5,92.0,76.0,3
7.8,0,3,1,90,3.8,No,Yes,55,71,NotPlaced,63.0,76.0,83.0,4
6.5,2,3,2,80,4.8,Yes,Yes,78,82,NotPlaced,80.0,96.0,88.0,7
7.4,1,1,0,62,3.6,No,No,57,72,NotPlaced,64.5,72.0,67.0,2
7.6,1,1,2,69,3.9,No,Yes,63,69,NotPlaced,66.0,78.0,73.5,4
7.5,0,1,1,83,4.0,No,Yes,56,67,NotPlaced,61.5,80.0,81.5,2
8.0,0,3,2,76,4.8,Yes,Yes,80,84,Placed,82.0,96.0,86.0,5
8.3,2,2,0,90,4.8,Yes,Yes,80,72,Placed,76.0,96.0,93.0,4
7.2,2,2,2,87,4.7,Yes,Yes,65,87,Placed,76.0,94.0,90.5,6
7.7,1,3,2,90,4.4,No,Yes,87,84,Placed,85.5,88.00000000000001,89.0,6
7.9,1,3,2,90,4.5,Yes,Yes,87,85,Placed,86.0,90.0,90.0,6
8.5,2,3,2,90,4.6,Yes,Yes,81,88,Placed,84.5,92.0,91.0,7
8.0,1,1,0,90,4.5,Yes,Yes,69,74,Placed,71.5,90.0,90.0,2
8.0,2,3,0,90,4.8,Yes,Yes,80,69,Placed,74.5,96.0,93.0,5
8.2,1,1,0,69,4.5,No,Yes,55,70,NotPlaced,62.5,90.0,79.5,2
7.5,1,1,0,76,4.0,Yes,No,55,67,NotPlaced,61.0,80.0,78.0,2
6.5,1,1,1,68,4.4,Yes,No,60,60,NotPlaced,60.0,88.00000000000001,78.0,3
8.4,1,2,1,79,3.8,Yes,Yes,76,82,Placed,79.0,76.0,77.5,4
7.4,0,1,0,79,3.8,No,No,55,67,NotPlaced,61.0,76.0,77.5,1
7.0,2,1,1,88,4.8,Yes,Yes,75,81,Placed,78.0,96.0,92.0,4
8.3,1,3,2,77,4.0,No,Yes,76,82,NotPlaced,79.0,80.0,78.5,6
7.7,0,1,1,64,3.9,No,Yes,55,63,NotPlaced,59.0,78.0,71.0,2
8.1,2,2,2,87,4.8,Yes,Yes,75,85,Placed,80.0,96.0,91.5,6
7.3,1,2,1,86,4.3,No,Yes,68,64,NotPlaced,66.0,86.0,86.0,4
8.6,1,3,0,90,4.8,Yes,Yes,55,70,Placed,62.5,96.0,93.0,4
8.5,1,3,1,90,4.8,Yes,Yes,80,67,NotPlaced,73.5,96.0,93.0,5
8.6,2,3,0,84,4.8,Yes,Yes,86,87,Placed,86.5,96.0,90.0,5
7.6,1,0,1,75,4.8,Yes,Yes,83,80,Placed,81.5,96.0,85.5,2
8.3,2,3,2,85,4.7,Yes,No,80,85,Placed,82.5,94.0,89.5,7
8.2,1,1,2,90,4.8,Yes,Yes,71,87,Placed,79.0,96.0,93.0,4
8.5,2,3,2,90,4.8,Yes,Yes,81,82,Placed,81.5,96.0,93.0,7
7.7,0,2,0,79,4.0,No,No,58,72,NotPlaced,65.0,80.0,79.5,2
7.6,1,2,1,61,3.2,No,No,61,57,NotPlaced,59.0,64.0,62.5,4
7.5,1,3,2,82,4.8,Yes,No,81,88,Placed,84.5,96.0,89.0,6
7.8,0,3,0,89,4.8,Yes,Yes,83,79,Placed,81.0,96.0,92.5,3
8.4,0,3,0,83,4.0,Yes,No,77,66,NotPlaced,71.5,80.0,81.5,3
8.2,2,3,2,90,4.8,Yes,Yes,68,86,Placed,77.0,96.0,93.0,7
8.5,2,3,2,90,4.8,Yes,Yes,81,88,Placed,84.5,96.0,93.0,7
8.0,1,1,2,87,4.1,Yes,Yes,74,68,Placed,71.0,82.0,84.5,4
6.5,2,3,2,80,4.0,Yes,Yes,72,86,Placed,79.0,80.0,80.0,7
6.5,1,1,1,73,4.0,Yes,No,55,62,NotPlaced,58.5,80.0,76.5,3
7.3,1,3,0,80,4.2,No,No,67,64,NotPlaced,65.5,84.00000000000001,82.0,4
7.8,0,2,1,62,3.6,No,No,55,66,NotPlaced,60.5,72.0,67.0,3
8.4,2,3,2,90,4.6,Yes,Yes,74,88,Placed,81.0,92.0,91.0,7
8.5,2,3,2,90,4.5,Yes,Yes,85,88,Placed,86.5,90.0,90.0,7
7.3,0,1,0,75,4.7,Yes,Yes,67,72,Placed,69.5,94.0,84.5,1
8.5,2,3,2,90,4.8,Yes,Yes,76,86,Placed,81.0,96.0,93.0,7
8.3,1,3,1,87,4.5,Yes,No,70,82,NotPlaced,76.0,90.0,88.5,5
6.9,1,2,0,67,3.7,No,Yes,76,71,NotPlaced,73.5,74.0,70.5,3
7.4,0,2,1,71,4.7,No,Yes,79,67,NotPlaced,73.0,94.0,82.5,3
8.3,1,3,2,90,4.5,Yes,Yes,76,81,Placed,78.5,90.0,90.0,6
6.8,1,2,0,74,3.9,No,No,55,62,NotPlaced,58.5,78.0,76.0,3
8.4,0,3,3,85,4.8,Yes,Yes,63,69,Placed,66.0,96.0,90.5,6
6.5,1,1,0,74,4.7,Yes,Yes,82,78,NotPlaced,80.0,94.0,84.0,2
8.5,2,3,0,90,3.8,Yes,Yes,87,84,Placed,85.5,76.0,83.0,5
7.5,1,2,0,76,4.0,No,Yes,59,62,Placed,60.5,80.0,78.0,3
7.3,0,1,1,69,4.6,No,Yes,68,64,NotPlaced,66.0,92.0,80.5,2
8.0,1,2,2,83,4.3,Yes,Yes,72,88,NotPlaced,80.0,86.0,84.5,5
8.2,1,2,3,83,4.2,Yes,Yes,78,80,NotPlaced,79.0,84.00000000000001,83.5,6
8.0,0,2,1,74,4.1,Yes,Yes,57,87,Placed,72.0,82.0,78.0,3
8.4,1,2,1,73,4.5,No,Yes,75,84,NotPlaced,79.5,90.0,81.5,4
7.7,0,2,1,68,4.0,Yes,Yes,57,83,Placed,70.0,80.0,74.0,3
7.6,1,2,1,80,3.9,No,Yes,80,66,NotPlaced,73.0,78.0,79.0,4
7.7,2,2,1,84,4.7,Yes,Yes,78,82,Placed,80.0,94.0,89.0,5
8.5,2,3,2,88,4.8,Yes,Yes,68,88,Placed,78.0,96.0,92.0,7
8.0,2,3,0,83,4.1,Yes,Yes,67,83,NotPlaced,75.0,82.0,82.5,5
7.6,2,2,0,77,4.4,No,Yes,72,74,NotPlaced,73.0,88.00000000000001,82.5,4
7.8,2,3,0,86,4.6,Yes,Yes,74,86,Placed,80.0,92.0,89.0,5
7.9,1,3,3,83,4.7,Yes,Yes,69,81,Placed,75.0,94.0,88.5,7
6.5,1,1,0,87,4.8,No,No,63,66,Placed,64.5,96.0,91.5,2
7.3,1,3,0,84,4.6,Yes,No,61,66,NotPlaced,63.5,92.0,88.0,4
8.5,2,3,2,90,4.8,Yes,Yes,75,88,Placed,81.5,96.0,93.0,7
8.5,0,3,0,81,4.4,Yes,Yes,82,83,NotPlaced,82.5,88.00000000000001,84.5,3
8.6,2,3,2,88,4.8,Yes,Yes,83,80,Placed,81.5,96.0,92.0,7
6.5,0,1,2,89,3.8,No,No,72,72,Placed,72.0,76.0,82.5,3
8.3,1,2,2,86,4.8,Yes,Yes,58,72,Placed,65.0,96.0,91.0,5
8.0,1,3,1,90,4.8,Yes,Yes,79,87,Placed,83.0,96.0,93.0,5
6.7,0,1,1,75,3.2,No,No,55,71,NotPlaced,63.0,64.0,69.5,2
7.7,1,1,2,76,4.7,Yes,No,71,65,NotPlaced,68.0,94.0,85.0,4
6.6,1,3,2,90,4.6,Yes,Yes,73,65,NotPlaced,69.0,92.0,91.0,6
7.6,0,3,0,87,4.1,Yes,Yes,77,71,Placed,74.0,82.0,84.5,3
8.3,1,2,0,72,3.9,Yes,Yes,74,79,Placed,76.5,78.0,75.0,3
6.5,1,1,0,70,4.2,No,No,60,67,NotPlaced,63.5,84.00000000000001,77.0,2
8.2,0,3,2,76,4.7,Yes,Yes,83,85,NotPlaced,84.0,94.0,85.0,5
6.5,1,1,0,77,4.2,No,Yes,55,70,NotPlaced,62.5,84.00000000000001,80.5,2
8.4,1,2,0,79,3.4,Yes,Yes,72,88,Placed,80.0,68.0,73.5,3
6.6,1,1,0,71,3.0,No,No,65,62,NotPlaced,63.5,60.0,65.5,2
7.7,1,3,0,80,4.8,Yes,Yes,73,82,NotPlaced,77.5,96.0,88.0,4
7.9,2,3,1,75,4.5,Yes,Yes,79,80,NotPlaced,79.5,90.0,82.5,6
8.0,0,3,2,87,4.7,Yes,Yes,78,70,Placed,74.0,94.0,90.5,5
7.6,1,1,1,79,4.1,No,Yes,55,68,Placed,61.5,82.0,80.5,3
8.1,0,2,0,73,4.7,Yes,Yes,78,67,NotPlaced,72.5,94.0,83.5,2
8.6,1,2,0,68,3.9,Yes,Yes,72,83,Placed,77.5,78.0,73.0,3
8.1,1,3,0,75,4.5,No,Yes,71,68,Placed,69.5,90.0,82.5,4
8.6,2,3,2,90,4.8,Yes,Yes,77,82,Placed,79.5,96.0,93.0,7
8.5,2,3,2,85,4.7,Yes,No,85,83,Placed,84.0,94.0,89.5,7
8.6,2,2,1,78,4.0,Yes,Yes,81,77,NotPlaced,79.0,80.0,79.0,5
6.8,1,2,2,70,3.8,No,Yes,55,67,NotPlaced,61.0,76.0,73.0,5
7.2,0,1,0,70,3.5,No,No,58,69,NotPlaced,63.5,70.0,70.0,1
8.7,1,2,2,84,4.8,Yes,Yes,84,77,Placed,80.5,96.0,90.0,5
6.7,0,1,1,68,3.4,No,No,65,69,NotPlaced,67.0,68.0,68.0,2
7.8,2,3,2,90,4.5,Yes,Yes,78,83,Placed,80.5,90.0,90.0,7
8.3,0,3,0,90,4.7,Yes,Yes,69,82,Placed,75.5,94.0,92.0,3
7.7,1,2,0,78,4.6,Yes,Yes,73,78,Placed,75.5,92.0,85.0,3
6.6,0,1,0,70,4.3,No,No,63,64,NotPlaced,63.5,86.0,78.0,1
7.5,1,1,0,90,4.6,No,Yes,68,73,NotPlaced,70.5,92.0,91.0,2
6.8,2,1,0,77,4.0,No,No,60,77,NotPlaced,68.5,80.0,78.5,3
8.4,0,3,2,69,4.5,Yes,Yes,55,84,Placed,69.5,90.0,79.5,5
8.2,1,3,2,79,4.8,Yes,Yes,76,81,Placed,78.5,96.0,87.5,6
7.8,2,2,1,84,4.0,No,Yes,86,73,NotPlaced,79.5,80.0,82.0,5
8.7,2,3,2,90,4.8,Yes,Yes,85,86,Placed,85.5,96.0,93.0,7
7.9,0,3,1,81,4.6,No,No,66,70,NotPlaced,68.0,92.0,86.5,4
7.5,1,2,2,80,4.3,Yes,Yes,65,80,Placed,72.5,86.0,83.0,5
6.5,0,1,0,62,4.6,No,No,61,66,NotPlaced,63.5,92.0,77.0,1
8.4,2,3,1,86,4.4,Yes,Yes,57,80,Placed,68.5,88.00000000000001,87.0,6
6.6,1,1,1,68,3.5,No,No,64,73,Placed,68.5,70.0,69.0,3
6.7,0,1,0,79,4.4,No,No,76,66,NotPlaced,71.0,88.00000000000001,83.5,1
6.7,2,1,2,71,4.0,No,Yes,55,65,NotPlaced,60.0,80.0,75.5,5
6.5,1,1,0,67,3.1,No,No,65,68,NotPlaced,66.5,62.0,64.5,2
7.5,1,1,2,67,3.5,Yes,Yes,55,64,NotPlaced,59.5,70.0,68.5,4
8.5,1,2,2,74,4.0,No,Yes,83,79,NotPlaced,81.0,80.0,77.0,5
6.7,0,1,0,63,3.8,No,No,62,63,NotPlaced,62.5,76.0,69.5,1
8.2,1,1,1,68,3.9,No,Yes,70,66,Placed,68.0,78.0,73.0,3
8.7,2,1,2,80,3.9,No,No,68,82,NotPlaced,75.0,78.0,79.0,5
8.4,2,3,2,87,4.7,Yes,Yes,79,86,Placed,82.5,94.0,90.5,7
6.9,0,2,1,82,3.9,No,Yes,78,59,NotPlaced,68.5,78.0,80.0,3
7.1,0,1,0,70,4.4,No,No,77,67,NotPlaced,72.0,88.00000000000001,79.0,1
7.3,0,1,0,72,4.3,No,No,55,68,NotPlaced,61.5,86.0,79.0,1
8.3,1,1,1,73,4.1,No,No,78,83,NotPlaced,80.5,82.0,77.5,3
6.5,0,1,1,85,4.2,No,Yes,60,77,Placed,68.5,84.00000000000001,84.5,2
8.6,2,2,2,76,4.7,Yes,No,67,84,Placed,75.5,94.0,85.0,6
7.5,0,1,1,82,3.8,No,Yes,62,70,NotPlaced,66.0,76.0,79.0,2
7.0,0,1,0,69,4.4,Yes,Yes,71,72,Placed,71.5,88.00000000000001,78.5,1
7.5,1,2,1,73,4.2,Yes,Yes,72,64,NotPlaced,68.0,84.00000000000001,78.5,4
8.3,2,3,2,90,4.6,Yes,No,74,84,Placed,79.0,92.0,91.0,7
6.5,2,1,0,75,4.0,No,No,55,70,NotPlaced,62.5,80.0,77.5,3
8.0,2,3,2,89,4.8,Yes,Yes,79,80,NotPlaced,79.5,96.0,92.5,7
7.5,1,1,0,77,4.0,No,Yes,62,67,NotPlaced,64.5,80.0,78.5,2
8.5,1,3,2,90,4.8,Yes,Yes,76,85,Placed,80.5,96.0,93.0,6
9.0,2,3,2,90,4.8,Yes,Yes,83,88,Placed,85.5,96.0,93.0,7
6.6,1,2,1,67,4.1,Yes,Yes,73,69,NotPlaced,71.0,82.0,74.5,4
7.7,1,2,1,69,3.3,Yes,Yes,68,68,NotPlaced,68.0,65.99999999999999,67.5,4
8.0,2,3,2,90,4.8,Yes,Yes,77,85,Placed,81.0,96.0,93.0,7
6.5,2,1,0,74,4.5,No,No,63,83,NotPlaced,73.0,90.0,82.0,3
6.5,1,3,0,81,3.8,No,Yes,63,57,NotPlaced,60.0,76.0,78.5,4
7.2,2,2,2,87,4.4,Yes,Yes,72,70,Placed,71.0,88.00000000000001,87.5,6
8.3,1,3,1,88,4.8,No,Yes,72,69,Placed,70.5,96.0,92.0,5
7.3,1,1,0,71,4.4,No,No,55,74,Placed,64.5,88.00000000000001,79.5,2
7.3,1,1,0,77,4.0,No,Yes,55,59,NotPlaced,57.0,80.0,78.5,2
7.9,2,3,2,90,4.8,Yes,Yes,82,88,Placed,85.0,96.0,93.0,7
7.3,1,1,0,79,4.5,No,Yes,55,67,NotPlaced,61.0,90.0,84.5,2
7.7,1,1,1,64,4.5,No,No,55,65,NotPlaced,60.0,90.0,77.0,3
7.5,1,1,1,70,3.3,No,No,59,58,NotPlaced,58.5,65.99999999999999,68.0,3
7.7,0,1,2,72,4.3,Yes,No,82,72,NotPlaced,77.0,86.0,79.0,3
7.6,0,1,1,80,3.9,No,No,55,66,NotPlaced,60.5,78.0,79.0,2
7.0,1,1,1,73,4.3,Yes,No,74,81,NotPlaced,77.5,86.0,79.5,3
6.5,0,3,0,72,4.2,Yes,Yes,75,69,NotPlaced,72.0,84.00000000000001,78.0,3
8.0,2,3,2,90,4.8,Yes,Yes,80,88,Placed,84.0,96.0,93.0,7
6.5,1,2,2,76,4.8,No,Yes,81,85,NotPlaced,83.0,96.0,86.0,5
7.5,0,2,0,68,4.0,No,Yes,67,71,Placed,69.0,80.0,74.0,2
7.3,0,1,0,78,3.6,No,No,56,70,NotPlaced,63.0,72.0,75.0,1
7.5,2,2,1,68,3.7,No,No,59,62,NotPlaced,60.5,74.0,71.0,5
8.6,1,2,1,78,4.3,Yes,Yes,70,67,Placed,68.5,86.0,82.0,4
8.6,2,3,2,82,4.4,Yes,Yes,64,83,Placed,73.5,88.00000000000001,85.0,7
8.4,2,3,2,90,4.8,Yes,Yes,80,87,Placed,83.5,96.0,93.0,7
7.5,2,1,0,69,4.5,Yes,No,71,69,NotPlaced,70.0,90.0,79.5,3
8.3,1,1,2,82,4.2,Yes,No,55,87,Placed,71.0,84.00000000000001,83.0,4
8.4,0,2,0,71,3.8,Yes,Yes,56,63,NotPlaced,59.5,76.0,73.5,2
8.3,2,3,2,90,4.8,Yes,Yes,83,85,Placed,84.0,96.0,93.0,7
6.5,1,1,0,67,4.3,No,Yes,72,67,NotPlaced,69.5,86.0,76.5,2
8.3,2,3,0,88,4.8,Yes,Yes,77,81,NotPlaced,79.0,96.0,92.0,5
7.7,1,3,2,78,4.4,Yes,No,83,85,NotPlaced,84.0,88.00000000000001,83.0,6
8.1,1,2,0,87,4.3,Yes,Yes,76,66,NotPlaced,71.0,86.0,86.5,3
7.9,1,2,0,77,3.8,Yes,Yes,58,78,NotPlaced,68.0,76.0,76.5,3
8.8,2,3,2,90,4.7,Yes,Yes,80,86,Placed,83.0,94.0,92.0,7
7.4,1,2,1,76,4.4,Yes,Yes,79,70,NotPlaced,74.5,88.00000000000001,82.0,4
8.3,1,0,0,85,4.3,Yes,Yes,87,83,Placed,85.0,86.0,85.5,1
6.5,0,3,0,77,4.2,No,No,78,61,NotPlaced,69.5,84.00000000000001,80.5,3
7.6,1,2,0,82,3.9,No,No,58,68,NotPlaced,63.0,78.0,80.0,3
8.3,1,3,2,90,4.8,Yes,Yes,88,73,Placed,80.5,96.0,93.0,6
8.2,1,1,1,79,4.1,Yes,Yes,58,83,NotPlaced,70.5,82.0,80.5,3
6.8,1,2,0,80,4.5,Yes,Yes,56,67,Placed,61.5,90.0,85.0,3
7.5,2,2,1,74,4.4,No,Yes,82,62,NotPlaced,72.0,88.00000000000001,81.0,5
7.6,0,1,0,71,3.9,No,No,59,64,NotPlaced,61.5,78.0,74.5,1
8.4,1,2,1,74,4.3,No,No,57,68,NotPlaced,62.5,86.0,80.0,4
8.4,2,3,2,90,4.5,Yes,Yes,69,81,NotPlaced,75.0,90.0,90.0,7
8.2,2,3,0,90,4.8,Yes,Yes,68,82,Placed,75.0,96.0,93.0,5
7.6,0,3,2,82,4.5,No,No,78,64,Placed,71.0,90.0,86.0,5
6.9,0,1,0,79,4.8,Yes,No,62,67,NotPlaced,64.5,96.0,87.5,1
8.4,0,1,0,85,3.7,Yes,Yes,57,71,Placed,64.0,74.0,79.5,1
7.4,1,2,1,74,4.3,No,No,56,70,NotPlaced,63.0,86.0,80.0,4
7.5,1,2,0,81,4.7,No,Yes,56,69,NotPlaced,62.5,94.0,87.5,3
8.4,0,1,0,90,4.8,No,Yes,55,65,Placed,60.0,96.0,93.0,1
8.3,1,3,0,90,4.7,Yes,Yes,71,86,Placed,78.5,94.0,92.0,4
7.9,1,1,2,72,4.8,Yes,No,64,69,Placed,66.5,96.0,84.0,4
8.4,0,3,2,75,4.8,Yes,Yes,55,63,NotPlaced,59.0,96.0,85.5,5
7.7,0,1,1,85,4.4,No,Yes,61,65,Placed,63.0,88.00000000000001,86.5,2
6.8,1,1,1,78,3.8,No,No,58,68,NotPlaced,63.0,76.0,77.0,3
8.6,2,3,2,90,4.6,Yes,Yes,74,88,Placed,81.0,92.0,91.0,7
7.7,2,3,0,81,4.7,Yes,Yes,66,80,Placed,73.0,94.0,87.5,5
8.4,1,0,2,81,4.2,Yes,Yes,74,88,Placed,81.0,84.00000000000001,82.5,3
6.5,1,1,1,76,4.8,Yes,No,57,79,NotPlaced,68.0,96.0,86.0,3
8.3,2,2,3,87,4.8,Yes,Yes,81,84,NotPlaced,82.5,96.0,91.5,7
7.3,2,1,0,83,3.7,Yes,Yes,60,65,Placed,62.5,74.0,78.5,3
6.5,0,2,0,85,4.8,No,No,89,67,Placed,78.0,96.0,90.5,2
8.2,1,2,2,80,4.4,Yes,Yes,72,83,Placed,77.5,88.00000000000001,84.0,5
7.6,1,1,1,71,4.2,No,No,57,68,NotPlaced,62.5,84.00000000000001,77.5,3
8.5,2,2,2,82,4.5,Yes,Yes,55,81,NotPlaced,68.0,90.0,86.0,6
7.4,2,3,2,89,4.8,Yes,No,88,82,NotPlaced,85.0,96.0,92.5,7
7.0,2,3,2,90,4.8,Yes,Yes,90,80,Placed,85.0,96.0,93.0,7
8.2,1,1,1,78,4.0,No,Yes,56,70,NotPlaced,63.0,80.0,79.0,3
6.9,1,3,2,80,4.6,Yes,Yes,73,83,Placed,78.0,92.0,86.0,6
6.8,0,1,0,63,3.6,No,No,55,67,NotPlaced,61.0,72.0,67.5,1
8.5,0,3,2,90,4.8,Yes,Yes,74,64,Placed,69.0,96.0,93.0,5
8.2,1,3,2,90,4.8,No,Yes,71,83,Placed,77.0,96.0,93.0,6
6.5,1,1,1,69,3.7,Yes,No,62,65,NotPlaced,63.5,74.0,71.5,3
7.4,1,1,0,74,4.5,No,No,64,71,Placed,67.5,90.0,82.0,2
7.9,0,2,2,87,3.9,No,Yes,63,69,NotPlaced,66.0,78.0,82.5,4
8.1,2,3,2,86,4.7,Yes,Yes,76,80,Placed,78.0,94.0,90.0,7
8.7,2,3,0,87,4.8,Yes,Yes,76,88,Placed,82.0,96.0,91.5,5
7.5,1,2,0,78,4.4,Yes,Yes,61,71,NotPlaced,66.0,88.00000000000001,83.0,3
8.2,2,3,2,90,4.7,Yes,Yes,80,86,Placed,83.0,94.0,92.0,7
7.8,1,3,0,76,4.4,Yes,Yes,74,74,NotPlaced,74.0,88.00000000000001,82.0,4
6.5,1,2,0,69,4.8,No,Yes,56,72,NotPlaced,64.0,96.0,82.5,3
8.1,1,2,2,78,4.7,Yes,Yes,57,83,NotPlaced,70.0,94.0,86.0,5
8.3,2,3,3,89,4.5,Yes,Yes,77,88,Placed,82.5,90.0,89.5,8
8.0,1,3,0,80,4.0,Yes,Yes,83,68,NotPlaced,75.5,80.0,80.0,4
7.8,1,1,0,66,3.7,Yes,Yes,62,67,Placed,64.5,74.0,70.0,2
6.6,1,1,2,86,4.7,No,No,55,69,Placed,62.0,94.0,90.0,4
6.8,1,3,0,83,4.4,No,Yes,58,63,NotPlaced,60.5,88.00000000000001,85.5,4
7.9,2,3,2,80,4.5,Yes,Yes,77,85,Placed,81.0,90.0,85.0,7
7.4,1,2,0,75,3.9,No,Yes,69,70,Placed,69.5,78.0,76.5,3
8.1,0,2,1,88,3.8,Yes,Yes,72,82,NotPlaced,77.0,76.0,82.0,3
8.2,2,3,2,82,4.4,Yes,Yes,80,83,Placed,81.5,88.00000000000001,85.0,7
8.6,0,3,0,86,4.5,Yes,No,70,83,NotPlaced,76.5,90.0,88.0,3
8.2,2,3,0,89,4.4,Yes,Yes,84,86,NotPlaced,85.0,88.00000000000001,88.5,5
8.1,2,2,0,80,4.8,Yes,No,55,82,Placed,68.5,96.0,88.0,4
7.4,1,3,1,84,4.5,Yes,Yes,81,73,Placed,77.0,90.0,87.0,5
8.2,2,3,2,85,4.8,Yes,Yes,73,85,Placed,79.0,96.0,90.5,7
8.3,1,3,2,88,4.8,Yes,Yes,74,88,Placed,81.0,96.0,92.0,6
8.0,2,3,2,82,4.3,Yes,Yes,77,84,Placed,80.5,86.0,84.0,7
6.5,1,2,1,69,3.8,No,Yes,56,71,NotPlaced,63.5,76.0,72.5,4
8.3,2,3,2,90,4.8,Yes,Yes,62,84,NotPlaced,73.0,96.0,93.0,7
6.5,1,2,0,76,4.3,No,No,58,66,NotPlaced,62.0,86.0,81.0,3
7.9,1,1,0,77,4.7,No,Yes,75,70,NotPlaced,72.5,94.0,85.5,2
8.0,2,3,2,90,4.8,Yes,Yes,75,83,Placed,79.0,96.0,93.0,7
7.9,1,2,1,86,4.4,Yes,Yes,83,67,NotPlaced,75.0,88.00000000000001,87.0,4
6.5,1,1,0,69,3.5,No,Yes,55,72,NotPlaced,63.5,70.0,69.5,2
6.9,1,1,0,78,4.2,Yes,Yes,66,69,Placed,67.5,84.00000000000001,81.0,2
7.9,1,3,2,90,4.8,Yes,No,78,83,NotPlaced,80.5,96.0,93.0,6
6.5,0,1,1,81,4.1,No,No,71,69,NotPlaced,70.0,82.0,81.5,2
8.7,2,3,2,90,4.8,Yes,Yes,71,84,Placed,77.5,96.0,93.0,7
6.5,1,2,0,77,4.2,No,No,55,59,NotPlaced,57.0,84.00000000000001,80.5,3
7.4,1,2,2,82,4.3,Yes,Yes,77,72,NotPlaced,74.5,86.0,84.0,5
7.4,1,2,1,77,3.9,No,Yes,55,64,NotPlaced,59.5,78.0,77.5,4
7.6,1,1,1,76,3.4,No,No,55,59,NotPlaced,57.0,68.0,72.0,3
8.7,2,3,2,79,4.4,Yes,Yes,78,80,Placed,79.0,88.00000000000001,83.5,7
6.5,0,1,0,73,3.6,No,No,67,70,NotPlaced,68.5,72.0,72.5,1
8.1,2,1,2,72,4.1,Yes,No,59,69,NotPlaced,64.0,82.0,77.0,5
8.6,1,3,2,90,4.8,Yes,Yes,78,85,Placed,81.5,96.0,93.0,6
7.7,1,2,1,76,3.7,No,Yes,72,69,NotPlaced,70.5,74.0,75.0,4
8.4,2,3,2,89,4.1,Yes,Yes,83,80,Placed,81.5,82.0,85.5,7
8.2,2,3,2,90,4.8,Yes,Yes,71,80,Placed,75.5,96.0,93.0,7
7.6,2,1,0,79,4.8,Yes,Yes,55,70,NotPlaced,62.5,96.0,87.5,3
8.0,0,2,2,90,4.8,Yes,Yes,68,85,Placed,76.5,96.0,93.0,4
8.6,1,3,0,82,4.5,No,Yes,55,74,NotPlaced,64.5,90.0,86.0,4
7.9,2,3,2,90,4.7,Yes,Yes,80,88,Placed,84.0,94.0,92.0,7
6.7,1,1,0,80,3.8,No,Yes,62,64,NotPlaced,63.0,76.0,78.0,2
7.4,1,1,0,66,4.4,No,No,55,65,NotPlaced,60.0,88.00000000000001,77.0,2
7.8,1,2,1,74,4.8,Yes,Yes,69,81,NotPlaced,75.0,96.0,85.0,4
8.4,1,1,2,86,4.7,Yes,No,69,71,NotPlaced,70.0,94.0,90.0,4
8.0,2,3,2,89,4.6,Yes,Yes,80,87,Placed,83.5,92.0,90.5,7
7.8,1,3,2,80,3.4,Yes,No,55,67,NotPlaced,61.0,68.0,74.0,6
7.4,1,1,0,79,3.6,No,Yes,57,71,NotPlaced,64.0,72.0,75.5,2
7.5,0,1,2,74,4.0,No,Yes,55,72,NotPlaced,63.5,80.0,77.0,3
7.7,2,3,2,90,4.8,Yes,Yes,87,88,Placed,87.5,96.0,93.0,7
8.3,1,3,2,88,4.6,Yes,Yes,77,88,Placed,82.5,92.0,90.0,6
8.0,2,3,3,85,4.8,Yes,Yes,77,81,NotPlaced,79.0,96.0,90.5,8
6.5,0,2,2,85,4.1,No,Yes,71,72,NotPlaced,71.5,82.0,83.5,4
8.6,2,1,0,70,4.2,No,Yes,56,64,NotPlaced,60.0,84.00000000000001,77.0,3
8.2,2,3,2,83,4.6,Yes,Yes,69,77,Placed,73.0,92.0,87.5,7
7.6,2,2,2,60,4.4,No,No,55,61,NotPlaced,58.0,88.00000000000001,74.0,6
8.3,2,3,3,88,4.8,Yes,Yes,84,87,Placed,85.5,96.0,92.0,8
8.1,2,3,2,90,4.8,Yes,Yes,75,86,Placed,80.5,96.0,93.0,7
6.5,0,2,0,77,4.4,No,Yes,55,65,NotPlaced,60.0,88.00000000000001,82.5,2
7.8,0,1,2,68,4.5,No,No,82,85,Placed,83.5,90.0,79.0,3
8.0,1,3,2,90,4.7,Yes,Yes,74,88,Placed,81.0,94.0,92.0,6
8.2,1,3,2,90,4.8,Yes,Yes,66,84,Placed,75.0,96.0,93.0,6
7.9,1,3,2,78,4.3,Yes,Yes,89,86,Placed,87.5,86.0,82.0,6
8.4,1,3,0,81,3.6,Yes,Yes,78,86,Placed,82.0,72.0,76.5,4
7.7,1,2,2,82,4.7,No,Yes,84,85,NotPlaced,84.5,94.0,88.0,5
7.8,1,2,1,70,3.9,No,Yes,58,70,NotPlaced,64.0,78.0,74.0,4
6.6,1,3,2,79,4.6,Yes,Yes,78,75,Placed,76.5,92.0,85.5,6
7.7,1,2,0,76,4.1,Yes,Yes,60,72,NotPlaced,66.0,82.0,79.0,3
7.7,1,1,1,86,4.3,No,Yes,60,63,NotPlaced,61.5,86.0,86.0,3
8.0,1,2,1,77,4.5,No,No,61,70,NotPlaced,65.5,90.0,83.5,4
7.5,1,2,1,78,4.7,No,No,55,66,NotPlaced,60.5,94.0,86.0,4
8.3,1,2,2,85,4.6,Yes,Yes,75,81,Placed,78.0,92.0,88.5,5
8.4,1,3,2,90,4.8,Yes,Yes,82,87,Placed,84.5,96.0,93.0,6
7.6,0,2,1,77,4.4,Yes,Yes,64,63,Placed,63.5,88.00000000000001,82.5,3
7.5,1,2,2,87,3.9,Yes,Yes,81,70,NotPlaced,75.5,78.0,82.5,5
8.3,2,3,0,90,4.7,Yes,Yes,73,77,Placed,75.0,94.0,92.0,5
7.0,1,1,1,62,3.4,No,No,55,63,NotPlaced,59.0,68.0,65.0,3
7.9,2,3,2,90,4.8,Yes,Yes,81,86,Placed,83.5,96.0,93.0,7
8.4,2,3,2,88,4.8,Yes,Yes,84,87,Placed,85.5,96.0,92.0,7
7.6,1,1,0,74,4.3,No,No,58,71,NotPlaced,64.5,86.0,80.0,2
8.2,1,3,2,90,4.3,Yes,Yes,76,82,Placed,79.0,86.0,88.0,6
8.1,0,3,3,88,4.3,No,Yes,84,83,Placed,83.5,86.0,87.0,6
8.6,1,2,2,64,4.0,No,No,59,70,NotPlaced,64.5,80.0,72.0,5
7.7,1,1,0,77,3.7,No,No,55,64,NotPlaced,59.5,74.0,75.5,2
8.3,2,3,2,88,4.8,Yes,Yes,83,86,Placed,84.5,96.0,92.0,7
6.9,2,2,2,90,4.8,No,Yes,85,85,Placed,85.0,96.0,93.0,6
7.4,1,1,2,90,4.3,Yes,Yes,72,85,Placed,78.5,86.0,88.0,4
8.3,1,1,1,71,3.9,Yes,No,55,59,NotPlaced,57.0,78.0,74.5,3
7.5,1,2,0,78,3.4,Yes,Yes,55,65,NotPlaced,60.0,68.0,73.0,3
6.5,1,1,1,79,4.7,No,Yes,59,64,NotPlaced,61.5,94.0,86.5,3
7.5,1,2,1,79,4.5,No,Yes,64,68,NotPlaced,66.0,90.0,84.5,4
7.4,1,3,1,68,3.4,Yes,Yes,60,74,NotPlaced,67.0,68.0,68.0,5
8.6,1,3,2,87,4.8,Yes,Yes,82,88,Placed,85.0,96.0,91.5,6
8.1,2,3,2,68,4.5,Yes,Yes,76,85,NotPlaced,80.5,90.0,79.0,7
7.7,1,3,0,71,4.2,No,Yes,80,82,NotPlaced,81.0,84.00000000000001,77.5,4
6.8,1,1,1,71,4.3,No,Yes,55,62,NotPlaced,58.5,86.0,78.5,3
8.2,1,2,2,90,4.8,Yes,No,70,85,NotPlaced,77.5,96.0,93.0,5
6.5,0,2,0,83,4.6,Yes,Yes,55,65,NotPlaced,60.0,92.0,87.5,2
7.6,1,1,1,75,3.6,No,Yes,59,62,NotPlaced,60.5,72.0,73.5,3
7.5,0,1,0,74,4.5,Yes,Yes,71,80,NotPlaced,75.5,90.0,82.0,1
6.6,1,2,0,78,4.1,Yes,No,74,64,NotPlaced,69.0,82.0,80.0,3
8.2,0,1,3,84,4.8,Yes,Yes,88,69,Placed,78.5,96.0,90.0,4
7.4,2,3,1,78,4.7,No,Yes,55,84,NotPlaced,69.5,94.0,86.0,6
8.7,2,2,0,89,4.5,No,Yes,78,71,Placed,74.5,90.0,89.5,4
8.6,2,1,0,86,4.4,Yes,Yes,82,79,Placed,80.5,88.00000000000001,87.0,3
8.5,1,3,2,89,4.6,Yes,Yes,79,82,NotPlaced,80.5,92.0,90.5,6
8.4,1,3,0,90,4.8,Yes,No,75,82,Placed,78.5,96.0,93.0,4
8.2,0,2,3,90,4.8,Yes,Yes,81,88,Placed,84.5,96.0,93.0,5
8.2,1,2,3,86,3.9,Yes,Yes,76,88,Placed,82.0,78.0,82.0,6
8.3,2,3,2,90,4.8,Yes,Yes,76,83,Placed,79.5,96.0,93.0,7
7.4,1,1,0,72,4.2,Yes,Yes,55,66,Placed,60.5,84.00000000000001,78.0,2
8.3,2,3,0,82,4.5,Yes,Yes,74,70,NotPlaced,72.0,90.0,86.0,5
8.5,2,1,1,78,4.4,Yes,Yes,66,86,Placed,76.0,88.00000000000001,83.0,4
8.6,0,3,2,78,4.2,Yes,No,62,74,NotPlaced,68.0,84.00000000000001,81.0,5
7.6,1,1,1,84,3.3,Yes,Yes,75,60,Placed,67.5,65.99999999999999,75.0,3
7.4,0,2,2,83,4.5,Yes,Yes,82,71,NotPlaced,76.5,90.0,86.5,4
8.4,1,1,2,84,4.0,Yes,Yes,68,83,NotPlaced,75.5,80.0,82.0,4
7.2,1,1,0,73,3.8,No,No,59,65,NotPlaced,62.0,76.0,74.5,2
7.5,1,2,1,80,3.7,No,Yes,55,66,NotPlaced,60.5,74.0,77.0,4
6.9,0,2,0,77,4.2,No,No,70,68,NotPlaced,69.0,84.00000000000001,80.5,2
7.7,0,2,0,85,4.0,No,Yes,55,64,Placed,59.5,80.0,82.5,2
8.5,1,2,2,82,4.0,Yes,No,55,74,Placed,64.5,80.0,81.0,5
8.3,1,3,1,85,4.3,Yes,Yes,65,82,NotPlaced,73.5,86.0,85.5,5
8.3,0,3,2,82,4.8,Yes,Yes,73,79,Placed,76.0,96.0,89.0,5
7.6,1,2,1,86,4.4,Yes,Yes,64,68,Placed,66.0,88.00000000000001,87.0,4
8.0,2,3,0,84,4.6,Yes,Yes,88,81,NotPlaced,84.5,92.0,88.0,5
7.0,1,1,0,74,4.3,No,Yes,66,71,NotPlaced,68.5,86.0,80.0,2
7.2,1,1,1,74,3.9,No,Yes,57,69,NotPlaced,63.0,78.0,76.0,3
6.7,1,1,0,75,3.7,No,No,58,66,NotPlaced,62.0,74.0,74.5,2
7.3,1,2,1,68,4.6,No,Yes,65,70,NotPlaced,67.5,92.0,80.0,4
8.0,1,3,0,81,4.3,Yes,Yes,80,71,NotPlaced,75.5,86.0,83.5,4
8.0,2,3,2,81,3.9,Yes,Yes,79,81,NotPlaced,80.0,78.0,79.5,7
7.6,1,1,1,72,4.6,No,Yes,78,66,NotPlaced,72.0,92.0,82.0,3
7.4,0,2,0,75,4.4,No,Yes,57,67,NotPlaced,62.0,88.00000000000001,81.5,2
8.4,2,3,2,83,4.7,Yes,Yes,83,84,Placed,83.5,94.0,88.5,7
6.5,1,2,1,72,4.0,Yes,Yes,68,76,Placed,72.0,80.0,76.0,4
8.2,2,3,2,81,4.8,Yes,Yes,84,64,NotPlaced,74.0,96.0,88.5,7
8.4,2,3,2,87,4.6,Yes,No,83,87,Placed,85.0,92.0,89.5,7
8.6,2,3,2,90,4.7,Yes,Yes,83,88,Placed,85.5,94.0,92.0,7
8.6,2,3,3,83,4.6,Yes,No,86,84,NotPlaced,85.0,92.0,87.5,8
7.9,1,2,0,67,4.4,Yes,No,73,72,Placed,72.5,88.00000000000001,77.5,3
8.3,2,3,2,88,4.8,Yes,Yes,66,83,Placed,74.5,96.0,92.0,7
7.7,1,1,1,74,4.5,No,No,55,62,NotPlaced,58.5,90.0,82.0,3
8.0,0,2,0,76,4.6,Yes,Yes,56,87,Placed,71.5,92.0,84.0,2
7.9,1,3,3,80,4.1,Yes,Yes,71,84,Placed,77.5,82.0,81.0,7
7.8,1,3,0,79,4.8,Yes,Yes,72,79,NotPlaced,75.5,96.0,87.5,4
8.5,1,2,0,73,4.2,No,Yes,55,61,NotPlaced,58.0,84.00000000000001,78.5,3
7.7,2,2,2,75,4.2,No,Yes,71,83,NotPlaced,77.0,84.00000000000001,79.5,6
8.4,2,2,2,84,4.7,Yes,Yes,85,82,Placed,83.5,94.0,89.0,6
7.5,1,3,0,83,4.2,Yes,Yes,75,80,NotPlaced,77.5,84.00000000000001,83.5,4
7.9,1,2,0,82,4.2,Yes,Yes,79,86,Placed,82.5,84.00000000000001,83.0,3
7.4,1,1,0,80,4.3,No,Yes,58,69,Placed,63.5,86.0,83.0,2
6.9,1,1,1,72,3.6,No,No,61,59,NotPlaced,60.0,72.0,72.0,3
7.9,1,2,1,81,4.8,No,Yes,74,65,NotPlaced,69.5,96.0,88.5,4
8.4,2,3,2,90,4.8,Yes,Yes,82,79,Placed,80.5,96.0,93.0,7
8.4,1,3,0,73,4.7,Yes,Yes,72,73,NotPlaced,72.5,94.0,83.5,4
7.8,1,3,2,90,4.8,Yes,Yes,75,86,Placed,80.5,96.0,93.0,6
7.7,0,1,1,72,4.1,No,Yes,55,64,NotPlaced,59.5,82.0,77.0,2
8.3,1,3,1,79,4.3,Yes,Yes,55,84,NotPlaced,69.5,86.0,82.5,5
8.5,1,3,2,80,4.6,Yes,Yes,74,68,Placed,71.0,92.0,86.0,6
8.3,2,3,2,90,4.8,Yes,Yes,81,88,Placed,84.5,96.0,93.0,7
7.5,1,3,1,72,4.2,Yes,No,90,80,NotPlaced,85.0,84.00000000000001,78.0,5
6.5,1,3,2,77,4.5,No,Yes,73,67,Placed,70.0,90.0,83.5,6
8.6,2,3,0,87,4.7,Yes,Yes,76,73,NotPlaced,74.5,94.0,90.5,5
6.9,1,2,2,77,4.2,Yes,Yes,77,86,NotPlaced,81.5,84.00000000000001,80.5,5
8.2,2,3,0,81,4.8,Yes,No,85,80,Placed,82.5,96.0,88.5,5
8.2,2,3,2,76,4.8,Yes,No,71,83,NotPlaced,77.0,96.0,86.0,7
7.4,1,3,0,84,4.6,No,No,64,84,NotPlaced,74.0,92.0,88.0,4
8.4,0,3,2,83,4.0,Yes,No,62,64,Placed,63.0,80.0,81.5,5
7.7,0,1,0,67,4.0,No,No,57,69,NotPlaced,63.0,80.0,73.5,1
8.1,1,2,0,83,3.9,No,No,85,60,NotPlaced,72.5,78.0,80.5,3
8.6,0,2,2,83,3.9,Yes,Yes,70,85,NotPlaced,77.5,78.0,80.5,4
8.5,1,1,1,77,4.5,Yes,Yes,57,66,NotPlaced,61.5,90.0,83.5,3
8.2,2,3,2,90,4.8,Yes,Yes,85,88,Placed,86.5,96.0,93.0,7
8.2,2,3,2,90,4.8,Yes,Yes,82,88,Placed,85.0,96.0,93.0,7
8.7,2,3,2,81,4.6,Yes,Yes,79,85,Placed,82.0,92.0,86.5,7
7.3,2,3,2,78,4.7,No,Yes,70,88,NotPlaced,79.0,94.0,86.0,7
7.9,2,3,0,90,4.8,Yes,Yes,89,86,Placed,87.5,96.0,93.0,5
7.9,1,1,0,73,4.0,No,Yes,62,64,NotPlaced,63.0,80.0,76.5,2
8.4,1,2,0,81,4.0,No,Yes,55,59,Placed,57.0,80.0,80.5,3
6.5,1,2,1,72,4.4,No,No,55,63,NotPlaced,59.0,88.00000000000001,80.0,4
7.5,1,2,0,60,3.6,No,Yes,55,67,NotPlaced,61.0,72.0,66.0,3
7.8,0,2,2,87,4.6,Yes,Yes,85,86,Placed,85.5,92.0,89.5,4
8.1,2,1,0,90,4.5,Yes,Yes,88,84,NotPlaced,86.0,90.0,90.0,3
7.8,1,3,2,90,4.8,Yes,Yes,83,88,Placed,85.5,96.0,93.0,6
7.5,1,1,0,77,4.6,No,No,79,72,NotPlaced,75.5,92.0,84.5,2
6.6,1,1,1,67,4.1,No,Yes,63,67,NotPlaced,65.0,82.0,74.5,3
6.9,1,1,0,74,4.5,No,Yes,57,63,NotPlaced,60.0,90.0,82.0,2
6.8,1,1,1,75,4.3,No,Yes,55,67,NotPlaced,61.0,86.0,80.5,3
7.7,1,1,0,80,3.3,No,No,55,67,NotPlaced,61.0,65.99999999999999,73.0,2
7.5,1,3,2,78,4.8,No,Yes,68,69,NotPlaced,68.5,96.0,87.0,6
6.7,0,1,1,85,4.2,Yes,Yes,68,64,Placed,66.0,84.00000000000001,84.5,2
6.5,1,3,1,75,4.5,No,No,60,64,NotPlaced,62.0,90.0,82.5,5
8.3,1,3,0,90,4.8,Yes,Yes,81,86,Placed,83.5,96.0,93.0,4
8.6,2,3,2,90,4.8,Yes,Yes,82,81,Placed,81.5,96.0,93.0,7
6.5,1,2,1,61,3.9,No,Yes,55,66,NotPlaced,60.5,78.0,69.5,4
6.8,1,1,0,77,4.2,Yes,Yes,64,64,NotPlaced,64.0,84.00000000000001,80.5,2
6.7,1,2,0,74,4.6,Yes,Yes,55,68,Placed,61.5,92.0,83.0,3
7.6,1,1,0,81,4.1,No,Yes,55,68,NotPlaced,61.5,82.0,81.5,2
8.4,2,3,2,89,4.5,Yes,Yes,78,82,Placed,80.0,90.0,89.5,7
6.5,1,2,1,83,4.1,No,Yes,77,72,NotPlaced,74.5,82.0,82.5,4
8.4,2,3,0,90,4.7,Yes,No,76,83,Placed,79.5,94.0,92.0,5
8.2,1,2,0,81,4.8,No,Yes,55,70,NotPlaced,62.5,96.0,88.5,3
7.6,1,1,1,73,3.9,No,No,65,70,NotPlaced,67.5,78.0,75.5,3
7.5,1,1,0,82,4.5,No,Yes,62,72,NotPlaced,67.0,90.0,86.0,2
8.3,2,3,2,85,4.8,Yes,Yes,80,88,Placed,84.0,96.0,90.5,7
6.5,1,2,1,76,4.1,Yes,No,56,70,NotPlaced,63.0,82.0,79.0,4
7.8,1,1,1,72,4.6,Yes,Yes,60,60,NotPlaced,60.0,92.0,82.0,3
6.8,1,1,0,73,3.1,No,Yes,72,66,NotPlaced,69.0,62.0,67.5,2
8.6,1,3,2,82,4.8,Yes,Yes,90,85,Placed,87.5,96.0,89.0,6
7.8,1,2,1,83,4.6,No,Yes,79,66,Placed,72.5,92.0,87.5,4
6.8,2,3,2,84,4.8,Yes,Yes,81,88,Placed,84.5,96.0,90.0,7
8.0,1,3,0,85,4.8,Yes,Yes,86,75,NotPlaced,80.5,96.0,90.5,4
7.7,1,1,2,76,4.6,No,Yes,76,66,NotPlaced,71.0,92.0,84.0,4
8.6,2,3,2,76,4.2,Yes,Yes,81,84,Placed,82.5,84.00000000000001,80.0,7
8.0,2,3,2,83,4.5,Yes,No,79,81,NotPlaced,80.0,90.0,86.5,7
7.3,1,1,0,77,3.7,No,No,55,65,NotPlaced,60.0,74.0,75.5,2
8.9,1,3,0,83,4.8,Yes,Yes,77,76,Placed,76.5,96.0,89.5,4
7.7,1,1,1,73,4.2,No,No,55,67,NotPlaced,61.0,84.00000000000001,78.5,3
8.2,0,2,1,75,4.4,Yes,Yes,73,67,Placed,70.0,88.00000000000001,81.5,3
6.9,1,1,1,84,4.7,Yes,No,55,73,NotPlaced,64.0,94.0,89.0,3
8.8,1,3,2,89,4.5,Yes,Yes,73,85,Placed,79.0,90.0,89.5,6
6.8,1,1,1,69,3.7,No,No,63,65,NotPlaced,64.0,74.0,71.5,3
6.5,1,2,0,83,4.6,No,Yes,55,73,NotPlaced,64.0,92.0,87.5,3
8.1,2,3,0,90,4.7,Yes,Yes,86,88,Placed,87.0,94.0,92.0,5
7.7,1,1,0,78,3.8,No,Yes,55,68,NotPlaced,61.5,76.0,77.0,2
8.6,1,3,3,88,4.6,Yes,Yes,79,85,Placed,82.0,92.0,90.0,7
6.5,1,1,0,68,3.8,No,Yes,59,59,NotPlaced,59.0,76.0,72.0,2
7.9,2,3,2,79,4.3,Yes,No,68,82,Placed,75.0,86.0,82.5,7
8.3,2,3,2,90,4.3,Yes,Yes,75,84,NotPlaced,79.5,86.0,88.0,7
7.1,1,2,1,84,4.3,Yes,Yes,75,82,NotPlaced,78.5,86.0,85.0,4
6.5,1,2,0,84,4.6,Yes,Yes,57,66,NotPlaced,61.5,92.0,88.0,3
7.8,0,1,2,74,4.3,No,Yes,59,84,NotPlaced,71.5,86.0,80.0,3
8.3,2,3,2,87,4.7,Yes,Yes,79,80,Placed,79.5,94.0,90.5,7
7.1,1,1,0,63,4.2,No,Yes,55,69,NotPlaced,62.0,84.00000000000001,73.5,2
8.3,1,3,2,90,4.5,Yes,Yes,68,82,Placed,75.0,90.0,90.0,6
8.7,2,3,3,90,4.8,Yes,Yes,77,86,Placed,81.5,96.0,93.0,8
8.5,1,2,1,66,3.9,No,Yes,63,72,NotPlaced,67.5,78.0,72.0,4
6.8,1,2,0,68,4.1,Yes,Yes,58,71,NotPlaced,64.5,82.0,75.0,3
7.4,0,1,0,79,4.2,Yes,Yes,61,65,NotPlaced,63.0,84.00000000000001,81.5,1
7.6,0,3,2,87,4.7,Yes,No,80,84,Placed,82.0,94.0,90.5,5
7.5,1,2,1,71,4.1,No,Yes,58,65,NotPlaced,61.5,82.0,76.5,4
8.3,1,1,0,70,4.6,Yes,Yes,79,84,NotPlaced,81.5,92.0,81.0,2
9.1,2,3,2,90,4.8,Yes,Yes,74,82,Placed,78.0,96.0,93.0,7
8.1,1,3,2,75,4.7,Yes,Yes,76,68,NotPlaced,72.0,94.0,84.5,6
7.6,0,2,0,85,4.2,Yes,Yes,81,83,Placed,82.0,84.00000000000001,84.5,2
8.6,1,2,2,88,4.3,Yes,Yes,71,82,Placed,76.5,86.0,87.0,5
8.0,0,2,1,89,4.3,No,Yes,55,75,NotPlaced,65.0,86.0,87.5,3
7.5,1,2,0,64,3.8,No,No,55,67,NotPlaced,61.0,76.0,70.0,3
7.5,0,1,0,63,4.3,Yes,Yes,55,64,NotPlaced,59.5,86.0,74.5,1
7.3,0,2,0,71,3.5,No,Yes,67,68,NotPlaced,67.5,70.0,70.5,2
7.0,0,3,3,76,4.5,Yes,Yes,87,81,Placed,84.0,90.0,83.0,6
7.5,1,1,1,70,4.4,No,No,59,69,NotPlaced,64.0,88.00000000000001,79.0,3
6.5,1,2,0,76,3.7,No,No,56,67,NotPlaced,61.5,74.0,75.0,3
8.3,1,2,0,77,3.8,Yes,Yes,63,80,NotPlaced,71.5,76.0,76.5,3
6.9,1,1,2,72,3.8,Yes,Yes,71,83,NotPlaced,77.0,76.0,74.0,4
8.1,2,3,2,90,4.8,Yes,Yes,90,86,Placed,88.0,96.0,93.0,7
7.6,1,2,0,72,4.2,No,Yes,59,65,Placed,62.0,84.00000000000001,78.0,3
6.8,1,1,0,74,4.3,No,Yes,55,66,NotPlaced,60.5,86.0,80.0,2
8.4,2,3,2,90,4.8,Yes,Yes,69,88,Placed,78.5,96.0,93.0,7
7.0,1,2,0,73,4.5,No,Yes,55,80,NotPlaced,67.5,90.0,81.5,3
6.9,2,3,3,86,4.8,Yes,Yes,73,82,Placed,77.5,96.0,91.0,8
7.3,1,1,1,80,3.8,No,No,71,71,NotPlaced,71.0,76.0,78.0,3
8.3,2,3,2,90,4.8,Yes,Yes,82,85,Placed,83.5,96.0,93.0,7
6.9,1,1,0,78,3.9,Yes,Yes,73,62,NotPlaced,67.5,78.0,78.0,2
8.3,2,2,2,80,4.5,Yes,Yes,68,79,Placed,73.5,90.0,85.0,6
7.2,1,1,1,72,3.7,No,No,57,65,NotPlaced,61.0,74.0,73.0,3
8.1,2,2,2,90,3.7,Yes,Yes,64,82,Placed,73.0,74.0,82.0,6
7.7,1,1,2,71,4.0,No,Yes,56,64,NotPlaced,60.0,80.0,75.5,4
8.4,2,3,2,90,4.7,Yes,Yes,89,86,Placed,87.5,94.0,92.0,7
6.6,0,1,0,67,3.3,No,Yes,55,69,NotPlaced,62.0,65.99999999999999,66.5,1
6.8,2,1,2,75,4.6,Yes,Yes,74,82,NotPlaced,78.0,92.0,83.5,5
7.8,2,3,2,90,4.7,Yes,Yes,70,84,Placed,77.0,94.0,92.0,7
6.9,1,2,0,73,4.2,Yes,Yes,74,63,NotPlaced,68.5,84.00000000000001,78.5,3
7.6,1,3,2,85,4.4,Yes,Yes,69,61,Placed,65.0,88.00000000000001,86.5,6
6.5,0,1,1,80,3.2,No,No,71,60,NotPlaced,65.5,64.0,72.0,2
7.8,2,3,2,86,4.2,Yes,No,83,81,Placed,82.0,84.00000000000001,85.0,7
7.6,2,1,1,74,3.8,Yes,Yes,61,83,NotPlaced,72.0,76.0,75.0,4
8.3,0,3,2,90,4.7,Yes,Yes,85,88,Placed,86.5,94.0,92.0,5
7.3,2,1,2,86,3.8,No,Yes,71,67,NotPlaced,69.0,76.0,81.0,5
7.8,2,2,2,88,4.3,Yes,Yes,75,82,NotPlaced,78.5,86.0,87.0,6
7.6,1,2,0,72,4.4,No,Yes,57,64,NotPlaced,60.5,88.00000000000001,80.0,3
7.8,1,3,1,79,3.7,No,No,55,67,NotPlaced,61.0,74.0,76.5,5
6.5,1,1,1,76,4.3,Yes,No,60,63,NotPlaced,61.5,86.0,81.0,3
7.5,0,1,0,82,4.4,No,Yes,58,85,NotPlaced,71.5,88.00000000000001,85.0,1
6.6,0,3,2,87,4.3,No,No,69,69,NotPlaced,69.0,86.0,86.5,5
6.9,2,1,0,73,4.0,No,Yes,84,67,NotPlaced,75.5,80.0,76.5,3
7.4,1,1,0,60,3.8,No,No,55,63,NotPlaced,59.0,76.0,68.0,2
7.5,1,1,1,63,3.7,No,Yes,57,66,NotPlaced,61.5,74.0,68.5,3
8.0,2,3,2,90,4.8,Yes,Yes,77,86,Placed,81.5,96.0,93.0,7
8.3,2,3,2,90,4.8,Yes,Yes,80,81,Placed,80.5,96.0,93.0,7
8.5,2,2,2,90,4.4,Yes,Yes,74,85,Placed,79.5,88.00000000000001,89.0,6
6.5,1,1,1,66,4.0,No,Yes,60,73,NotPlaced,66.5,80.0,73.0,3
8.6,1,3,2,82,4.6,Yes,Yes,75,84,Placed,79.5,92.0,87.0,6
8.2,2,3,2,90,4.8,Yes,Yes,86,82,Placed,84.0,96.0,93.0,7
6.7,1,2,1,79,3.9,No,Yes,82,83,NotPlaced,82.5,78.0,78.5,4
6.5,1,1,1,84,4.0,Yes,Yes,68,81,Placed,74.5,80.0,82.0,3
7.5,2,3,0,81,3.9,Yes,Yes,65,65,NotPlaced,65.0,78.0,79.5,5
7.6,0,2,1,74,4.8,Yes,Yes,81,72,Placed,76.5,96.0,85.0,3
7.6,0,1,1,77,4.3,No,Yes,55,63,NotPlaced,59.0,86.0,81.5,2
7.5,1,1,1,77,4.6,No,No,56,67,NotPlaced,61.5,92.0,84.5,3
8.0,1,2,1,80,4.3,Yes,Yes,74,88,NotPlaced,81.0,86.0,83.0,4
8.2,2,3,2,90,4.6,Yes,Yes,78,85,Placed,81.5,92.0,91.0,7
6.5,1,1,0,78,4.0,No,No,55,71,NotPlaced,63.0,80.0,79.0,2
7.0,1,1,0,81,3.6,No,Yes,55,70,NotPlaced,62.5,72.0,76.5,2
8.4,2,3,1,84,4.5,Yes,Yes,83,79,Placed,81.0,90.0,87.0,6
8.4,2,1,0,90,4.6,Yes,Yes,72,82,NotPlaced,77.0,92.0,91.0,3
7.0,1,1,1,70,3.3,No,Yes,55,68,NotPlaced,61.5,65.99999999999999,68.0,3
8.7,1,2,2,77,4.5,Yes,Yes,75,68,Placed,71.5,90.0,83.5,5
7.4,1,1,1,65,4.3,No,No,63,66,NotPlaced,64.5,86.0,75.5,3
7.9,1,2,1,86,3.8,Yes,Yes,73,87,NotPlaced,80.0,76.0,81.0,4
8.1,1,3,1,82,4.6,Yes,Yes,78,75,Placed,76.5,92.0,87.0,5
6.5,0,1,0,64,4.1,No,No,56,69,NotPlaced,62.5,82.0,73.0,1
8.5,2,1,0,86,4.7,Yes,Yes,64,83,NotPlaced,73.5,94.0,90.0,3
8.2,1,3,2,89,4.8,Yes,Yes,77,83,Placed,80.0,96.0,92.5,6
7.6,2,3,0,76,4.8,Yes,Yes,71,85,NotPlaced,78.0,96.0,86.0,5
8.2,1,3,2,81,4.5,Yes,No,70,83,Placed,76.5,90.0,85.5,6
7.6,1,1,1,68,4.0,No,No,57,63,NotPlaced,60.0,80.0,74.0,3
8.3,0,2,2,72,4.0,Yes,Yes,74,79,NotPlaced,76.5,80.0,76.0,4
7.5,1,2,0,89,4.5,Yes,Yes,79,83,Placed,81.0,90.0,89.5,3
8.0,2,3,0,90,4.4,Yes,Yes,78,85,Placed,81.5,88.00000000000001,89.0,5
7.8,2,3,0,83,4.4,Yes,No,85,83,NotPlaced,84.0,88.00000000000001,85.5,5
8.6,2,3,2,88,4.8,Yes,Yes,76,85,Placed,80.5,96.0,92.0,7
6.7,1,1,0,85,4.0,No,Yes,58,71,NotPlaced,64.5,80.0,82.5,2
7.6,0,1,0,83,3.7,No,No,76,69,NotPlaced,72.5,74.0,78.5,1
7.6,1,1,0,74,4.1,No,No,55,59,NotPlaced,57.0,82.0,78.0,2
7.7,1,3,3,88,4.8,Yes,No,75,85,NotPlaced,80.0,96.0,92.0,7
8.1,1,1,0,86,4.8,No,Yes,61,82,Placed,71.5,96.0,91.0,2
7.8,1,2,0,82,3.9,Yes,Yes,86,66,NotPlaced,76.0,78.0,80.0,3
7.4,1,1,0,82,4.5,Yes,Yes,79,68,NotPlaced,73.5,90.0,86.0,2
7.7,1,1,1,74,4.3,No,Yes,58,65,NotPlaced,61.5,86.0,80.0,3
7.7,1,1,1,69,3.9,Yes,Yes,55,71,NotPlaced,63.0,78.0,73.5,3
6.8,1,2,2,83,4.5,Yes,Yes,77,64,Placed,70.5,90.0,86.5,5
7.4,2,3,1,89,4.6,Yes,Yes,59,64,NotPlaced,61.5,92.0,90.5,6
6.5,1,2,1,69,4.1,Yes,No,55,68,NotPlaced,61.5,82.0,75.5,4
7.6,1,3,2,84,4.6,Yes,Yes,79,76,Placed,77.5,92.0,88.0,6
6.5,2,2,2,85,4.4,Yes,Yes,84,83,Placed,83.5,88.00000000000001,86.5,6
7.6,2,3,0,84,4.5,Yes,Yes,78,87,NotPlaced,82.5,90.0,87.0,5
7.3,0,1,2,85,4.7,Yes,Yes,74,84,Placed,79.0,94.0,89.5,3
6.6,1,2,0,65,4.2,No,No,83,72,NotPlaced,77.5,84.00000000000001,74.5,3
8.0,2,2,2,87,4.8,Yes,No,82,83,Placed,82.5,96.0,91.5,6
6.6,0,2,0,73,4.8,Yes,Yes,72,65,NotPlaced,68.5,96.0,84.5,2
7.4,1,2,0,85,4.6,No,No,55,63,NotPlaced,59.0,92.0,88.5,3
7.5,1,2,0,62,4.4,No,No,60,71,NotPlaced,65.5,88.00000000000001,75.0,3
6.8,0,2,0,73,4.2,Yes,Yes,81,67,NotPlaced,74.0,84.00000000000001,78.5,2
7.5,1,1,0,83,4.4,No,No,83,61,NotPlaced,72.0,88.00000000000001,85.5,2
8.3,2,3,2,88,4.8,Yes,No,79,83,NotPlaced,81.0,96.0,92.0,7
8.2,0,1,1,81,4.2,Yes,Yes,68,84,Placed,76.0,84.00000000000001,82.5,2
8.2,1,3,0,84,4.1,Yes,Yes,77,67,Placed,72.0,82.0,83.0,4
8.1,2,3,2,90,4.8,Yes,Yes,85,84,Placed,84.5,96.0,93.0,7
8.3,1,2,1,88,4.2,No,Yes,71,85,Placed,78.0,84.00000000000001,86.0,4
7.6,0,3,2,72,4.6,Yes,Yes,89,85,NotPlaced,87.0,92.0,82.0,5
7.3,0,3,1,70,3.8,Yes,No,56,76,Placed,66.0,76.0,73.0,4
7.6,2,2,0,77,4.5,No,Yes,69,65,NotPlaced,67.0,90.0,83.5,4
8.4,2,2,2,71,3.8,Yes,Yes,62,80,Placed,71.0,76.0,73.5,6
7.9,0,2,0,82,4.2,Yes,Yes,75,60,Placed,67.5,84.00000000000001,83.0,2
8.1,1,3,1,90,4.8,Yes,No,83,87,Placed,85.0,96.0,93.0,5
7.7,2,1,0,78,4.0,No,No,61,87,NotPlaced,74.0,80.0,79.0,3
8.1,0,1,2,77,4.6,Yes,Yes,76,88,Placed,82.0,92.0,84.5,3
7.8,1,3,2,83,4.5,Yes,Yes,68,86,Placed,77.0,90.0,86.5,6
8.1,1,3,2,90,4.2,Yes,Yes,81,86,Placed,83.5,84.00000000000001,87.0,6
8.3,2,3,2,90,4.8,Yes,Yes,82,85,Placed,83.5,96.0,93.0,7
8.4,1,2,3,90,4.7,Yes,Yes,84,71,Placed,77.5,94.0,92.0,6
7.9,1,1,0,90,4.1,No,Yes,60,69,Placed,64.5,82.0,86.0,2
7.6,0,1,0,82,3.8,No,No,80,70,NotPlaced,75.0,76.0,79.0,1
7.6,1,1,0,72,4.5,No,No,55,57,NotPlaced,56.0,90.0,81.0,2
8.2,1,2,1,83,4.7,Yes,Yes,83,82,Placed,82.5,94.0,88.5,4
8.2,0,1,0,73,4.1,Yes,No,61,63,NotPlaced,62.0,82.0,77.5,1
7.4,1,1,1,86,4.2,No,Yes,56,68,NotPlaced,62.0,84.00000000000001,85.0,3
6.7,0,1,0,75,4.6,No,Yes,63,61,NotPlaced,62.0,92.0,83.5,1
7.8,2,2,3,70,4.6,No,Yes,55,69,NotPlaced,62.0,92.0,81.0,7
8.2,2,3,2,86,4.4,Yes,Yes,78,66,Placed,72.0,88.00000000000001,87.0,7
8.2,2,3,2,90,4.6,Yes,Yes,81,79,Placed,80.0,92.0,91.0,7
8.5,2,3,2,84,4.5,Yes,Yes,74,86,Placed,80.0,90.0,87.0,7
8.4,2,2,2,81,4.2,Yes,Yes,89,85,Placed,87.0,84.00000000000001,82.5,6
7.7,1,1,1,73,4.2,Yes,Yes,70,79,NotPlaced,74.5,84.00000000000001,78.5,3
7.8,2,3,2,87,4.5,Yes,No,84,81,Placed,82.5,90.0,88.5,7
8.6,2,3,2,81,4.8,No,Yes,68,79,Placed,73.5,96.0,88.5,7
8.5,2,1,1,70,4.3,Yes,Yes,58,63,Placed,60.5,86.0,78.0,4
8.4,1,3,2,90,4.8,Yes,Yes,81,88,NotPlaced,84.5,96.0,93.0,6
7.7,2,2,0,90,4.7,Yes,Yes,70,86,Placed,78.0,94.0,92.0,4
8.1,1,2,2,85,4.4,No,Yes,72,84,NotPlaced,78.0,88.00000000000001,86.5,5
8.4,1,3,2,90,4.8,Yes,Yes,85,82,Placed,83.5,96.0,93.0,6
7.8,1,3,2,75,4.3,Yes,Yes,55,79,NotPlaced,67.0,86.0,80.5,6
7.7,2,3,0,90,4.6,Yes,Yes,75,86,NotPlaced,80.5,92.0,91.0,5
6.5,0,3,0,85,4.3,No,No,55,70,NotPlaced,62.5,86.0,85.5,3
7.6,1,2,0,69,4.2,No,Yes,55,67,NotPlaced,61.0,84.00000000000001,76.5,3
7.7,1,3,2,85,4.8,Yes,No,85,83,NotPlaced,84.0,96.0,90.5,6
8.0,2,2,2,87,4.8,Yes,Yes,78,73,Placed,75.5,96.0,91.5,6
7.6,1,1,1,73,4.5,No,No,55,61,NotPlaced,58.0,90.0,81.5,3
7.5,1,1,0,60,4.2,No,Yes,55,59,Placed,57.0,84.00000000000001,72.0,2
7.0,1,2,0,72,4.6,Yes,Yes,68,74,Placed,71.0,92.0,82.0,3
6.5,1,2,0,81,3.3,No,No,55,70,NotPlaced,62.5,65.99999999999999,73.5,3
7.5,1,2,0,78,4.0,Yes,Yes,66,85,NotPlaced,75.5,80.0,79.0,3
6.7,1,1,0,81,4.5,No,Yes,65,61,NotPlaced,63.0,90.0,85.5,2
8.4,0,3,2,90,4.8,Yes,Yes,83,85,Placed,84.0,96.0,93.0,5
8.4,2,3,2,90,4.8,Yes,Yes,74,87,Placed,80.5,96.0,93.0,7
7.7,1,2,0,83,4.6,Yes,Yes,71,82,NotPlaced,76.5,92.0,87.5,3
8.1,1,3,2,90,4.7,Yes,Yes,71,85,NotPlaced,78.0,94.0,92.0,6
7.6,0,1,0,78,4.3,Yes,Yes,76,77,Placed,76.5,86.0,82.0,1
8.0,0,3,1,90,4.1,Yes,Yes,64,61,Placed,62.5,82.0,86.0,4
8.7,0,2,2,89,4.6,Yes,Yes,77,85,Placed,81.0,92.0,90.5,4
8.4,2,1,1,77,4.4,No,Yes,60,69,NotPlaced,64.5,88.00000000000001,82.5,4
8.3,1,3,2,82,4.7,No,No,59,63,Placed,61.0,94.0,88.0,6
7.5,0,1,1,64,4.3,No,Yes,55,64,NotPlaced,59.5,86.0,75.0,2
7.5,0,1,0,68,3.4,No,No,61,59,NotPlaced,60.0,68.0,68.0,1
7.6,1,1,0,78,3.6,Yes,Yes,56,69,NotPlaced,62.5,72.0,75.0,2
6.5,0,2,2,81,4.6,Yes,Yes,79,69,Placed,74.0,92.0,86.5,4
7.7,2,3,1,90,4.8,Yes,Yes,80,87,NotPlaced,83.5,96.0,93.0,6
7.7,1,2,2,83,3.9,Yes,Yes,81,75,NotPlaced,78.0,78.0,80.5,5
7.8,1,1,1,84,3.9,Yes,Yes,73,76,NotPlaced,74.5,78.0,81.0,3
7.7,1,1,0,77,4.0,No,Yes,55,70,NotPlaced,62.5,80.0,78.5,2
8.5,2,3,2,90,4.8,Yes,Yes,71,87,Placed,79.0,96.0,93.0,7
8.1,2,1,1,87,3.8,No,Yes,55,63,NotPlaced,59.0,76.0,81.5,4
6.7,0,3,2,86,4.8,Yes,Yes,67,73,Placed,70.0,96.0,91.0,5
8.0,1,3,1,82,4.4,Yes,Yes,73,85,NotPlaced,79.0,88.00000000000001,85.0,5
7.6,0,1,0,83,3.8,No,Yes,56,66,NotPlaced,61.0,76.0,79.5,1
8.5,1,3,0,88,4.6,No,Yes,70,84,Placed,77.0,92.0,90.0,4
6.5,0,2,1,60,3.1,Yes,No,60,67,NotPlaced,63.5,62.0,61.0,3
8.4,0,1,1,85,4.8,Yes,Yes,75,81,Placed,78.0,96.0,90.5,2
6.8,0,3,2,75,4.4,Yes,Yes,84,85,NotPlaced,84.5,88.00000000000001,81.5,5
6.6,2,3,2,90,4.8,Yes,Yes,63,83,Placed,73.0,96.0,93.0,7
6.5,1,2,0,69,3.7,No,No,55,66,NotPlaced,60.5,74.0,71.5,3
6.7,1,2,0,82,4.7,Yes,Yes,71,87,Placed,79.0,94.0,88.0,3
8.1,2,3,0,85,4.2,Yes,Yes,71,83,NotPlaced,77.0,84.00000000000001,84.5,5
8.1,2,3,2,88,4.8,Yes,Yes,74,81,Placed,77.5,96.0,92.0,7
7.5,1,2,0,73,3.5,Yes,Yes,84,66,NotPlaced,75.0,70.0,71.5,3
7.2,1,2,0,82,3.6,Yes,Yes,71,74,Placed,72.5,72.0,77.0,3
7.4,0,1,2,90,4.5,Yes,Yes,76,68,Placed,72.0,90.0,90.0,3
8.0,2,3,2,90,4.8,Yes,Yes,69,86,Placed,77.5,96.0,93.0,7
6.5,0,2,2,74,4.3,Yes,Yes,82,70,NotPlaced,76.0,86.0,80.0,4
7.8,0,1,0,73,4.4,No,No,56,68,Placed,62.0,88.00000000000001,80.5,1
7.7,1,2,0,69,3.5,No,Yes,56,59,NotPlaced,57.5,70.0,69.5,3
7.6,1,1,2,79,4.4,Yes,Yes,65,69,Placed,67.0,88.00000000000001,83.5,4
8.1,1,3,2,83,4.7,Yes,Yes,85,86,Placed,85.5,94.0,88.5,6
6.5,1,2,1,79,4.2,Yes,Yes,81,64,Placed,72.5,84.00000000000001,81.5,4
6.5,1,2,0,69,4.7,No,Yes,80,69,NotPlaced,74.5,94.0,81.5,3
6.8,1,1,0,79,4.3,No,No,55,63,NotPlaced,59.0,86.0,82.5,2
8.0,1,3,3,87,4.6,Yes,No,83,88,Placed,85.5,92.0,89.5,7
7.7,0,1,0,73,4.3,Yes,Yes,57,65,Placed,61.0,86.0,79.5,1
8.2,2,3,2,90,4.8,Yes,Yes,81,87,Placed,84.0,96.0,93.0,7
6.5,1,2,1,72,3.5,No,No,57,65,NotPlaced,61.0,70.0,71.0,4
8.1,2,1,0,87,4.0,Yes,Yes,75,88,NotPlaced,81.5,80.0,83.5,3
8.6,0,3,1,85,4.6,Yes,Yes,74,81,Placed,77.5,92.0,88.5,4
7.6,1,2,1,82,4.3,Yes,No,68,66,NotPlaced,67.0,86.0,84.0,4
7.3,1,2,0,65,4.2,No,No,55,65,NotPlaced,60.0,84.00000000000001,74.5,3
7.8,1,1,0,70,4.2,No,Yes,63,65,NotPlaced,64.0,84.00000000000001,77.0,2
6.5,1,1,1,69,3.5,No,No,55,63,NotPlaced,59.0,70.0,69.5,3
6.9,2,3,0,78,4.2,Yes,Yes,72,86,Placed,79.0,84.00000000000001,81.0,5
6.5,0,1,2,85,3.6,No,No,68,69,NotPlaced,68.5,72.0,78.5,3
8.6,2,3,3,90,4.8,Yes,Yes,66,83,Placed,74.5,96.0,93.0,8
8.4,2,3,2,85,4.5,Yes,Yes,89,79,Placed,84.0,90.0,87.5,7
8.2,1,1,0,73,4.5,No,Yes,76,84,NotPlaced,80.0,90.0,81.5,2
6.6,0,1,0,70,4.6,No,No,63,70,NotPlaced,66.5,92.0,81.0,1
7.7,1,1,1,83,4.1,No,No,81,71,NotPlaced,76.0,82.0,82.5,3
7.5,0,1,0,72,3.7,No,Yes,57,65,NotPlaced,61.0,74.0,73.0,1
8.3,1,3,1,88,4.8,Yes,Yes,81,85,Placed,83.0,96.0,92.0,5
8.5,2,2,2,90,4.4,Yes,Yes,70,84,Placed,77.0,88.00000000000001,89.0,6
8.4,1,1,1,83,4.8,Yes,No,69,83,Placed,76.0,96.0,89.5,3
8.4,2,1,2,90,4.5,Yes,Yes,81,83,Placed,82.0,90.0,90.0,5
7.7,2,3,2,75,4.4,Yes,No,83,83,Placed,83.0,88.00000000000001,81.5,7
7.6,0,3,2,81,4.5,Yes,Yes,81,84,Placed,82.5,90.0,85.5,5
7.8,1,3,2,88,4.3,Yes,Yes,84,86,Placed,85.0,86.0,87.0,6
7.8,0,2,0,71,4.4,No,Yes,55,66,NotPlaced,60.5,88.00000000000001,79.5,2
8.2,1,1,2,75,4.3,No,Yes,70,85,Placed,77.5,86.0,80.5,4
7.6,0,1,0,73,3.8,Yes,No,55,59,Placed,57.0,76.0,74.5,1
8.8,0,3,0,88,4.6,Yes,Yes,65,84,Placed,74.5,92.0,90.0,3
8.7,2,3,2,83,4.8,Yes,Yes,76,82,Placed,79.0,96.0,89.5,7
7.5,2,1,1,75,4.8,No,No,62,62,NotPlaced,62.0,96.0,85.5,4
7.6,1,1,2,90,4.8,Yes,Yes,80,69,NotPlaced,74.5,96.0,93.0,4
6.6,1,1,1,74,4.0,Yes,Yes,55,65,Placed,60.0,80.0,77.0,3
8.0,2,3,2,90,4.8,Yes,Yes,75,88,Placed,81.5,96.0,93.0,7
8.7,0,3,1,90,4.6,Yes,Yes,89,83,Placed,86.0,92.0,91.0,4
7.4,1,1,0,87,3.7,No,Yes,80,76,NotPlaced,78.0,74.0,80.5,2
8.2,0,2,0,78,4.8,Yes,Yes,71,70,Placed,70.5,96.0,87.0,2
8.7,1,3,0,89,4.5,Yes,Yes,70,84,Placed,77.0,90.0,89.5,4
7.6,1,1,2,90,4.4,No,Yes,81,73,NotPlaced,77.0,88.00000000000001,89.0,4
7.4,0,1,0,77,4.4,No,No,61,65,NotPlaced,63.0,88.00000000000001,82.5,1
7.5,2,3,2,90,4.7,Yes,Yes,65,82,NotPlaced,73.5,94.0,92.0,7
8.3,1,2,2,87,4.7,Yes,Yes,78,66,NotPlaced,72.0,94.0,90.5,5
7.7,2,2,0,82,4.3,Yes,No,90,76,NotPlaced,83.0,86.0,84.0,4
8.0,0,2,1,67,4.1,Yes,Yes,74,75,NotPlaced,74.5,82.0,74.5,3
6.7,1,1,1,71,3.8,Yes,No,56,70,NotPlaced,63.0,76.0,73.5,3
6.5,0,1,1,75,3.4,No,No,58,62,NotPlaced,60.0,68.0,71.5,2
7.5,1,2,0,87,3.9,No,No,55,63,NotPlaced,59.0,78.0,82.5,3
6.5,1,2,0,69,3.4,No,Yes,55,67,Placed,61.0,68.0,68.5,3
8.2,1,3,2,90,4.8,Yes,Yes,81,83,Placed,82.0,96.0,93.0,6
7.7,0,1,1,76,4.2,No,No,56,68,NotPlaced,62.0,84.00000000000001,80.0,2
6.5,1,1,1,77,4.2,No,Yes,55,71,NotPlaced,63.0,84.00000000000001,80.5,3
7.6,1,2,2,75,4.7,No,Yes,65,68,NotPlaced,66.5,94.0,84.5,5
7.8,1,3,3,77,4.5,Yes,Yes,72,79,Placed,75.5,90.0,83.5,7
8.3,1,3,2,85,4.8,Yes,Yes,80,82,Placed,81.0,96.0,90.5,6
6.7,1,1,0,60,4.7,Yes,Yes,61,71,NotPlaced,66.0,94.0,77.0,2
6.7,1,1,0,60,3.7,No,No,55,63,NotPlaced,59.0,74.0,67.0,2
8.3,2,3,0,72,3.6,No,Yes,72,85,NotPlaced,78.5,72.0,72.0,5
7.3,1,1,1,70,3.9,No,No,59,62,NotPlaced,60.5,78.0,74.0,3
8.1,1,1,2,82,4.8,Yes,No,70,78,NotPlaced,74.0,96.0,89.0,4
8.5,2,3,2,90,4.7,Yes,Yes,77,86,Placed,81.5,94.0,92.0,7
8.5,1,3,0,86,4.8,Yes,Yes,70,86,Placed,78.0,96.0,91.0,4
6.9,0,2,1,69,4.0,No,Yes,62,61,NotPlaced,61.5,80.0,74.5,3
8.4,1,3,2,90,4.8,Yes,Yes,88,84,Placed,86.0,96.0,93.0,6
7.7,1,3,2,70,3.8,Yes,Yes,76,80,NotPlaced,78.0,76.0,73.0,6
6.5,0,2,1,71,3.8,No,Yes,55,72,NotPlaced,63.5,76.0,73.5,3
8.6,0,3,2,83,4.8,Yes,Yes,73,87,Placed,80.0,96.0,89.5,5
8.2,2,3,2,88,4.5,Yes,Yes,72,83,Placed,77.5,90.0,89.0,7
7.8,1,1,0,76,4.6,Yes,Yes,60,72,NotPlaced,66.0,92.0,84.0,2
7.9,2,3,2,90,4.8,Yes,Yes,81,87,Placed,84.0,96.0,93.0,7
7.6,1,2,0,79,4.3,No,Yes,58,67,NotPlaced,62.5,86.0,82.5,3
8.4,1,1,3,90,4.5,Yes,Yes,72,69,Placed,70.5,90.0,90.0,5
7.4,0,2,0,80,4.2,No,Yes,67,73,NotPlaced,70.0,84.00000000000001,82.0,2
8.3,1,2,3,77,4.1,No,Yes,80,81,Placed,80.5,82.0,79.5,6
7.7,1,3,2,90,4.3,Yes,Yes,76,83,Placed,79.5,86.0,88.0,6
7.5,1,2,1,68,4.8,No,No,58,70,NotPlaced,64.0,96.0,82.0,4
6.7,1,2,2,82,3.2,No,No,66,58,Placed,62.0,64.0,73.0,5
8.3,2,2,0,89,4.8,Yes,Yes,83,81,Placed,82.0,96.0,92.5,4
6.7,1,2,1,78,4.4,No,Yes,60,69,NotPlaced,64.5,88.00000000000001,83.0,4
7.6,1,3,2,71,4.2,Yes,Yes,72,68,NotPlaced,70.0,84.00000000000001,77.5,6
7.9,0,2,0,75,4.3,No,No,79,63,NotPlaced,71.0,86.0,80.5,2
8.5,2,3,0,79,4.8,Yes,Yes,89,85,Placed,87.0,96.0,87.5,5
8.2,1,3,2,86,4.7,Yes,Yes,63,88,Placed,75.5,94.0,90.0,6
7.9,2,3,2,90,4.8,Yes,Yes,74,80,Placed,77.0,96.0,93.0,7
8.0,2,3,1,90,4.8,Yes,Yes,86,85,Placed,85.5,96.0,93.0,6
6.9,0,1,1,60,3.6,No,Yes,55,59,NotPlaced,57.0,72.0,66.0,2
7.6,0,1,0,63,3.7,No,No,56,62,NotPlaced,59.0,74.0,68.5,1
8.2,1,3,0,86,4.8,Yes,Yes,88,86,Placed,87.0,96.0,91.0,4
6.5,1,1,2,68,3.8,Yes,No,61,70,NotPlaced,65.5,76.0,72.0,4
8.2,1,3,0,80,4.5,Yes,Yes,76,82,Placed,79.0,90.0,85.0,4
6.8,1,1,1,67,4.4,No,No,68,65,NotPlaced,66.5,88.00000000000001,77.5,3
6.6,1,2,0,79,3.9,No,Yes,60,69,NotPlaced,64.5,78.0,78.5,3
7.1,0,1,1,72,4.4,No,Yes,55,73,NotPlaced,64.0,88.00000000000001,80.0,2
7.7,1,3,2,74,4.5,Yes,Yes,55,64,NotPlaced,59.5,90.0,82.0,6
8.6,2,3,2,90,4.8,Yes,Yes,82,82,NotPlaced,82.0,96.0,93.0,7
8.3,2,1,2,70,4.3,Yes,No,64,64,NotPlaced,64.0,86.0,78.0,5
7.8,2,3,2,90,4.8,Yes,Yes,86,82,Placed,84.0,96.0,93.0,7
6.6,0,1,1,66,3.7,No,No,56,63,NotPlaced,59.5,74.0,70.0,2
7.6,0,2,0,72,4.4,No,No,59,61,Placed,60.0,88.00000000000001,80.0,2
8.7,0,3,2,85,4.5,Yes,No,71,83,NotPlaced,77.0,90.0,87.5,5
8.3,1,2,1,73,4.1,Yes,Yes,63,65,NotPlaced,64.0,82.0,77.5,4
8.8,2,2,2,90,4.7,Yes,No,71,79,Placed,75.0,94.0,92.0,6
6.5,1,2,0,75,4.0,No,No,58,71,NotPlaced,64.5,80.0,77.5,3
7.5,0,2,1,64,3.7,No,No,55,63,NotPlaced,59.0,74.0,69.0,3
7.4,1,1,0,67,4.2,No,Yes,61,74,Placed,67.5,84.00000000000001,75.5,2
8.6,1,3,2,86,4.4,Yes,Yes,75,80,Placed,77.5,88.00000000000001,87.0,6
7.6,1,2,1,75,4.1,No,No,55,74,NotPlaced,64.5,82.0,78.5,4
8.0,2,3,0,90,4.8,Yes,Yes,76,86,Placed,81.0,96.0,93.0,5
6.5,1,3,1,70,4.2,No,Yes,58,68,NotPlaced,63.0,84.00000000000001,77.0,5
6.6,1,1,0,70,4.6,Yes,No,55,69,NotPlaced,62.0,92.0,81.0,2
8.6,2,2,1,78,4.8,Yes,No,80,82,NotPlaced,81.0,96.0,87.0,5
6.5,1,1,0,64,3.7,No,No,55,59,NotPlaced,57.0,74.0,69.0,2
8.4,2,3,2,90,4.8,Yes,Yes,79,88,Placed,83.5,96.0,93.0,7
6.5,1,2,0,78,4.0,Yes,Yes,69,65,NotPlaced,67.0,80.0,79.0,3
8.1,1,3,0,90,4.8,Yes,Yes,74,84,Placed,79.0,96.0,93.0,4
8.2,1,2,1,70,3.9,No,Yes,55,71,NotPlaced,63.0,78.0,74.0,4
7.4,0,1,1,72,3.5,No,Yes,66,61,NotPlaced,63.5,70.0,71.0,2
7.5,1,1,1,87,4.8,No,Yes,69,72,Placed,70.5,96.0,91.5,3
8.3,2,3,2,86,4.8,Yes,Yes,84,76,Placed,80.0,96.0,91.0,7
8.2,2,1,0,87,4.8,Yes,Yes,74,85,Placed,79.5,96.0,91.5,3
6.5,1,1,1,71,4.3,No,Yes,55,73,NotPlaced,64.0,86.0,78.5,3
8.4,2,1,1,83,3.5,Yes,Yes,56,81,Placed,68.5,70.0,76.5,4
7.7,1,1,1,74,3.7,No,Yes,57,74,NotPlaced,65.5,74.0,74.0,3
7.6,1,1,0,72,3.8,No,No,72,67,NotPlaced,69.5,76.0,74.0,2
8.6,1,3,2,89,4.7,Yes,Yes,72,85,Placed,78.5,94.0,91.5,6
7.5,1,1,1,65,3.9,No,Yes,55,72,NotPlaced,63.5,78.0,71.5,3
7.6,1,1,1,72,4.5,Yes,Yes,57,68,NotPlaced,62.5,90.0,81.0,3
8.2,1,3,0,90,4.7,Yes,Yes,78,83,Placed,80.5,94.0,92.0,4
7.5,0,1,0,68,3.8,No,Yes,55,62,NotPlaced,58.5,76.0,72.0,1
8.3,2,3,0,87,4.8,Yes,Yes,59,84,Placed,71.5,96.0,91.5,5
6.9,0,1,1,74,4.8,No,Yes,66,62,NotPlaced,64.0,96.0,85.0,2
7.6,1,1,0,72,3.9,No,No,55,62,NotPlaced,58.5,78.0,75.0,2
7.3,1,2,0,70,3.8,No,No,55,70,NotPlaced,62.5,76.0,73.0,3
8.1,2,3,2,89,4.8,Yes,Yes,72,84,Placed,78.0,96.0,92.5,7
7.9,2,2,0,71,4.4,Yes,No,55,69,NotPlaced,62.0,88.00000000000001,79.5,4
7.2,1,1,0,65,3.7,No,No,63,71,NotPlaced,67.0,74.0,69.5,2
6.6,1,1,1,72,3.9,No,No,81,61,NotPlaced,71.0,78.0,75.0,3
8.5,1,1,2,90,4.6,Yes,Yes,82,88,Placed,85.0,92.0,91.0,4
7.8,1,3,2,90,4.0,Yes,Yes,72,84,NotPlaced,78.0,80.0,85.0,6
6.8,0,1,1,67,3.5,No,No,59,62,NotPlaced,60.5,70.0,68.5,2
6.8,1,2,0,64,3.4,No,Yes,55,72,NotPlaced,63.5,68.0,66.0,3
7.7,0,2,3,74,4.0,Yes,Yes,90,84,NotPlaced,87.0,80.0,77.0,5
7.5,1,1,1,70,3.8,No,No,55,63,NotPlaced,59.0,76.0,73.0,3
7.6,0,2,0,76,4.1,Yes,Yes,70,71,Placed,70.5,82.0,79.0,2
6.5,1,1,0,79,3.8,No,Yes,55,72,Placed,63.5,76.0,77.5,2
8.0,2,3,2,90,4.8,Yes,Yes,83,86,Placed,84.5,96.0,93.0,7
8.1,2,3,1,79,4.4,Yes,Yes,79,73,Placed,76.0,88.00000000000001,83.5,6
7.7,1,2,0,88,4.8,Yes,Yes,75,82,Placed,78.5,96.0,92.0,3
7.5,1,3,1,86,4.2,No,Yes,66,64,NotPlaced,65.0,84.00000000000001,85.0,5
6.8,2,3,2,86,4.5,Yes,Yes,79,86,NotPlaced,82.5,90.0,88.0,7
7.4,1,1,3,85,4.0,Yes,Yes,74,71,NotPlaced,72.5,80.0,82.5,5
7.5,1,2,0,71,4.7,No,No,57,87,NotPlaced,72.0,94.0,82.5,3
7.7,0,3,0,89,4.2,Yes,No,81,85,NotPlaced,83.0,84.00000000000001,86.5,3
7.0,0,1,0,85,4.4,No,Yes,66,61,NotPlaced,63.5,88.00000000000001,86.5,1
7.7,0,1,0,69,4.1,No,No,63,65,NotPlaced,64.0,82.0,75.5,1
8.8,0,3,0,68,4.1,Yes,Yes,55,66,NotPlaced,60.5,82.0,75.0,3
6.9,0,1,1,70,3.5,No,Yes,59,71,NotPlaced,65.0,70.0,70.0,2
8.8,2,3,2,90,4.8,Yes,Yes,70,86,Placed,78.0,96.0,93.0,7
6.8,2,2,0,69,4.8,Yes,No,70,82,NotPlaced,76.0,96.0,82.5,4
8.6,2,2,0,77,3.5,No,Yes,65,67,NotPlaced,66.0,70.0,73.5,4
7.4,1,1,0,79,3.8,Yes,No,60,60,NotPlaced,60.0,76.0,77.5,2
6.8,1,1,0,67,4.7,Yes,Yes,59,69,Placed,64.0,94.0,80.5,2
8.6,2,3,1,82,4.5,Yes,Yes,77,82,Placed,79.5,90.0,86.0,6
8.3,2,3,2,80,4.3,Yes,Yes,82,87,Placed,84.5,86.0,83.0,7
7.7,1,3,2,83,4.0,Yes,Yes,86,67,Placed,76.5,80.0,81.5,6
6.6,1,3,1,67,3.9,No,Yes,55,71,NotPlaced,63.0,78.0,72.5,5
8.1,1,0,1,82,3.4,Yes,No,58,67,NotPlaced,62.5,68.0,75.0,2
6.6,0,1,0,69,4.5,Yes,Yes,69,64,NotPlaced,66.5,90.0,79.5,1
7.8,1,2,1,77,4.2,Yes,Yes,65,67,NotPlaced,66.0,84.00000000000001,80.5,4
7.8,1,3,0,80,3.8,Yes,Yes,78,57,Placed,67.5,76.0,78.0,4
7.7,1,2,1,69,4.2,No,No,59,59,NotPlaced,59.0,84.00000000000001,76.5,4
8.2,0,3,2,80,4.4,Yes,Yes,64,85,Placed,74.5,88.00000000000001,84.0,5
8.2,0,3,1,89,4.8,Yes,No,76,78,Placed,77.0,96.0,92.5,4
7.4,1,2,1,72,4.4,Yes,Yes,61,82,Placed,71.5,88.00000000000001,80.0,4
7.7,1,1,1,72,4.0,Yes,Yes,66,77,Placed,71.5,80.0,76.0,3
8.3,1,3,2,90,4.8,Yes,Yes,79,82,Placed,80.5,96.0,93.0,6
8.3,1,2,0,81,4.1,No,Yes,59,64,NotPlaced,61.5,82.0,81.5,3
7.2,1,1,0,60,3.2,No,Yes,55,75,NotPlaced,65.0,64.0,62.0,2
7.7,1,1,1,66,4.1,No,Yes,59,61,NotPlaced,60.0,82.0,74.0,3
8.1,2,2,0,90,4.8,Yes,Yes,71,83,Placed,77.0,96.0,93.0,4
6.5,0,1,0,84,4.1,No,Yes,60,62,NotPlaced,61.0,82.0,83.0,1
7.4,1,1,0,65,4.0,No,No,62,67,NotPlaced,64.5,80.0,72.5,2
6.5,2,1,0,73,4.0,No,No,55,68,NotPlaced,61.5,80.0,76.5,3
8.1,2,1,2,89,4.8,Yes,Yes,83,86,Placed,84.5,96.0,92.5,5
7.9,1,2,2,71,4.3,Yes,Yes,77,85,NotPlaced,81.0,86.0,78.5,5
8.5,2,1,2,86,4.4,Yes,Yes,71,84,Placed,77.5,88.00000000000001,87.0,5
7.7,1,2,0,73,4.8,Yes,Yes,55,63,Placed,59.0,96.0,84.5,3
7.9,2,2,0,74,4.4,Yes,Yes,81,69,NotPlaced,75.0,88.00000000000001,81.0,4
8.2,0,3,0,65,4.2,Yes,Yes,71,73,NotPlaced,72.0,84.00000000000001,74.5,3
8.0,2,3,2,90,4.8,Yes,Yes,71,87,Placed,79.0,96.0,93.0,7
8.6,1,3,2,90,4.8,Yes,Yes,55,85,Placed,70.0,96.0,93.0,6
8.5,1,2,2,85,4.8,Yes,Yes,88,88,Placed,88.0,96.0,90.5,5
6.7,0,1,1,70,4.5,No,No,61,61,NotPlaced,61.0,90.0,80.0,2
8.4,2,3,1,90,4.8,Yes,Yes,76,87,Placed,81.5,96.0,93.0,6
8.2,1,1,1,90,4.8,Yes,Yes,76,70,Placed,73.0,96.0,93.0,3
6.5,1,1,0,80,4.4,No,Yes,55,68,NotPlaced,61.5,88.00000000000001,84.0,2
8.4,2,3,2,90,4.8,Yes,Yes,76,86,Placed,81.0,96.0,93.0,7
8.6,2,3,2,90,4.8,Yes,Yes,80,82,Placed,81.0,96.0,93.0,7
8.9,2,3,2,90,4.8,Yes,Yes,78,84,Placed,81.0,96.0,93.0,7
7.4,0,1,3,66,3.3,No,Yes,63,71,NotPlaced,67.0,65.99999999999999,66.0,4
8.4,0,1,0,83,4.6,Yes,Yes,88,84,NotPlaced,86.0,92.0,87.5,1
8.4,2,3,2,86,4.3,Yes,Yes,76,84,NotPlaced,80.0,86.0,86.0,7
8.2,1,3,2,90,4.8,Yes,Yes,66,88,Placed,77.0,96.0,93.0,6
8.1,2,3,2,90,4.8,Yes,Yes,78,83,Placed,80.5,96.0,93.0,7
8.3,2,3,2,79,4.6,Yes,No,79,80,NotPlaced,79.5,92.0,85.5,7
7.7,0,2,0,74,4.5,Yes,Yes,60,66,NotPlaced,63.0,90.0,82.0,2
7.7,1,1,1,72,3.9,No,Yes,55,67,NotPlaced,61.0,78.0,75.0,3
7.0,0,1,0,74,4.4,No,No,71,60,NotPlaced,65.5,88.00000000000001,81.0,1
8.2,2,2,1,87,4.5,Yes,Yes,70,70,NotPlaced,70.0,90.0,88.5,5
7.3,0,1,1,70,3.5,No,No,57,65,NotPlaced,61.0,70.0,70.0,2
7.4,1,2,0,80,4.1,No,Yes,64,86,NotPlaced,75.0,82.0,81.0,3
8.2,1,3,0,90,4.1,No,Yes,76,74,Placed,75.0,82.0,86.0,4
8.4,0,3,3,80,4.6,No,Yes,89,73,NotPlaced,81.0,92.0,86.0,6
6.8,0,1,1,75,4.3,No,No,73,62,NotPlaced,67.5,86.0,80.5,2
6.5,0,2,0,81,3.7,No,Yes,60,68,Placed,64.0,74.0,77.5,2
8.4,2,3,2,87,4.7,Yes,Yes,78,82,Placed,80.0,94.0,90.5,7
8.3,2,3,2,90,4.8,Yes,Yes,90,86,Placed,88.0,96.0,93.0,7
8.1,1,3,2,90,4.8,Yes,Yes,71,87,Placed,79.0,96.0,93.0,6
8.7,2,3,2,90,4.8,Yes,Yes,79,84,Placed,81.5,96.0,93.0,7
7.9,1,3,0,82,4.4,Yes,Yes,76,83,Placed,79.5,88.00000000000001,85.0,4
7.3,1,1,2,79,4.4,No,Yes,60,71,NotPlaced,65.5,88.00000000000001,83.5,4
7.9,0,1,0,60,3.1,No,No,61,62,NotPlaced,61.5,62.0,61.0,1
7.5,1,1,1,60,3.4,No,Yes,55,66,NotPlaced,60.5,68.0,64.0,3
6.5,0,1,0,65,3.7,No,No,56,71,NotPlaced,63.5,74.0,69.5,1
7.3,1,1,1,62,4.0,No,Yes,55,65,NotPlaced,60.0,80.0,71.0,3
7.5,1,1,0,75,3.8,No,Yes,55,62,NotPlaced,58.5,76.0,75.5,2
8.2,2,3,0,76,3.9,Yes,Yes,75,66,NotPlaced,70.5,78.0,77.0,5
8.0,1,3,1,80,4.6,Yes,No,80,70,NotPlaced,75.0,92.0,86.0,5
7.9,1,2,2,78,3.9,Yes,Yes,75,70,NotPlaced,72.5,78.0,78.0,5
7.6,0,1,0,71,3.5,No,Yes,55,70,NotPlaced,62.5,70.0,70.5,1
7.8,0,3,2,90,4.8,Yes,No,81,81,Placed,81.0,96.0,93.0,5
6.5,0,3,0,78,4.2,Yes,Yes,74,69,NotPlaced,71.5,84.00000000000001,81.0,3
6.6,0,2,1,79,4.2,Yes,Yes,71,84,NotPlaced,77.5,84.00000000000001,81.5,3
7.5,2,1,0,84,3.8,No,No,61,63,Placed,62.0,76.0,80.0,3
6.9,1,1,1,68,4.4,Yes,Yes,55,65,NotPlaced,60.0,88.00000000000001,78.0,3
7.4,1,1,1,65,3.7,No,No,57,57,NotPlaced,57.0,74.0,69.5,3
8.2,2,3,0,80,4.3,Yes,Yes,74,66,NotPlaced,70.0,86.0,83.0,5
6.5,1,1,1,60,4.2,No,No,57,60,NotPlaced,58.5,84.00000000000001,72.0,3
7.5,0,3,1,78,4.7,Yes,Yes,66,66,Placed,66.0,94.0,86.0,4
7.6,1,1,0,81,3.8,No,Yes,73,72,NotPlaced,72.5,76.0,78.5,2
8.5,2,3,2,90,4.6,Yes,Yes,81,76,Placed,78.5,92.0,91.0,7
8.5,1,3,2,90,4.8,Yes,Yes,78,88,Placed,83.0,96.0,93.0,6
7.6,0,2,1,75,4.7,No,Yes,72,67,NotPlaced,69.5,94.0,84.5,3
7.8,1,3,2,90,4.8,Yes,No,79,77,NotPlaced,78.0,96.0,93.0,6
7.4,1,1,0,76,4.7,Yes,Yes,61,82,Placed,71.5,94.0,85.0,2
7.0,1,2,0,81,4.5,No,Yes,81,61,NotPlaced,71.0,90.0,85.5,3
8.3,0,3,2,74,4.7,Yes,Yes,70,84,NotPlaced,77.0,94.0,84.0,5
7.6,2,3,2,82,4.8,Yes,Yes,80,80,Placed,80.0,96.0,89.0,7
8.0,2,3,2,90,4.6,Yes,Yes,73,85,Placed,79.0,92.0,91.0,7
8.1,1,3,2,90,4.7,Yes,Yes,84,81,Placed,82.5,94.0,92.0,6
6.8,1,2,1,72,4.3,Yes,Yes,55,68,NotPlaced,61.5,86.0,79.0,4
7.4,1,2,1,69,3.4,No,Yes,57,66,NotPlaced,61.5,68.0,68.5,4
7.8,1,2,2,90,4.8,Yes,Yes,77,85,Placed,81.0,96.0,93.0,5
7.7,1,2,0,74,3.9,No,Yes,55,71,NotPlaced,63.0,78.0,76.0,3
7.5,2,3,0,86,4.8,Yes,No,55,84,Placed,69.5,96.0,91.0,5
6.7,1,1,0,78,4.2,Yes,Yes,61,73,Placed,67.0,84.00000000000001,81.0,2
7.6,1,1,1,74,4.5,No,No,55,65,NotPlaced,60.0,90.0,82.0,3
6.6,2,1,2,62,4.3,No,No,63,67,NotPlaced,65.0,86.0,74.0,5
8.2,1,3,1,83,4.8,Yes,Yes,80,74,Placed,77.0,96.0,89.5,5
8.2,1,2,1,71,4.6,Yes,Yes,87,85,NotPlaced,86.0,92.0,81.5,4
8.3,1,3,1,86,4.3,No,Yes,70,70,Placed,70.0,86.0,86.0,5
8.2,1,1,2,74,4.5,Yes,No,82,69,Placed,75.5,90.0,82.0,4
8.4,2,3,2,89,4.5,Yes,Yes,76,82,NotPlaced,79.0,90.0,89.5,7
8.1,2,3,1,85,4.8,Yes,Yes,71,85,Placed,78.0,96.0,90.5,6
7.8,1,2,0,83,3.5,No,No,57,63,NotPlaced,60.0,70.0,76.5,3
7.1,2,2,2,83,4.8,Yes,Yes,62,86,Placed,74.0,96.0,89.5,6
8.7,1,1,1,80,4.1,Yes,Yes,69,79,Placed,74.0,82.0,81.0,3
8.1,1,1,0,81,4.7,No,Yes,55,69,NotPlaced,62.0,94.0,87.5,2
6.7,1,2,1,77,4.5,Yes,Yes,75,84,NotPlaced,79.5,90.0,83.5,4
7.7,0,1,1,68,3.3,No,Yes,58,70,NotPlaced,64.0,65.99999999999999,67.0,2
7.7,1,1,0,78,4.3,No,No,56,67,NotPlaced,61.5,86.0,82.0,2
7.3,1,1,1,85,4.8,No,Yes,55,66,Placed,60.5,96.0,90.5,3
7.5,1,2,1,76,4.3,No,Yes,66,67,NotPlaced,66.5,86.0,81.0,4
7.6,0,1,0,80,4.2,No,No,55,73,NotPlaced,64.0,84.00000000000001,82.0,1
6.8,1,2,1,78,4.4,No,No,55,63,NotPlaced,59.0,88.00000000000001,83.0,4
8.3,0,1,0,81,4.4,Yes,No,76,80,NotPlaced,78.0,88.00000000000001,84.5,1
7.6,0,1,1,69,3.9,No,No,55,69,NotPlaced,62.0,78.0,73.5,2
7.7,1,1,1,84,4.4,Yes,Yes,72,71,NotPlaced,71.5,88.00000000000001,86.0,3
8.1,1,3,2,90,4.8,Yes,Yes,90,85,Placed,87.5,96.0,93.0,6
6.9,1,1,1,65,3.0,No,No,61,63,NotPlaced,62.0,60.0,62.5,3
8.4,2,3,2,86,4.2,Yes,Yes,81,68,Placed,74.5,84.00000000000001,85.0,7
8.3,1,1,1,76,4.2,No,Yes,65,62,NotPlaced,63.5,84.00000000000001,80.0,3
7.8,1,2,2,76,4.7,Yes,Yes,66,86,Placed,76.0,94.0,85.0,5
7.5,1,2,1,78,4.8,Yes,Yes,58,84,NotPlaced,71.0,96.0,87.0,4
8.0,1,1,1,70,4.0,No,Yes,72,64,NotPlaced,68.0,80.0,75.0,3
7.8,1,2,1,69,4.5,Yes,No,71,67,NotPlaced,69.0,90.0,79.5,4
8.1,2,1,0,73,3.6,Yes,Yes,83,85,NotPlaced,84.0,72.0,72.5,3
8.3,2,3,2,89,4.8,Yes,Yes,78,81,Placed,79.5,96.0,92.5,7
8.0,2,3,2,86,4.8,Yes,Yes,84,72,Placed,78.0,96.0,91.0,7
8.4,2,3,2,90,4.8,Yes,Yes,79,86,Placed,82.5,96.0,93.0,7
7.4,1,3,0,88,4.8,Yes,Yes,69,83,Placed,76.0,96.0,92.0,4
8.4,2,3,1,84,4.2,Yes,Yes,78,83,NotPlaced,80.5,84.00000000000001,84.0,6
7.6,1,1,1,70,3.8,No,Yes,57,67,NotPlaced,62.0,76.0,73.0,3
8.3,1,3,2,90,4.8,Yes,Yes,80,86,Placed,83.0,96.0,93.0,6
8.6,2,3,0,90,4.7,Yes,Yes,79,79,Placed,79.0,94.0,92.0,5
7.4,1,1,0,82,3.8,No,Yes,55,72,Placed,63.5,76.0,79.0,2
8.2,2,3,2,88,4.7,Yes,Yes,83,83,Placed,83.0,94.0,91.0,7
8.1,2,1,0,85,4.1,Yes,Yes,83,79,Placed,81.0,82.0,83.5,3
8.5,1,3,2,87,3.7,Yes,Yes,69,83,Placed,76.0,74.0,80.5,6
6.6,1,1,0,75,4.4,No,No,62,82,NotPlaced,72.0,88.00000000000001,81.5,2
7.6,2,3,1,78,3.8,No,Yes,62,64,NotPlaced,63.0,76.0,77.0,6
8.2,0,2,2,88,3.3,Yes,Yes,74,68,Placed,71.0,65.99999999999999,77.0,4
7.5,2,3,0,90,4.7,Yes,No,88,86,Placed,87.0,94.0,92.0,5
8.1,1,3,2,88,4.8,Yes,Yes,81,85,Placed,83.0,96.0,92.0,6
8.5,1,3,0,74,4.3,Yes,Yes,80,87,NotPlaced,83.5,86.0,80.0,4
8.3,1,3,2,87,4.6,No,Yes,75,62,Placed,68.5,92.0,89.5,6
8.4,2,3,2,90,4.8,Yes,Yes,70,85,Placed,77.5,96.0,93.0,7
8.4,2,3,2,90,4.1,Yes,Yes,78,83,Placed,80.5,82.0,86.0,7
6.8,1,1,2,64,3.5,No,No,55,63,NotPlaced,59.0,70.0,67.0,4
7.8,1,1,0,66,4.6,No,No,58,80,NotPlaced,69.0,92.0,79.0,2
7.3,1,2,2,82,4.2,No,No,70,65,NotPlaced,67.5,84.00000000000001,83.0,5
8.5,1,3,2,90,4.4,Yes,Yes,72,83,NotPlaced,77.5,88.00000000000001,89.0,6
8.0,1,3,2,90,4.4,Yes,Yes,87,81,Placed,84.0,88.00000000000001,89.0,6
7.4,2,1,1,75,4.4,Yes,Yes,55,68,NotPlaced,61.5,88.00000000000001,81.5,4
7.5,2,2,0,65,4.3,No,No,67,69,NotPlaced,68.0,86.0,75.5,4
7.6,1,1,0,81,4.2,Yes,Yes,81,81,NotPlaced,81.0,84.00000000000001,82.5,2
8.4,2,3,2,88,4.8,Yes,Yes,85,82,Placed,83.5,96.0,92.0,7
6.5,1,1,1,66,3.6,No,No,59,69,NotPlaced,64.0,72.0,69.0,3
8.0,0,1,1,76,3.6,No,No,55,65,NotPlaced,60.0,72.0,74.0,2
7.8,0,2,0,86,4.3,No,Yes,56,73,NotPlaced,64.5,86.0,86.0,2
7.6,0,1,0,82,3.9,No,Yes,58,72,NotPlaced,65.0,78.0,80.0,1
7.7,1,2,1,84,4.5,Yes,Yes,69,69,Placed,69.0,90.0,87.0,4
7.4,2,3,2,83,4.2,No,Yes,79,71,NotPlaced,75.0,84.00000000000001,83.5,7
7.3,1,2,0,84,3.9,Yes,Yes,90,88,Placed,89.0,78.0,81.0,3
8.8,2,3,2,90,4.8,Yes,Yes,65,86,Placed,75.5,96.0,93.0,7
8.6,1,3,2,88,4.8,Yes,Yes,70,83,Placed,76.5,96.0,92.0,6
7.8,2,3,0,90,4.6,Yes,Yes,86,82,NotPlaced,84.0,92.0,91.0,5
8.0,2,3,2,86,4.8,Yes,No,80,68,NotPlaced,74.0,96.0,91.0,7
7.7,1,2,0,73,4.8,No,Yes,78,71,NotPlaced,74.5,96.0,84.5,3
8.4,1,3,2,85,4.4,Yes,Yes,78,87,Placed,82.5,88.00000000000001,86.5,6
7.7,2,1,3,72,4.6,Yes,Yes,67,78,Placed,72.5,92.0,82.0,6
8.7,2,3,2,79,4.4,Yes,Yes,76,83,Placed,79.5,88.00000000000001,83.5,7
7.6,1,1,0,68,3.7,No,No,55,67,NotPlaced,61.0,74.0,71.0,2
6.7,0,3,0,90,4.3,Yes,Yes,79,65,Placed,72.0,86.0,88.0,3
8.1,2,3,2,90,4.6,Yes,No,74,84,Placed,79.0,92.0,91.0,7
8.2,2,3,0,83,4.5,Yes,Yes,77,83,Placed,80.0,90.0,86.5,5
6.5,1,2,0,68,4.2,Yes,Yes,70,64,NotPlaced,67.0,84.00000000000001,76.0,3
8.5,1,3,0,90,4.8,Yes,Yes,78,82,Placed,80.0,96.0,93.0,4
7.8,1,3,1,77,3.7,No,Yes,72,85,NotPlaced,78.5,74.0,75.5,5
7.5,1,3,2,88,4.5,Yes,Yes,70,84,Placed,77.0,90.0,89.0,6
6.7,0,2,0,73,4.5,No,Yes,60,58,NotPlaced,59.0,90.0,81.5,2
8.3,1,1,1,68,4.3,Yes,Yes,79,66,NotPlaced,72.5,86.0,77.0,3
7.0,1,3,1,80,4.8,Yes,Yes,59,68,Placed,63.5,96.0,88.0,5
8.3,2,1,2,82,4.2,Yes,Yes,80,81,Placed,80.5,84.00000000000001,83.0,5
8.3,1,3,0,90,4.4,Yes,Yes,83,81,Placed,82.0,88.00000000000001,89.0,4
6.5,1,1,0,82,4.4,No,Yes,56,68,NotPlaced,62.0,88.00000000000001,85.0,2
7.6,1,1,0,76,3.6,Yes,Yes,86,68,NotPlaced,77.0,72.0,74.0,2
8.5,2,3,2,90,4.8,Yes,Yes,80,83,Placed,81.5,96.0,93.0,7
8.5,1,3,0,83,4.6,Yes,Yes,85,83,Placed,84.0,92.0,87.5,4
8.0,2,3,2,90,4.8,Yes,Yes,86,88,Placed,87.0,96.0,93.0,7
8.4,2,2,0,84,3.9,Yes,Yes,76,68,NotPlaced,72.0,78.0,81.0,4
8.4,2,3,2,85,4.1,Yes,No,78,69,Placed,73.5,82.0,83.5,7
7.5,1,1,1,68,4.6,Yes,Yes,58,66,NotPlaced,62.0,92.0,80.0,3
7.3,0,3,1,85,4.7,Yes,No,75,79,NotPlaced,77.0,94.0,89.5,4
8.4,2,3,2,88,4.7,Yes,Yes,78,85,Placed,81.5,94.0,91.0,7
6.5,2,2,0,83,4.1,Yes,Yes,57,81,NotPlaced,69.0,82.0,82.5,4
8.3,2,3,2,90,4.8,Yes,Yes,78,84,Placed,81.0,96.0,93.0,7
8.2,2,3,2,90,4.8,Yes,Yes,87,83,Placed,85.0,96.0,93.0,7
6.5,2,2,1,88,3.9,No,Yes,68,73,NotPlaced,70.5,78.0,83.0,5
7.6,0,1,0,78,3.2,No,Yes,55,70,NotPlaced,62.5,64.0,71.0,1
7.2,1,3,2,81,4.8,Yes,Yes,62,65,NotPlaced,63.5,96.0,88.5,6
8.3,1,3,0,90,4.8,Yes,Yes,83,82,Placed,82.5,96.0,93.0,4
8.1,1,1,1,90,4.6,No,No,65,85,NotPlaced,75.0,92.0,91.0,3
7.4,1,2,1,83,4.1,No,Yes,90,88,NotPlaced,89.0,82.0,82.5,4
7.4,0,3,0,79,3.3,No,Yes,62,64,NotPlaced,63.0,65.99999999999999,72.5,3
8.2,2,3,2,80,4.0,Yes,Yes,78,83,Placed,80.5,80.0,80.0,7
7.4,2,1,2,62,4.7,No,No,55,71,NotPlaced,63.0,94.0,78.0,5
8.0,0,3,2,90,4.8,Yes,Yes,74,71,Placed,72.5,96.0,93.0,5
8.2,2,3,2,90,4.8,Yes,Yes,79,86,Placed,82.5,96.0,93.0,7
7.6,1,1,1,83,4.5,Yes,Yes,74,79,NotPlaced,76.5,90.0,86.5,3
7.6,1,2,0,66,3.5,No,Yes,57,62,NotPlaced,59.5,70.0,68.0,3
6.7,1,1,0,85,4.4,No,Yes,55,68,NotPlaced,61.5,88.00000000000001,86.5,2
8.4,0,3,2,87,4.8,Yes,Yes,81,83,Placed,82.0,96.0,91.5,5
7.6,2,2,2,89,4.6,Yes,Yes,68,79,Placed,73.5,92.0,90.5,6
8.4,1,3,0,82,4.5,Yes,Yes,80,64,Placed,72.0,90.0,86.0,4
8.4,0,3,2,90,4.8,Yes,Yes,55,67,Placed,61.0,96.0,93.0,5
6.7,1,1,0,81,4.8,No,No,59,67,NotPlaced,63.0,96.0,88.5,2
6.5,1,1,0,69,4.0,No,Yes,55,65,NotPlaced,60.0,80.0,74.5,2
8.2,2,2,2,90,4.8,No,Yes,83,79,NotPlaced,81.0,96.0,93.0,6
8.3,2,1,1,90,4.6,Yes,Yes,88,84,NotPlaced,86.0,92.0,91.0,4
8.2,0,3,2,81,4.5,Yes,Yes,79,82,NotPlaced,80.5,90.0,85.5,5
7.6,2,3,2,79,4.7,Yes,Yes,55,82,Placed,68.5,94.0,86.5,7
7.7,2,2,2,90,4.7,Yes,Yes,70,86,Placed,78.0,94.0,92.0,6
6.5,1,3,0,83,4.3,Yes,Yes,74,62,NotPlaced,68.0,86.0,84.5,4
7.3,0,1,0,87,4.8,No,No,55,81,NotPlaced,68.0,96.0,91.5,1
7.9,2,3,2,83,4.5,Yes,Yes,66,80,Placed,73.0,90.0,86.5,7
8.7,2,3,2,90,4.8,Yes,Yes,81,86,Placed,83.5,96.0,93.0,7
7.6,0,1,1,82,4.1,No,No,61,69,NotPlaced,65.0,82.0,82.0,2
6.8,1,3,0,80,4.4,No,Yes,75,67,NotPlaced,71.0,88.00000000000001,84.0,4
7.5,1,1,0,63,4.1,Yes,Yes,63,71,NotPlaced,67.0,82.0,72.5,2
6.6,0,2,2,84,3.8,No,No,66,67,NotPlaced,66.5,76.0,80.0,4
7.7,1,2,0,78,3.7,No,Yes,75,86,NotPlaced,80.5,74.0,76.0,3
8.5,1,3,2,90,4.3,Yes,Yes,71,85,Placed,78.0,86.0,88.0,6
7.6,1,1,1,67,4.4,No,No,62,65,NotPlaced,63.5,88.00000000000001,77.5,3
7.3,1,3,0,77,4.2,No,No,66,62,NotPlaced,64.0,84.00000000000001,80.5,4
8.4,2,3,0,89,4.6,Yes,Yes,87,82,Placed,84.5,92.0,90.5,5
7.4,1,2,1,77,3.6,No,No,55,68,NotPlaced,61.5,72.0,74.5,4
8.4,2,3,2,80,4.7,Yes,Yes,77,81,Placed,79.0,94.0,87.0,7
7.4,1,1,1,83,4.0,No,Yes,74,78,NotPlaced,76.0,80.0,81.5,3
6.7,2,1,2,85,3.5,Yes,Yes,55,84,NotPlaced,69.5,70.0,77.5,5
8.5,1,0,2,70,4.2,Yes,No,63,67,NotPlaced,65.0,84.00000000000001,77.0,3
7.7,2,2,2,80,4.4,No,Yes,71,73,Placed,72.0,88.00000000000001,84.0,6
7.9,1,1,0,70,4.2,No,Yes,64,81,NotPlaced,72.5,84.00000000000001,77.0,2
7.6,1,1,0,61,3.7,No,No,64,73,NotPlaced,68.5,74.0,67.5,2
8.2,1,3,1,85,4.4,No,Yes,83,69,NotPlaced,76.0,88.00000000000001,86.5,5
7.6,2,2,2,86,4.2,Yes,Yes,73,83,Placed,78.0,84.00000000000001,85.0,6
7.9,2,3,2,90,4.8,Yes,Yes,84,88,Placed,86.0,96.0,93.0,7
8.3,0,1,0,82,4.1,Yes,Yes,55,73,Placed,64.0,82.0,82.0,1
7.4,1,2,1,81,4.2,No,Yes,56,73,NotPlaced,64.5,84.00000000000001,82.5,4
7.4,0,1,0,60,3.4,No,No,55,71,NotPlaced,63.0,68.0,64.0,1
8.3,2,3,2,90,4.8,Yes,Yes,79,84,Placed,81.5,96.0,93.0,7
8.4,2,3,2,90,4.8,Yes,Yes,80,85,Placed,82.5,96.0,93.0,7
8.5,0,1,0,73,4.6,Yes,Yes,69,63,NotPlaced,66.0,92.0,82.5,1
7.4,2,1,0,61,3.9,No,No,63,68,NotPlaced,65.5,78.0,69.5,3
7.6,2,2,0,86,4.6,Yes,Yes,70,83,NotPlaced,76.5,92.0,89.0,4
7.7,1,1,1,78,3.2,No,No,58,64,NotPlaced,61.0,64.0,71.0,3
7.7,1,3,2,74,4.2,Yes,Yes,55,84,NotPlaced,69.5,84.00000000000001,79.0,6
7.4,0,2,0,80,4.8,No,Yes,55,68,NotPlaced,61.5,96.0,88.0,2
6.8,2,1,0,77,3.8,Yes,Yes,61,74,Placed,67.5,76.0,76.5,3
7.5,2,2,1,71,3.8,No,Yes,60,69,NotPlaced,64.5,76.0,73.5,5
8.2,2,2,3,84,3.9,No,Yes,71,84,NotPlaced,77.5,78.0,81.0,7
8.7,1,2,1,73,4.4,Yes,Yes,63,85,Placed,74.0,88.00000000000001,80.5,4
6.9,1,2,0,88,4.6,Yes,Yes,58,84,NotPlaced,71.0,92.0,90.0,3
6.5,0,2,2,78,4.2,No,Yes,59,77,NotPlaced,68.0,84.00000000000001,81.0,4
7.4,1,1,0,68,3.9,No,Yes,79,76,NotPlaced,77.5,78.0,73.0,2
7.7,1,1,0,83,4.2,No,No,59,70,NotPlaced,64.5,84.00000000000001,83.5,2
6.9,0,1,1,86,3.8,No,Yes,55,70,Placed,62.5,76.0,81.0,2
8.1,2,3,2,86,4.8,No,Yes,79,81,Placed,80.0,96.0,91.0,7
7.6,1,1,0,74,4.2,No,Yes,61,61,NotPlaced,61.0,84.00000000000001,79.0,2
7.6,1,2,1,73,3.7,No,Yes,55,62,NotPlaced,58.5,74.0,73.5,4
8.2,2,3,2,90,4.8,Yes,Yes,68,86,Placed,77.0,96.0,93.0,7
6.5,0,1,0,80,3.6,No,No,88,66,NotPlaced,77.0,72.0,76.0,1
7.3,1,1,0,75,3.7,No,Yes,56,74,NotPlaced,65.0,74.0,74.5,2
8.4,2,1,0,90,4.4,Yes,Yes,72,82,Placed,77.0,88.00000000000001,89.0,3
7.7,1,1,1,82,4.0,No,No,55,61,NotPlaced,58.0,80.0,81.0,3
7.5,1,1,1,77,3.7,No,Yes,61,62,NotPlaced,61.5,74.0,75.5,3
6.5,0,1,0,75,3.9,No,No,55,60,NotPlaced,57.5,78.0,76.5,1
8.1,0,1,1,71,4.4,No,No,85,66,NotPlaced,75.5,88.00000000000001,79.5,2
7.6,0,2,1,85,4.3,Yes,Yes,74,81,Placed,77.5,86.0,85.5,3
8.8,2,3,2,90,4.8,Yes,Yes,82,88,Placed,85.0,96.0,93.0,7
7.5,1,1,0,72,4.2,No,No,57,72,NotPlaced,64.5,84.00000000000001,78.0,2
8.1,0,3,2,90,4.8,Yes,Yes,83,86,Placed,84.5,96.0,93.0,5
7.8,1,1,0,85,4.1,No,Yes,55,68,NotPlaced,61.5,82.0,83.5,2
7.7,1,1,0,81,3.9,No,No,55,65,NotPlaced,60.0,78.0,79.5,2
8.0,2,3,3,86,4.8,Yes,Yes,77,82,Placed,79.5,96.0,91.0,8
6.7,1,1,1,60,4.1,No,Yes,55,70,NotPlaced,62.5,82.0,71.0,3
8.2,1,3,2,85,4.4,Yes,Yes,81,84,Placed,82.5,88.00000000000001,86.5,6
7.9,0,2,0,69,4.1,No,No,55,65,NotPlaced,60.0,82.0,75.5,2
8.3,2,3,2,90,4.8,Yes,Yes,79,84,Placed,81.5,96.0,93.0,7
7.6,1,3,0,90,4.8,Yes,Yes,68,87,Placed,77.5,96.0,93.0,4
7.6,0,2,0,75,3.8,Yes,Yes,67,68,NotPlaced,67.5,76.0,75.5,2
8.1,1,3,0,81,3.8,Yes,Yes,76,83,Placed,79.5,76.0,78.5,4
8.2,1,2,1,79,4.2,Yes,Yes,74,82,Placed,78.0,84.00000000000001,81.5,4
7.6,1,2,1,66,4.4,No,Yes,56,61,NotPlaced,58.5,88.00000000000001,77.0,4
8.4,2,3,2,90,4.3,Yes,No,83,87,NotPlaced,85.0,86.0,88.0,7
8.3,2,3,2,85,4.8,Yes,No,83,88,NotPlaced,85.5,96.0,90.5,7
8.2,1,1,2,82,4.6,Yes,No,75,69,Placed,72.0,92.0,87.0,4
7.3,1,1,0,77,4.0,No,No,63,66,NotPlaced,64.5,80.0,78.5,2
8.1,2,3,1,82,4.2,No,No,74,62,NotPlaced,68.0,84.00000000000001,83.0,6
7.0,1,1,0,68,3.9,No,Yes,64,65,NotPlaced,64.5,78.0,73.0,2
8.2,2,3,2,90,4.8,Yes,Yes,80,85,Placed,82.5,96.0,93.0,7
7.4,1,1,0,67,3.7,No,Yes,61,61,NotPlaced,61.0,74.0,70.5,2
7.4,1,2,1,68,3.3,No,No,55,67,NotPlaced,61.0,65.99999999999999,67.0,4
8.0,0,3,1,82,4.8,Yes,Yes,70,85,NotPlaced,77.5,96.0,89.0,4
8.7,0,1,1,81,4.8,No,No,66,65,NotPlaced,65.5,96.0,88.5,2
7.6,1,1,0,79,4.2,No,Yes,79,85,NotPlaced,82.0,84.00000000000001,81.5,2
6.6,1,2,1,74,4.1,No,Yes,83,88,Placed,85.5,82.0,78.0,4
7.7,2,3,2,90,4.8,Yes,Yes,83,83,Placed,83.0,96.0,93.0,7
7.0,2,3,2,90,4.6,Yes,Yes,85,83,Placed,84.0,92.0,91.0,7
8.6,0,1,0,82,4.6,No,No,71,65,NotPlaced,68.0,92.0,87.0,1
8.1,1,3,1,89,4.4,Yes,Yes,76,88,Placed,82.0,88.00000000000001,88.5,5
7.7,1,1,0,72,4.1,No,No,61,68,NotPlaced,64.5,82.0,77.0,2
7.7,1,1,1,61,3.9,No,No,68,61,NotPlaced,64.5,78.0,69.5,3
8.0,2,3,0,85,4.8,Yes,No,86,87,NotPlaced,86.5,96.0,90.5,5
7.6,0,1,0,86,4.0,Yes,No,67,66,NotPlaced,66.5,80.0,83.0,1
6.5,1,1,2,81,3.8,No,No,61,63,NotPlaced,62.0,76.0,78.5,4
6.6,1,2,0,83,4.0,No,Yes,58,70,NotPlaced,64.0,80.0,81.5,3
7.5,1,2,0,84,4.5,No,No,55,66,NotPlaced,60.5,90.0,87.0,3
6.5,0,2,1,66,4.5,Yes,No,63,63,NotPlaced,63.0,90.0,78.0,3
8.4,1,3,1,80,4.6,Yes,Yes,74,81,Placed,77.5,92.0,86.0,5
7.0,1,1,1,72,3.8,No,No,55,68,NotPlaced,61.5,76.0,74.0,3
7.8,1,2,0,80,4.5,Yes,Yes,60,69,Placed,64.5,90.0,85.0,3
6.5,1,3,2,85,4.8,Yes,Yes,74,82,NotPlaced,78.0,96.0,90.5,6
8.2,1,1,1,74,4.6,Yes,No,64,67,NotPlaced,65.5,92.0,83.0,3
7.0,0,2,1,64,4.1,Yes,Yes,77,65,Placed,71.0,82.0,73.0,3
6.6,1,1,0,76,4.8,Yes,Yes,77,71,NotPlaced,74.0,96.0,86.0,2
8.3,2,3,0,90,4.8,Yes,Yes,84,86,Placed,85.0,96.0,93.0,5
6.5,1,1,1,62,3.9,No,No,57,70,NotPlaced,63.5,78.0,70.0,3
7.9,2,3,3,81,4.4,Yes,No,90,81,Placed,85.5,88.00000000000001,84.5,8
6.5,1,1,1,67,3.6,No,No,55,65,NotPlaced,60.0,72.0,69.5,3
7.5,1,1,1,75,3.9,No,No,55,65,NotPlaced,60.0,78.0,76.5,3
8.9,2,3,1,90,4.3,Yes,Yes,61,83,Placed,72.0,86.0,88.0,6
8.9,0,3,0,83,4.8,Yes,Yes,80,85,Placed,82.5,96.0,89.5,3
7.3,0,1,1,72,3.6,No,Yes,59,67,NotPlaced,63.0,72.0,72.0,2
8.4,1,2,2,86,4.8,Yes,Yes,81,87,Placed,84.0,96.0,91.0,5
7.4,1,1,0,65,3.7,No,No,65,66,NotPlaced,65.5,74.0,69.5,2
7.3,1,2,0,77,3.9,Yes,Yes,63,62,NotPlaced,62.5,78.0,77.5,3
7.5,1,1,0,69,3.9,No,Yes,55,72,NotPlaced,63.5,78.0,73.5,2
7.7,1,1,0,82,4.6,Yes,No,55,84,NotPlaced,69.5,92.0,87.0,2
7.5,1,2,2,78,4.5,Yes,Yes,66,78,NotPlaced,72.0,90.0,84.0,5
6.7,1,1,0,66,4.4,No,No,78,68,NotPlaced,73.0,88.00000000000001,77.0,2
7.6,0,1,0,70,3.5,No,Yes,64,70,NotPlaced,67.0,70.0,70.0,1
6.5,1,3,1,71,4.0,Yes,Yes,77,73,NotPlaced,75.0,80.0,75.5,5
7.6,1,1,1,73,3.9,No,Yes,64,76,NotPlaced,70.0,78.0,75.5,3
7.5,0,3,2,90,4.8,Yes,No,81,66,Placed,73.5,96.0,93.0,5
8.2,1,3,0,79,4.3,Yes,No,58,77,NotPlaced,67.5,86.0,82.5,4
7.7,0,2,1,71,4.3,Yes,Yes,60,73,NotPlaced,66.5,86.0,78.5,3
6.6,1,1,1,64,4.4,No,No,64,60,NotPlaced,62.0,88.00000000000001,76.0,3
7.9,1,3,0,81,4.5,Yes,Yes,66,74,NotPlaced,70.0,90.0,85.5,4
7.6,1,1,1,73,4.7,No,No,55,70,NotPlaced,62.5,94.0,83.5,3
7.7,2,1,3,77,3.9,Yes,Yes,65,86,NotPlaced,75.5,78.0,77.5,6
6.7,1,2,0,78,3.7,Yes,No,55,64,NotPlaced,59.5,74.0,76.0,3
8.3,2,3,2,90,4.8,Yes,Yes,85,88,Placed,86.5,96.0,93.0,7
7.5,1,1,2,75,4.0,Yes,Yes,58,64,NotPlaced,61.0,80.0,77.5,4
8.3,1,1,1,65,4.2,No,No,55,68,NotPlaced,61.5,84.00000000000001,74.5,3
8.1,1,3,2,90,4.6,Yes,Yes,81,88,Placed,84.5,92.0,91.0,6
7.7,0,2,1,66,4.3,Yes,Yes,68,67,NotPlaced,67.5,86.0,76.0,3
8.1,1,3,2,90,4.6,Yes,Yes,76,86,NotPlaced,81.0,92.0,91.0,6
8.3,1,3,0,83,4.7,No,No,63,81,NotPlaced,72.0,94.0,88.5,4
8.2,1,2,1,90,4.7,Yes,Yes,81,70,NotPlaced,75.5,94.0,92.0,4
8.2,2,3,2,90,4.8,Yes,Yes,72,88,Placed,80.0,96.0,93.0,7
8.0,1,0,2,89,4.8,Yes,Yes,90,80,Placed,85.0,96.0,92.5,3
6.6,1,1,1,85,3.4,No,No,55,66,Placed,60.5,68.0,76.5,3
8.0,1,3,0,90,4.8,Yes,No,77,84,Placed,80.5,96.0,93.0,4
8.6,1,3,2,85,4.8,Yes,Yes,77,72,Placed,74.5,96.0,90.5,6
7.9,1,3,2,90,4.8,Yes,Yes,82,80,Placed,81.0,96.0,93.0,6
7.2,0,1,1,65,3.8,No,Yes,55,59,NotPlaced,57.0,76.0,70.5,2
6.5,0,3,1,67,4.1,Yes,Yes,66,83,NotPlaced,74.5,82.0,74.5,4
7.5,1,1,0,60,3.7,No,No,55,63,NotPlaced,59.0,74.0,67.0,2
7.5,1,1,0,81,4.7,Yes,Yes,57,64,Placed,60.5,94.0,87.5,2
8.4,1,2,2,83,4.2,Yes,Yes,72,83,Placed,77.5,84.00000000000001,83.5,5
8.5,2,2,2,88,4.8,Yes,Yes,76,84,Placed,80.0,96.0,92.0,6
7.2,1,2,1,80,4.1,No,Yes,58,68,NotPlaced,63.0,82.0,81.0,4
7.4,1,1,1,65,3.6,No,No,55,61,NotPlaced,58.0,72.0,68.5,3
8.0,2,3,2,90,4.8,Yes,Yes,86,86,Placed,86.0,96.0,93.0,7
8.5,1,3,0,81,4.8,Yes,Yes,73,83,Placed,78.0,96.0,88.5,4
7.4,0,1,0,81,3.9,No,Yes,60,70,NotPlaced,65.0,78.0,79.5,1
8.5,2,3,2,90,4.8,Yes,Yes,76,86,Placed,81.0,96.0,93.0,7
8.5,1,3,0,70,3.7,Yes,Yes,71,82,NotPlaced,76.5,74.0,72.0,4
8.0,1,3,2,72,4.4,Yes,Yes,77,87,Placed,82.0,88.00000000000001,80.0,6
8.3,0,2,0,77,4.1,Yes,No,60,79,NotPlaced,69.5,82.0,79.5,2
7.8,0,2,0,82,4.3,Yes,Yes,74,67,NotPlaced,70.5,86.0,84.0,2
8.1,2,3,2,90,4.8,Yes,Yes,75,82,Placed,78.5,96.0,93.0,7
6.6,1,1,1,64,4.1,Yes,No,55,69,NotPlaced,62.0,82.0,73.0,3
7.5,1,1,1,72,4.8,No,No,58,69,NotPlaced,63.5,96.0,84.0,3
6.6,0,3,0,85,4.0,Yes,No,64,62,Placed,63.0,80.0,82.5,3
6.5,2,1,0,78,3.1,No,No,56,67,NotPlaced,61.5,62.0,70.0,3
7.5,1,2,1,72,4.8,No,Yes,55,73,NotPlaced,64.0,96.0,84.0,4
6.8,2,3,2,90,4.3,Yes,Yes,81,79,NotPlaced,80.0,86.0,88.0,7
7.3,1,2,0,74,3.6,No,Yes,77,63,NotPlaced,70.0,72.0,73.0,3
7.5,0,1,1,71,3.6,No,Yes,59,64,NotPlaced,61.5,72.0,71.5,2
8.7,1,3,2,89,4.6,Yes,Yes,69,86,Placed,77.5,92.0,90.5,6
8.2,1,3,1,78,4.0,No,Yes,58,85,Placed,71.5,80.0,79.0,5
8.1,2,3,2,77,4.8,Yes,No,78,78,NotPlaced,78.0,96.0,86.5,7
7.7,1,2,0,72,4.2,No,Yes,68,76,NotPlaced,72.0,84.00000000000001,78.0,3
7.8,1,2,0,75,4.1,No,No,76,66,NotPlaced,71.0,82.0,78.5,3
8.0,2,3,2,90,4.8,Yes,Yes,84,83,Placed,83.5,96.0,93.0,7
7.6,1,2,1,75,4.7,Yes,Yes,74,68,NotPlaced,71.0,94.0,84.5,4
8.2,2,3,0,77,3.5,Yes,Yes,75,80,NotPlaced,77.5,70.0,73.5,5
7.5,0,1,1,64,3.3,No,Yes,55,64,NotPlaced,59.5,65.99999999999999,65.0,2
8.9,2,3,2,85,4.6,Yes,Yes,75,84,Placed,79.5,92.0,88.5,7
7.4,0,2,1,81,4.0,Yes,No,66,60,NotPlaced,63.0,80.0,80.5,3
6.5,1,2,0,76,4.2,No,Yes,55,64,NotPlaced,59.5,84.00000000000001,80.0,3
6.5,0,3,2,87,4.8,Yes,No,79,64,NotPlaced,71.5,96.0,91.5,5
8.2,2,2,2,90,4.8,Yes,Yes,89,84,Placed,86.5,96.0,93.0,6
8.1,1,3,0,88,3.8,Yes,Yes,68,77,NotPlaced,72.5,76.0,82.0,4
7.2,1,2,0,70,3.6,Yes,Yes,55,71,NotPlaced,63.0,72.0,71.0,3
8.2,1,3,2,90,4.8,Yes,Yes,81,83,Placed,82.0,96.0,93.0,6
8.6,2,3,3,89,4.7,No,Yes,68,86,Placed,77.0,94.0,91.5,8
7.5,1,1,0,75,4.3,No,Yes,56,66,NotPlaced,61.0,86.0,80.5,2
7.4,1,1,0,73,4.1,No,Yes,55,67,NotPlaced,61.0,82.0,77.5,2
6.6,1,1,1,74,3.6,No,No,59,78,NotPlaced,68.5,72.0,73.0,3
7.7,1,3,3,80,4.1,Yes,Yes,78,81,NotPlaced,79.5,82.0,81.0,7
7.5,1,1,1,64,4.6,No,Yes,55,59,NotPlaced,57.0,92.0,78.0,3
7.4,1,3,2,80,4.7,Yes,Yes,74,83,Placed,78.5,94.0,87.0,6
7.5,0,2,0,74,4.0,No,Yes,68,65,NotPlaced,66.5,80.0,77.0,2
8.4,2,3,2,90,4.5,Yes,Yes,78,84,NotPlaced,81.0,90.0,90.0,7
6.8,1,1,1,89,4.6,No,Yes,56,70,NotPlaced,63.0,92.0,90.5,3
8.0,1,2,2,77,4.7,Yes,Yes,68,85,Placed,76.5,94.0,85.5,5
8.3,2,3,2,90,3.8,No,No,76,74,NotPlaced,75.0,76.0,83.0,7
8.3,2,1,1,84,3.5,Yes,Yes,55,73,NotPlaced,64.0,70.0,77.0,4
7.6,2,3,3,82,4.5,Yes,Yes,71,67,Placed,69.0,90.0,86.0,8
7.7,0,2,0,71,4.8,Yes,Yes,59,69,NotPlaced,64.0,96.0,83.5,2
8.3,1,3,2,90,4.8,Yes,Yes,78,88,Placed,83.0,96.0,93.0,6
8.7,2,1,1,63,4.0,Yes,Yes,60,65,NotPlaced,62.5,80.0,71.5,4
7.6,0,1,1,70,4.1,No,Yes,55,68,NotPlaced,61.5,82.0,76.0,2
6.8,0,2,0,70,4.2,Yes,No,55,69,NotPlaced,62.0,84.00000000000001,77.0,2
6.5,1,1,2,85,4.6,Yes,Yes,55,65,Placed,60.0,92.0,88.5,4
8.0,0,3,1,78,4.5,Yes,Yes,81,78,NotPlaced,79.5,90.0,84.0,4
7.7,2,3,2,87,4.8,Yes,Yes,57,83,NotPlaced,70.0,96.0,91.5,7
8.0,2,3,2,85,4.8,Yes,No,77,82,Placed,79.5,96.0,90.5,7
8.3,2,3,2,90,4.7,Yes,Yes,84,83,Placed,83.5,94.0,92.0,7
8.0,2,3,2,90,4.8,Yes,Yes,81,88,Placed,84.5,96.0,93.0,7
8.3,2,2,0,74,4.8,Yes,Yes,57,68,Placed,62.5,96.0,85.0,4
7.6,1,1,1,82,3.9,No,Yes,55,70,NotPlaced,62.5,78.0,80.0,3
7.5,1,2,0,67,4.1,No,No,59,67,NotPlaced,63.0,82.0,74.5,3
6.8,2,2,2,80,4.5,Yes,Yes,72,82,Placed,77.0,90.0,85.0,6
8.0,1,2,1,77,4.6,Yes,Yes,69,76,NotPlaced,72.5,92.0,84.5,4
8.3,2,3,2,90,4.8,Yes,Yes,67,88,Placed,77.5,96.0,93.0,7
7.3,1,1,0,75,3.2,No,No,57,69,NotPlaced,63.0,64.0,69.5,2
8.2,2,3,2,90,4.6,Yes,Yes,75,84,Placed,79.5,92.0,91.0,7
6.8,1,1,1,85,4.5,No,Yes,55,72,NotPlaced,63.5,90.0,87.5,3
8.5,1,2,1,80,4.0,Yes,Yes,75,67,NotPlaced,71.0,80.0,80.0,4
7.9,0,1,0,79,4.2,No,No,55,62,NotPlaced,58.5,84.00000000000001,81.5,1
7.8,2,3,2,87,4.5,Yes,Yes,75,86,NotPlaced,80.5,90.0,88.5,7
7.5,1,3,2,90,4.8,Yes,Yes,74,85,NotPlaced,79.5,96.0,93.0,6
6.5,1,1,0,69,3.7,No,Yes,79,67,NotPlaced,73.0,74.0,71.5,2
8.3,2,2,1,80,4.8,Yes,Yes,79,84,Placed,81.5,96.0,88.0,5
7.5,0,1,1,77,4.4,Yes,Yes,55,84,Placed,69.5,88.00000000000001,82.5,2
7.8,2,3,0,86,4.8,Yes,No,74,82,Placed,78.0,96.0,91.0,5
8.4,1,2,1,83,3.7,No,Yes,55,66,NotPlaced,60.5,74.0,78.5,4
8.5,0,3,2,90,4.8,Yes,Yes,74,86,Placed,80.0,96.0,93.0,5
6.5,0,1,1,76,4.2,No,Yes,57,68,NotPlaced,62.5,84.00000000000001,80.0,2
8.4,1,1,0,72,3.5,No,No,57,64,NotPlaced,60.5,70.0,71.0,2
6.5,0,1,2,77,3.6,No,Yes,73,82,Placed,77.5,72.0,74.5,3
7.6,1,2,0,90,4.8,Yes,Yes,55,81,NotPlaced,68.0,96.0,93.0,3
8.5,0,3,1,85,3.8,Yes,Yes,73,84,Placed,78.5,76.0,80.5,4
7.5,0,2,0,62,4.3,No,Yes,81,69,NotPlaced,75.0,86.0,74.0,2
7.4,0,1,1,83,3.8,No,No,55,72,NotPlaced,63.5,76.0,79.5,2
7.5,1,2,1,74,3.8,Yes,Yes,77,84,NotPlaced,80.5,76.0,75.0,4
8.5,2,2,0,83,4.7,No,Yes,76,84,NotPlaced,80.0,94.0,88.5,4
8.2,2,3,2,90,4.6,Yes,Yes,83,88,Placed,85.5,92.0,91.0,7
6.5,1,2,0,68,3.7,No,Yes,58,65,NotPlaced,61.5,74.0,71.0,3
7.4,2,3,0,80,4.5,Yes,Yes,77,87,Placed,82.0,90.0,85.0,5
7.5,2,3,2,87,4.7,Yes,Yes,86,83,Placed,84.5,94.0,90.5,7
7.6,2,3,1,79,4.8,No,Yes,67,85,Placed,76.0,96.0,87.5,6
7.8,1,3,2,82,4.2,No,Yes,85,69,Placed,77.0,84.00000000000001,83.0,6
7.6,1,2,0,71,4.6,No,Yes,55,68,NotPlaced,61.5,92.0,81.5,3
7.5,1,1,0,79,3.2,No,No,57,66,NotPlaced,61.5,64.0,71.5,2
8.0,1,3,2,84,4.3,Yes,Yes,76,78,Placed,77.0,86.0,85.0,6
8.4,2,3,2,84,4.8,Yes,Yes,60,84,Placed,72.0,96.0,90.0,7
6.7,1,1,0,76,3.8,Yes,Yes,60,67,NotPlaced,63.5,76.0,76.0,2
7.8,1,1,0,78,4.0,No,No,66,75,NotPlaced,70.5,80.0,79.0,2
6.8,0,2,2,80,4.5,No,Yes,63,66,NotPlaced,64.5,90.0,85.0,4
8.2,0,2,2,79,4.5,Yes,Yes,55,86,NotPlaced,70.5,90.0,84.5,4
7.8,1,2,0,73,3.5,No,Yes,63,67,NotPlaced,65.0,70.0,71.5,3
8.2,0,3,2,90,4.7,Yes,Yes,76,85,Placed,80.5,94.0,92.0,5
7.4,1,2,1,75,4.0,No,Yes,56,68,NotPlaced,62.0,80.0,77.5,4
7.7,1,3,1,72,4.5,Yes,Yes,67,85,Placed,76.0,90.0,81.0,5
6.5,1,2,0,77,4.0,No,Yes,55,87,NotPlaced,71.0,80.0,78.5,3
8.3,1,2,0,65,4.1,Yes,Yes,71,62,Placed,66.5,82.0,73.5,3
7.8,2,3,0,88,4.5,No,Yes,74,69,Placed,71.5,90.0,89.0,5
8.1,1,1,1,70,4.6,No,No,62,67,NotPlaced,64.5,92.0,81.0,3
8.4,2,3,1,84,4.3,Yes,Yes,81,87,NotPlaced,84.0,86.0,85.0,6
6.5,1,1,0,65,3.6,No,Yes,56,63,NotPlaced,59.5,72.0,68.5,2
7.5,0,1,1,73,4.6,Yes,Yes,56,62,NotPlaced,59.0,92.0,82.5,2
8.1,0,1,2,80,4.3,Yes,Yes,81,86,NotPlaced,83.5,86.0,83.0,3
7.6,1,2,2,79,4.2,No,Yes,64,68,NotPlaced,66.0,84.00000000000001,81.5,5
6.5,1,1,1,76,4.0,No,No,55,65,NotPlaced,60.0,80.0,78.0,3
8.3,2,3,2,90,4.8,Yes,Yes,80,84,Placed,82.0,96.0,93.0,7
7.6,1,2,0,76,4.0,No,Yes,55,67,NotPlaced,61.0,80.0,78.0,3
8.7,2,1,2,85,4.8,Yes,Yes,84,68,Placed,76.0,96.0,90.5,5
8.1,1,2,0,78,4.3,Yes,Yes,71,83,NotPlaced,77.0,86.0,82.0,3
8.1,2,3,2,90,4.7,Yes,Yes,74,82,Placed,78.0,94.0,92.0,7
8.2,1,3,2,70,4.6,Yes,Yes,70,88,Placed,79.0,92.0,81.0,6
8.5,1,3,2,88,4.6,Yes,Yes,73,84,NotPlaced,78.5,92.0,90.0,6
8.5,1,3,0,90,4.3,Yes,Yes,80,83,Placed,81.5,86.0,88.0,4
8.4,1,3,2,82,4.6,Yes,Yes,72,83,Placed,77.5,92.0,87.0,6
7.9,2,3,0,84,4.7,No,Yes,70,69,NotPlaced,69.5,94.0,89.0,5
8.7,2,3,2,83,4.8,Yes,Yes,88,80,NotPlaced,84.0,96.0,89.5,7
7.6,2,1,2,88,4.6,Yes,Yes,70,87,Placed,78.5,92.0,90.0,5
8.3,2,2,2,90,4.6,Yes,Yes,75,86,NotPlaced,80.5,92.0,91.0,6
6.6,0,1,0,74,4.3,Yes,No,80,82,Placed,81.0,86.0,80.0,1
8.3,2,3,3,90,4.8,Yes,Yes,84,84,Placed,84.0,96.0,93.0,8
7.4,1,2,0,70,4.3,No,Yes,55,71,NotPlaced,63.0,86.0,78.0,3
7.6,1,2,0,77,4.2,Yes,Yes,55,82,NotPlaced,68.5,84.00000000000001,80.5,3
7.5,2,1,1,82,4.7,No,Yes,76,59,Placed,67.5,94.0,88.0,4
7.3,1,3,2,75,4.2,Yes,Yes,72,84,NotPlaced,78.0,84.00000000000001,79.5,6
7.5,1,1,0,64,3.8,Yes,No,62,63,NotPlaced,62.5,76.0,70.0,2
7.9,1,1,1,79,4.0,Yes,Yes,81,64,NotPlaced,72.5,80.0,79.5,3
7.3,0,2,1,69,4.1,No,Yes,63,67,NotPlaced,65.0,82.0,75.5,3
8.3,0,1,1,80,4.3,Yes,No,63,69,NotPlaced,66.0,86.0,83.0,2
7.6,1,3,1,74,4.0,Yes,Yes,72,81,NotPlaced,76.5,80.0,77.0,5
8.2,1,3,1,69,3.8,No,Yes,55,85,NotPlaced,70.0,76.0,72.5,5
6.5,1,1,0,82,4.1,No,Yes,64,65,NotPlaced,64.5,82.0,82.0,2
8.3,2,3,2,90,4.8,Yes,Yes,82,84,Placed,83.0,96.0,93.0,7
8.5,1,3,2,83,4.4,Yes,Yes,84,83,Placed,83.5,88.00000000000001,85.5,6
7.4,1,1,0,78,3.9,No,Yes,58,63,NotPlaced,60.5,78.0,78.0,2
7.9,1,2,0,83,4.5,No,Yes,78,75,Placed,76.5,90.0,86.5,3
8.7,0,3,0,85,4.8,Yes,Yes,80,84,Placed,82.0,96.0,90.5,3
7.6,1,2,0,65,3.3,No,Yes,58,64,NotPlaced,61.0,65.99999999999999,65.5,3
6.6,1,2,0,71,4.4,Yes,Yes,69,68,NotPlaced,68.5,88.00000000000001,79.5,3
7.8,1,2,0,80,4.8,Yes,Yes,86,83,Placed,84.5,96.0,88.0,3
8.2,1,3,2,85,4.6,Yes,Yes,71,83,Placed,77.0,92.0,88.5,6
6.5,1,2,1,63,3.0,No,No,55,61,NotPlaced,58.0,60.0,61.5,4
7.4,1,1,2,69,4.5,No,Yes,57,70,NotPlaced,63.5,90.0,79.5,4
8.4,1,2,2,81,4.6,Yes,Yes,68,81,NotPlaced,74.5,92.0,86.5,5
8.6,1,1,1,78,4.3,Yes,Yes,69,84,NotPlaced,76.5,86.0,82.0,3
7.8,1,1,1,71,3.8,No,Yes,62,68,NotPlaced,65.0,76.0,73.5,3
8.1,2,2,2,90,4.8,Yes,Yes,80,70,Placed,75.0,96.0,93.0,6
8.2,2,3,1,83,4.3,No,Yes,57,62,Placed,59.5,86.0,84.5,6
7.0,1,2,1,67,3.4,No,Yes,56,64,NotPlaced,60.0,68.0,67.5,4
6.6,1,1,1,70,4.1,Yes,Yes,56,75,NotPlaced,65.5,82.0,76.0,3
7.5,0,1,1,68,3.6,Yes,Yes,55,65,NotPlaced,60.0,72.0,70.0,2
7.7,0,2,1,64,4.4,Yes,Yes,71,70,NotPlaced,70.5,88.00000000000001,76.0,3
7.8,1,1,1,78,3.7,No,Yes,60,67,NotPlaced,63.5,74.0,76.0,3
6.9,1,1,0,71,3.8,No,Yes,55,70,NotPlaced,62.5,76.0,73.5,2
8.0,1,2,2,90,4.3,Yes,Yes,73,64,Placed,68.5,86.0,88.0,5
6.8,1,1,1,66,4.1,No,No,55,78,NotPlaced,66.5,82.0,74.0,3
8.1,2,3,2,90,4.8,Yes,Yes,74,86,Placed,80.0,96.0,93.0,7
8.4,2,3,2,90,4.8,Yes,Yes,79,85,Placed,82.0,96.0,93.0,7
6.5,0,1,0,74,4.4,Yes,Yes,72,64,NotPlaced,68.0,88.00000000000001,81.0,1
8.1,2,1,0,83,4.1,No,No,63,66,NotPlaced,64.5,82.0,82.5,3
8.0,1,3,1,79,3.9,Yes,Yes,84,79,Placed,81.5,78.0,78.5,5
7.5,1,1,0,73,4.4,Yes,Yes,64,64,NotPlaced,64.0,88.00000000000001,80.5,2
8.2,2,3,2,90,4.4,Yes,Yes,73,85,Placed,79.0,88.00000000000001,89.0,7
7.7,0,1,1,64,4.4,Yes,Yes,73,60,NotPlaced,66.5,88.00000000000001,76.0,2
8.3,1,1,0,70,4.1,No,Yes,69,76,NotPlaced,72.5,82.0,76.0,2
6.9,1,3,0,73,4.5,No,No,56,86,NotPlaced,71.0,90.0,81.5,4
7.3,1,1,0,60,4.5,No,No,58,60,NotPlaced,59.0,90.0,75.0,2
6.5,2,1,0,65,3.3,No,No,55,70,NotPlaced,62.5,65.99999999999999,65.5,3
7.5,1,3,1,87,4.5,Yes,Yes,57,84,Placed,70.5,90.0,88.5,5
6.8,0,2,1,90,4.8,No,Yes,55,87,NotPlaced,71.0,96.0,93.0,3
8.3,1,3,2,90,4.8,Yes,Yes,82,84,Placed,83.0,96.0,93.0,6
7.8,0,3,2,85,4.6,Yes,Yes,75,81,NotPlaced,78.0,92.0,88.5,5
8.2,1,2,2,82,4.3,Yes,Yes,59,72,NotPlaced,65.5,86.0,84.0,5
8.5,1,3,0,85,4.2,Yes,No,79,85,NotPlaced,82.0,84.00000000000001,84.5,4
8.2,0,3,1,90,3.8,Yes,Yes,76,77,NotPlaced,76.5,76.0,83.0,4
7.1,0,1,0,76,3.9,No,No,64,69,NotPlaced,66.5,78.0,77.0,1
8.4,2,3,2,90,4.8,Yes,Yes,85,87,Placed,86.0,96.0,93.0,7
7.7,1,2,1,68,4.2,No,Yes,55,85,NotPlaced,70.0,84.00000000000001,76.0,4
7.6,2,1,1,65,4.4,No,Yes,55,68,NotPlaced,61.5,88.00000000000001,76.5,4
7.9,2,3,2,90,4.6,Yes,Yes,83,80,Placed,81.5,92.0,91.0,7
8.0,2,3,2,88,4.8,Yes,Yes,71,83,Placed,77.0,96.0,92.0,7
8.3,2,3,2,90,4.8,Yes,Yes,82,88,Placed,85.0,96.0,93.0,7
7.2,1,2,2,84,4.8,Yes,Yes,80,79,Placed,79.5,96.0,90.0,5
8.3,2,3,2,90,4.7,Yes,Yes,79,73,Placed,76.0,94.0,92.0,7
8.6,1,2,0,87,4.3,Yes,Yes,69,69,NotPlaced,69.0,86.0,86.5,3
7.8,1,1,0,76,3.9,No,Yes,57,64,NotPlaced,60.5,78.0,77.0,2
7.7,0,2,2,90,4.8,Yes,Yes,60,87,Placed,73.5,96.0,93.0,4
6.6,2,1,0,60,4.1,Yes,No,61,66,NotPlaced,63.5,82.0,71.0,3
8.5,1,3,2,90,4.8,Yes,Yes,81,84,Placed,82.5,96.0,93.0,6
8.5,2,3,2,90,4.8,Yes,Yes,81,80,Placed,80.5,96.0,93.0,7
7.5,0,2,1,66,3.9,No,Yes,55,61,NotPlaced,58.0,78.0,72.0,3
7.7,1,2,0,82,4.2,Yes,Yes,84,70,Placed,77.0,84.00000000000001,83.0,3
7.3,1,2,1,81,4.0,No,Yes,64,85,NotPlaced,74.5,80.0,80.5,4
8.3,2,3,0,90,4.6,Yes,No,78,79,Placed,78.5,92.0,91.0,5
7.4,0,3,1,90,3.8,No,Yes,82,68,NotPlaced,75.0,76.0,83.0,4
8.4,2,3,1,84,4.5,Yes,Yes,84,87,Placed,85.5,90.0,87.0,6
8.0,2,1,2,78,4.4,Yes,Yes,75,72,Placed,73.5,88.00000000000001,83.0,5
6.6,1,1,1,71,4.5,No,Yes,55,73,NotPlaced,64.0,90.0,80.5,3
7.8,2,2,2,80,4.8,Yes,Yes,79,69,NotPlaced,74.0,96.0,88.0,6
7.5,1,1,2,72,3.9,Yes,No,85,66,NotPlaced,75.5,78.0,75.0,4
7.4,0,1,0,90,4.8,No,No,84,67,Placed,75.5,96.0,93.0,1
8.4,1,3,0,70,4.8,Yes,Yes,79,81,Placed,80.0,96.0,83.0,4
8.9,0,3,2,87,4.8,Yes,Yes,71,85,Placed,78.0,96.0,91.5,5
8.4,0,1,1,66,3.8,No,No,62,66,NotPlaced,64.0,76.0,71.0,2
